<step title="Incoming Request" date="2025-04-07T13:59:44.443" instance="e8ad92" url="/api/publish?type=zip" method="POST" type="request" pid="7768,2,8" Cache-Control="no-cache" Connection="Keep-Alive" Content-Length="32439134" Content-Type="application/octet-stream" Accept="*/*" Accept-Encoding="gzip, deflate" Authorization="Bas..." Host="itrackerapp.scm.azurewebsites.net" User-Agent="AZURECLI/2.70.0 (HOMEBREW)" x-ms-client-request-id="881d7f5e-13b8-11f0-971d-56d77f9ecf73" X-ARR-LOG-ID="881d7f5e-13b8-11f0-971d-56d77f9ecf73" CLIENT-IP="103.93.198.139:63466" X-SITE-DEPLOYMENT-ID="iTrackerApp" WAS-DEFAULT-HOSTNAME="itrackerapp.scm.azurewebsites.net" X-Forwarded-Proto="https" X-AppService-Proto="https" X-Forwarded-TlsVersion="1.3" X-WAWS-Unencoded-URL="/api/publish?type=zip" X-MS-COLDSTART="1" >
  <step title="OneDeploy" date="2025-04-07T13:59:45.430" >
    <step title="Starting PushDeployAsync" date="2025-04-07T13:59:45.537" /><!-- duration: 0ms -->
    <step title="Updating shutdown sentinel last write time" date="2025-04-07T13:59:45.709" SemaphoreCount="7" /><!-- duration: 0ms -->
    <step title="LockFile &apos;C:\home\site\locks\deployments.lock&apos; acquired" date="2025-04-07T13:59:45.724" /><!-- duration: 0ms -->
    <step title="Saving request content to C:\local\Temp\zipdeploy\5wkarmjv.zip" date="2025-04-07T13:59:45.755" >
      <step title="Total 32,439,134 bytes written to C:\local\Temp\zipdeploy\5wkarmjv.zip" date="2025-04-07T13:59:51.373" /><!-- duration: 0ms -->
    </step><!-- duration: 5617ms -->
    <step title="LockFile &apos;C:\home\site\locks\deployments.lock&apos; released" date="2025-04-07T13:59:51.373" /><!-- duration: 16ms -->
    <step title="Deleting shutdown sentinel file" date="2025-04-07T13:59:51.389" SemaphoreCount="8" /><!-- duration: 0ms -->
    <step title="Starting FetchDeploy" date="2025-04-07T13:59:51.405" /><!-- duration: 0ms -->
    <step title="Attempting to fetch target branch HEAD" date="2025-04-07T13:59:51.405" /><!-- duration: 16ms -->
    <step title="Updating shutdown sentinel last write time" date="2025-04-07T13:59:51.470" SemaphoreCount="7" /><!-- duration: 13ms -->
    <step title="LockFile &apos;C:\home\site\locks\deployments.lock&apos; acquired" date="2025-04-07T13:59:51.483" /><!-- duration: 0ms -->
    <step title="Performing fetch based deployment" date="2025-04-07T13:59:51.499" >
      <step title="Creating temporary deployment" date="2025-04-07T13:59:51.518" /><!-- duration: 59ms -->
      <step title="Fetching changes." date="2025-04-07T13:59:51.719" /><!-- duration: 0ms -->
      <step title="Starting LocalZipHandler" date="2025-04-07T13:59:51.738" /><!-- duration: 11ms -->
      <step title="Starting LocalZipFetch" date="2025-04-07T13:59:51.767" /><!-- duration: 0ms -->
      <step title="Cleaning up temp folders from previous zip deployments and extracting pushed zip file C:\local\Temp\zipdeploy\5wkarmjv.zip (30.94 MB) to C:\local\Temp\zipdeploy\extracted" date="2025-04-07T13:59:51.780" /><!-- duration: 0ms -->
      <step title="Cleaning up temp folders from previous zip deployments and extracting pushed zip file C:\local\Temp\zipdeploy\5wkarmjv.zip (30.94 MB) to C:\local\Temp\zipdeploy\extracted" date="2025-04-07T13:59:51.780" >
        <step title="Extracting 574 entries to C:\local\Temp\zipdeploy\extracted directory" date="2025-04-07T13:59:51.816" >
          <step title="Extracting to C:\local\Temp\zipdeploy\extracted\Infrastructure.dll ..." date="2025-04-07T13:59:51.827" /><!-- duration: 17ms -->
          <step title="Extracting to C:\local\Temp\zipdeploy\extracted\Azure.Storage.Common.dll ..." date="2025-04-07T13:59:51.844" /><!-- duration: 29ms -->
          <step title="Extracting to C:\local\Temp\zipdeploy\extracted\zh-Hans\Microsoft.CodeAnalysis.resources.dll ..." date="2025-04-07T13:59:51.874" /><!-- duration: 0ms -->
          <step title="Extracting to C:\local\Temp\zipdeploy\extracted\zh-Hans\Microsoft.CodeAnalysis.CSharp.Workspaces.resources.dll ..." date="2025-04-07T13:59:51.890" /><!-- duration: 0ms -->
          <step title="Extracting to C:\local\Temp\zipdeploy\extracted\zh-Hans\Microsoft.CodeAnalysis.CSharp.resources.dll ..." date="2025-04-07T13:59:51.890" /><!-- duration: 16ms -->
          <step title="Omitting extracting file traces ..." date="2025-04-07T13:59:51.921" /><!-- duration: 0ms -->
        </step><!-- duration: 5642ms -->
      </step><!-- duration: 5688ms -->
      <step title="None repository commit" date="2025-04-07T13:59:57.468" >
        <step title="Commit id: 8591edfa375446b681966f97139146b7" date="2025-04-07T13:59:57.468" Message="OneDeploy" AuthorName="N/A" AuthorEmail="N/A" /><!-- duration: 0ms -->
      </step><!-- duration: 16ms -->
      <step title="Before sending BuildRequestReceived status to /api/updatedeploystatus" date="2025-04-07T13:59:57.483" /><!-- duration: 0ms -->
      <step title="DeploymentManager.Deploy(id:8591edfa375446b681966f97139146b7)" date="2025-04-07T13:59:57.499" >
        <step title="Collecting changeset information" date="2025-04-07T13:59:57.516" /><!-- duration: 46ms -->
        <step title="Updating submodules" date="2025-04-07T13:59:57.577" >
          <step title="Updating submodules." date="2025-04-07T13:59:57.640" /><!-- duration: 0ms -->
        </step><!-- duration: 78ms -->
        <step title="Preparing deployment for commit id &apos;8591edfa37&apos;." date="2025-04-07T13:59:57.734" /><!-- duration: 15ms -->
        <step title="Determining deployment builder" date="2025-04-07T13:59:57.796" >
          <step title="Builder is OneDeployBuilder" date="2025-04-07T13:59:57.812" /><!-- duration: 0ms -->
        </step><!-- duration: 34ms -->
        <step title="Copying SSH keys" date="2025-04-07T13:59:57.859" /><!-- duration: 20ms -->
        <step title="Building" date="2025-04-07T13:59:57.890" >
          <step title="Running build. Project type: OneDeploy" date="2025-04-07T13:59:57.921" /><!-- duration: 16ms -->
          <step title="Copying the manifest" date="2025-04-07T13:59:58.035" /><!-- duration: 0ms -->
          <step title="Clean deploying to C:\home\site\wwwroot" date="2025-04-07T13:59:58.140" /><!-- duration: 0ms -->
          <step title="Generating deployment script." date="2025-04-07T13:59:58.218" /><!-- duration: 16ms -->
          <step title="Generating deployment script" date="2025-04-07T13:59:58.249" >
            <step title="Using cached version of the deployment script for command: -y --no-dot-deployment -r &quot;C:\local\Temp\zipdeploy\extracted&quot; -o &quot;C:\home\site\deployments\tools&quot; --basic --sitePath &quot;C:\local\Temp\zipdeploy\extracted&quot;" date="2025-04-07T13:59:58.327" /><!-- duration: 0ms -->
            <step title="Using cached version of deployment script (command: &apos;azure -y --no-dot-deployment -r &quot;C:\local\Temp\zipdeploy\extracted&quot; -o &quot;C:\home\site\deployments\tools&quot; --basic --sitePath &quot;C:\local\Temp\zipdeploy\extracted&quot;&apos;)." date="2025-04-07T13:59:58.358" /><!-- duration: 0ms -->
          </step><!-- duration: 125ms -->
          <step title="Running deployment command..." date="2025-04-07T13:59:58.421" /><!-- duration: 0ms -->
          <step title="Command: &quot;C:\home\site\deployments\tools\deploy.cmd&quot;" date="2025-04-07T13:59:58.421" /><!-- duration: 16ms -->
          <step title="Executing external process" date="2025-04-07T13:59:58.468" type="process" path="starter.cmd" arguments="&quot;C:\home\site\deployments\tools\deploy.cmd&quot;" >
            <step title="Handling Basic Web Site deployment." date="2025-04-07T13:59:59.046" /><!-- duration: 0ms -->
            <step title="Creating app_offline.htm" date="2025-04-07T14:00:02.064" >
            <step title="Error: Failed to change file that is currently being used &quot;C:\home\site\wwwroot\Logs\log20250407.txt&quot;" date="2025-04-07T14:00:02.064" /><!-- duration: 0ms -->
/><!-- duration: 17ms -->
            <step title="KuduSync.NET from: &apos;C:\local\Temp\zipdeploy\extracted&apos; to: &apos;C:\home\site\wwwroot&apos;" date="2025-04-07T14:00:02.101" /><!-- duration: 0ms -->
            <step title="Deleting file: &apos;Logs\log20250407.txt&apos;" date="2025-04-07T14:00:02.130" /><!-- duration: 13ms -->
            <step title="Failed exitCode=1, command=&quot;kudusync&quot; -v 50 -x -f &quot;C:\local\Temp\zipdeploy\extracted&quot; -t &quot;C:\home\site\wwwroot&quot; -n &quot;C:\local\Temp\tmpBACE.tmp&quot; -p &quot;C:\local\Temp\tmpBACE.tmp&quot; -i &quot;.git;.hg;.deployment;deploy.cmd&quot;" date="2025-04-07T14:00:02.159" /><!-- duration: 19ms -->
            <step title="An error has occurred during web site deployment." date="2025-04-07T14:00:02.189" /><!-- duration: 0ms -->
            <step title="Process dump" date="2025-04-07T14:00:02.256" exitCode="255" type="processOutput" /><!-- duration: 11ms -->
          </step><!-- duration: 3800ms -->
          <step title="Error: Failed to change file that is currently being used &quot;C:\home\site\wwwroot\Logs\log20250407.txt&quot;
C:\Program Files (x86)\SiteExtensions\Kudu\103.110221.001\bin\Scripts\starter.cmd &quot;C:\home\site\deployments\tools\deploy.cmd&quot; DEPLOYMENTINFO: deploymentPath = OneDeploy, deployer = OneDeploy, os = windows, sku = Basic, siteName = iTrackerApp, siteHostName = itrackerapp.azurewebsites.net, deploymentStatus = Error" date="2025-04-07T14:00:02.286" /><!-- duration: 13ms -->
          <step title="Error occurred" date="2025-04-07T14:00:02.330" type="error" text="Error: Failed to change file that is currently being used &quot;C:\home\site\wwwroot\Logs\log20250407.txt&quot;
C:\Program Files (x86)\SiteExtensions\Kudu\103.110221.001\bin\Scripts\starter.cmd &quot;C:\home\site\deployments\tools\deploy.cmd&quot;" stackTrace="   at Kudu.Core.Infrastructure.Executable.ExecuteInternal(ITracer tracer, Func`2 onWriteOutput, Func`2 onWriteError, Encoding encoding, String arguments, Object[] args)
   at Kudu.Core.Infrastructure.Executable.ExecuteWithProgressWriter(ILogger logger, ITracer tracer, String arguments, Object[] args)
   at Kudu.Core.Deployment.Generator.ExternalCommandBuilder.RunCommand(DeploymentContext context, String command, Boolean ignoreManifest, String message)" /><!-- duration: 0ms -->
          <step title="Build completed succesfully." date="2025-04-07T14:00:02.426" /><!-- duration: 19ms -->
          <step title="Running post deployment command(s)..." date="2025-04-07T14:00:02.521" /><!-- duration: 0ms -->
          <step title="Requesting site restart" date="2025-04-07T14:00:02.705" /><!-- duration: 0ms -->
          <step title="Requesting site restart" date="2025-04-07T14:00:02.721" /><!-- duration: 0ms -->
          <step title="Requesting site restart. Attempt #1" date="2025-04-07T14:00:02.863" /><!-- duration: 0ms -->
          <step title="Requesting site restart. Attempt #1" date="2025-04-07T14:00:02.877" /><!-- duration: 18ms -->
          <step title="Successfully requested a restart. Attempt #1" date="2025-04-07T14:00:03.456" /><!-- duration: 19ms -->
          <step title="Successfully requested a restart. Attempt #1" date="2025-04-07T14:00:03.486" /><!-- duration: 0ms -->
          <step title="Deployment successful. DEPLOYMENTINFO: deploymentPath = OneDeploy, deployer = OneDeploy, os = windows, sku = Basic, siteName = iTrackerApp, siteHostName = itrackerapp.azurewebsites.net, deploymentStatus = Success" date="2025-04-07T14:00:03.552" /><!-- duration: 12ms -->
          <step title="Purge deployment items" date="2025-04-07T14:00:03.864" >
            <step title="Remove 8918b520c, Success, received at 4/7/2025 9:28:10 AM" date="2025-04-07T14:00:03.989" /><!-- duration: 13ms -->
          </step><!-- duration: 154ms -->
        </step><!-- duration: 6190ms -->
      </step><!-- duration: 6581ms -->
      <step title="Cleaning up temp files" date="2025-04-07T14:00:04.096" /><!-- duration: 0ms -->
      <step title="Skip function trigger and logicapp sync because function is not enabled." date="2025-04-07T14:00:04.127" /><!-- duration: 0ms -->
    </step><!-- duration: 12739ms -->
    <step title="LockFile &apos;C:\home\site\locks\deployments.lock&apos; released" date="2025-04-07T14:00:04.267" /><!-- duration: 0ms -->
    <step title="Deleting shutdown sentinel file" date="2025-04-07T14:00:04.283" SemaphoreCount="8" /><!-- duration: 18ms -->
  </step><!-- duration: 18871ms -->
  <step title="Outgoing response" date="2025-04-07T14:00:04.424" type="response" statusCode="200" statusText="OK" Server="Microsoft-IIS/10.0" x-ms-request-id="881d7f5e-13b8-11f0-971d-56d77f9ecf73" Cache-Control="private" X-AspNet-Version="4.0.30319" /><!-- duration: 0ms -->
</step><!-- duration: 19998ms -->
