<step title="Incoming Request" date="2025-04-03T16:04:00.269" instance="e8ad92" url="/api/publish?type=zip" method="POST" type="request" pid="6944,2,24" Cache-Control="no-cache" Content-Length="29324131" Content-Type="application/octet-stream" Accept="*/*" Accept-Encoding="gzip, deflate" Authorization="Bas..." Host="itrackerapp.scm.azurewebsites.net" User-Agent="AZURECLI/2.70.0 (HOMEBREW)" x-ms-client-request-id="3d7781c2-10a5-11f0-8f76-56d77f9ecf73" X-ARR-LOG-ID="3d7781c2-10a5-11f0-8f76-56d77f9ecf73" CLIENT-IP="103.93.198.139:51818" X-SITE-DEPLOYMENT-ID="iTrackerApp" WAS-DEFAULT-HOSTNAME="itrackerapp.scm.azurewebsites.net" X-Forwarded-Proto="https" X-AppService-Proto="https" X-Forwarded-TlsVersion="1.3" X-WAWS-Unencoded-URL="/api/publish?type=zip" >
  <step title="Cleanup Xml Logs" date="2025-04-03T16:04:00.269" /><!-- duration: 0ms -->
  <step title="OneDeploy" date="2025-04-03T16:04:00.601" >
    <step title="Starting PushDeployAsync" date="2025-04-03T16:04:00.617" /><!-- duration: 0ms -->
    <step title="Updating shutdown sentinel last write time" date="2025-04-03T16:04:00.648" SemaphoreCount="7" /><!-- duration: 0ms -->
    <step title="LockFile &apos;C:\home\site\locks\deployments.lock&apos; acquired" date="2025-04-03T16:04:00.679" /><!-- duration: 0ms -->
    <step title="Saving request content to C:\local\Temp\zipdeploy\iivcu2tc.zip" date="2025-04-03T16:04:00.679" >
      <step title="Total 29,324,131 bytes written to C:\local\Temp\zipdeploy\iivcu2tc.zip" date="2025-04-03T16:04:21.375" /><!-- duration: 11ms -->
    </step><!-- duration: 20707ms -->
    <step title="LockFile &apos;C:\home\site\locks\deployments.lock&apos; released" date="2025-04-03T16:04:21.386" /><!-- duration: 0ms -->
    <step title="Deleting shutdown sentinel file" date="2025-04-03T16:04:21.402" SemaphoreCount="8" /><!-- duration: 16ms -->
    <step title="Starting FetchDeploy" date="2025-04-03T16:04:21.417" /><!-- duration: 0ms -->
    <step title="Attempting to fetch target branch HEAD" date="2025-04-03T16:04:21.433" /><!-- duration: 0ms -->
    <step title="Updating shutdown sentinel last write time" date="2025-04-03T16:04:21.433" SemaphoreCount="7" /><!-- duration: 0ms -->
    <step title="LockFile &apos;C:\home\site\locks\deployments.lock&apos; acquired" date="2025-04-03T16:04:21.449" /><!-- duration: 0ms -->
    <step title="Performing fetch based deployment" date="2025-04-03T16:04:21.464" >
      <step title="Creating temporary deployment" date="2025-04-03T16:04:21.464" /><!-- duration: 31ms -->
      <step title="Fetching changes." date="2025-04-03T16:04:21.558" /><!-- duration: 0ms -->
      <step title="Starting LocalZipHandler" date="2025-04-03T16:04:21.558" /><!-- duration: 0ms -->
      <step title="Starting LocalZipFetch" date="2025-04-03T16:04:21.574" /><!-- duration: 0ms -->
      <step title="Cleaning up temp folders from previous zip deployments and extracting pushed zip file C:\local\Temp\zipdeploy\iivcu2tc.zip (27.97 MB) to C:\local\Temp\zipdeploy\extracted" date="2025-04-03T16:04:21.574" /><!-- duration: 0ms -->
      <step title="Cleaning up temp folders from previous zip deployments and extracting pushed zip file C:\local\Temp\zipdeploy\iivcu2tc.zip (27.97 MB) to C:\local\Temp\zipdeploy\extracted" date="2025-04-03T16:04:21.589" >
        <step title="Renaming extractTargetDirectory(C:\local\Temp\zipdeploy\extracted) to tempDirectory(C:\local\Temp\zipdeploy\szof3dst.tkw)" date="2025-04-03T16:04:21.589" /><!-- duration: 16ms -->
        <step title="Extracting 449 entries to C:\local\Temp\zipdeploy\extracted directory" date="2025-04-03T16:04:21.623" >
          <step title="Extracting to C:\local\Temp\zipdeploy\extracted\Infrastructure.dll ..." date="2025-04-03T16:04:21.623" /><!-- duration: 29ms -->
          <step title="Extracting to C:\local\Temp\zipdeploy\extracted\Azure.Storage.Common.dll ..." date="2025-04-03T16:04:21.652" /><!-- duration: 15ms -->
          <step title="Extracting to C:\local\Temp\zipdeploy\extracted\zh-Hans\Microsoft.CodeAnalysis.resources.dll ..." date="2025-04-03T16:04:21.683" /><!-- duration: 0ms -->
          <step title="Extracting to C:\local\Temp\zipdeploy\extracted\zh-Hans\Microsoft.CodeAnalysis.CSharp.Workspaces.resources.dll ..." date="2025-04-03T16:04:21.683" /><!-- duration: 0ms -->
          <step title="Extracting to C:\local\Temp\zipdeploy\extracted\zh-Hans\Microsoft.CodeAnalysis.CSharp.resources.dll ..." date="2025-04-03T16:04:21.683" /><!-- duration: 16ms -->
          <step title="Omitting extracting file traces ..." date="2025-04-03T16:04:21.714" /><!-- duration: 0ms -->
        </step><!-- duration: 5391ms -->
      </step><!-- duration: 5455ms -->
      <step title="None repository commit" date="2025-04-03T16:04:27.044" >
        <step title="Commit id: 40192d5c980a4e06b3b40d43848f950d" date="2025-04-03T16:04:27.058" Message="OneDeploy" AuthorName="N/A" AuthorEmail="N/A" /><!-- duration: 15ms -->
      </step><!-- duration: 30ms -->
      <step title="Before sending BuildRequestReceived status to /api/updatedeploystatus" date="2025-04-03T16:04:27.093" /><!-- duration: 0ms -->
      <step title="DeploymentManager.Deploy(id:40192d5c980a4e06b3b40d43848f950d)" date="2025-04-03T16:04:27.105" >
        <step title="Collecting changeset information" date="2025-04-03T16:04:27.122" /><!-- duration: 77ms -->
        <step title="Updating submodules" date="2025-04-03T16:04:27.199" >
          <step title="Updating submodules." date="2025-04-03T16:04:27.265" /><!-- duration: 0ms -->
        </step><!-- duration: 78ms -->
        <step title="Preparing deployment for commit id &apos;40192d5c98&apos;." date="2025-04-03T16:04:27.371" /><!-- duration: 0ms -->
        <step title="Determining deployment builder" date="2025-04-03T16:04:27.513" >
          <step title="Builder is OneDeployBuilder" date="2025-04-03T16:04:27.513" /><!-- duration: 0ms -->
        </step><!-- duration: 13ms -->
        <step title="Copying SSH keys" date="2025-04-03T16:04:27.527" /><!-- duration: 16ms -->
        <step title="Building" date="2025-04-03T16:04:27.542" >
          <step title="Running build. Project type: OneDeploy" date="2025-04-03T16:04:27.605" /><!-- duration: 0ms -->
          <step title="Copying the manifest" date="2025-04-03T16:04:27.668" /><!-- duration: 19ms -->
          <step title="Clean deploying to C:\home\site\wwwroot" date="2025-04-03T16:04:27.761" /><!-- duration: 0ms -->
          <step title="Generating deployment script." date="2025-04-03T16:04:27.840" /><!-- duration: 0ms -->
          <step title="Generating deployment script" date="2025-04-03T16:04:27.855" >
            <step title="Using cached version of the deployment script for command: -y --no-dot-deployment -r &quot;C:\local\Temp\zipdeploy\extracted&quot; -o &quot;C:\home\site\deployments\tools&quot; --basic --sitePath &quot;C:\local\Temp\zipdeploy\extracted&quot;" date="2025-04-03T16:04:27.871" /><!-- duration: 0ms -->
            <step title="Using cached version of deployment script (command: &apos;azure -y --no-dot-deployment -r &quot;C:\local\Temp\zipdeploy\extracted&quot; -o &quot;C:\home\site\deployments\tools&quot; --basic --sitePath &quot;C:\local\Temp\zipdeploy\extracted&quot;&apos;)." date="2025-04-03T16:04:27.888" /><!-- duration: 0ms -->
          </step><!-- duration: 47ms -->
          <step title="Running deployment command..." date="2025-04-03T16:04:27.933" /><!-- duration: 16ms -->
          <step title="Command: &quot;C:\home\site\deployments\tools\deploy.cmd&quot;" date="2025-04-03T16:04:27.949" /><!-- duration: 18ms -->
          <step title="Executing external process" date="2025-04-03T16:04:27.980" type="process" path="starter.cmd" arguments="&quot;C:\home\site\deployments\tools\deploy.cmd&quot;" >
            <step title="Handling Basic Web Site deployment." date="2025-04-03T16:04:28.465" /><!-- duration: 0ms -->
            <step title="Creating app_offline.htm" date="2025-04-03T16:04:30.844" /><!-- duration: 12ms -->
            <step title="KuduSync.NET from: &apos;C:\local\Temp\zipdeploy\extracted&apos; to: &apos;C:\home\site\wwwroot&apos;" date="2025-04-03T16:04:30.873" /><!-- duration: 49ms -->
            <step title="Deleting file: &apos;Logs\log20250403.txt&apos;" date="2025-04-03T16:04:30.933" /><!-- duration: 0ms -->
            <step title="Deleting directory: &apos;Logs&apos;" date="2025-04-03T16:04:30.950" /><!-- duration: 19ms -->
            <step title="Deleting file: &apos;app.db&apos;" date="2025-04-03T16:04:30.998" /><!-- duration: 0ms -->
            <step title="Copying file: &apos;Application.Abstractions.dll&apos;" date="2025-04-03T16:04:31.046" /><!-- duration: 12ms -->
            <step title="Copying file: &apos;Application.Abstractions.pdb&apos;" date="2025-04-03T16:04:31.075" /><!-- duration: 19ms -->
            <step title="Copying file: &apos;Application.Common.dll&apos;" date="2025-04-03T16:04:31.136" /><!-- duration: 18ms -->
            <step title="Copying file: &apos;Application.Common.pdb&apos;" date="2025-04-03T16:04:31.168" /><!-- duration: 16ms -->
            <step title="Copying file: &apos;Application.deps.json&apos;" date="2025-04-03T16:04:31.261" /><!-- duration: 0ms -->
            <step title="Copying file: &apos;Application.dll&apos;" date="2025-04-03T16:04:31.296" /><!-- duration: 0ms -->
            <step title="Copying file: &apos;Application.pdb&apos;" date="2025-04-03T16:04:31.325" /><!-- duration: 0ms -->
            <step title="Copying file: &apos;Domain.deps.json&apos;" date="2025-04-03T16:04:31.355" /><!-- duration: 18ms -->
            <step title="Copying file: &apos;Domain.dll&apos;" date="2025-04-03T16:04:31.402" /><!-- duration: 19ms -->
            <step title="Copying file: &apos;Domain.pdb&apos;" date="2025-04-03T16:04:31.450" /><!-- duration: 0ms -->
            <step title="Copying file: &apos;Infrastructure.deps.json&apos;" date="2025-04-03T16:04:31.480" /><!-- duration: 18ms -->
            <step title="Copying file: &apos;Infrastructure.dll&apos;" date="2025-04-03T16:04:31.511" /><!-- duration: 16ms -->
            <step title="Copying file: &apos;Infrastructure.pdb&apos;" date="2025-04-03T16:04:31.546" /><!-- duration: 59ms -->
            <step title="Copying file: &apos;Infrastructure.runtimeconfig.json&apos;" date="2025-04-03T16:04:31.622" /><!-- duration: 14ms -->
            <step title="Copying file: &apos;WebApp&apos;" date="2025-04-03T16:04:31.699" /><!-- duration: 18ms -->
            <step title="Copying file: &apos;WebApp.dll&apos;" date="2025-04-03T16:04:31.730" /><!-- duration: 16ms -->
            <step title="Copying file: &apos;WebApp.pdb&apos;" date="2025-04-03T16:04:31.761" /><!-- duration: 0ms -->
            <step title="Copying file: &apos;publish\publish\appsettings.json&apos;" date="2025-04-03T16:04:31.761" /><!-- duration: 32ms -->
            <step title="Copying file: &apos;publish\publish\WebApp.runtimeconfig.json&apos;" date="2025-04-03T16:04:31.824" /><!-- duration: 0ms -->
            <step title="Copying file: &apos;publish\publish\publish\WebApp.deps.json&apos;" date="2025-04-03T16:04:31.824" /><!-- duration: 16ms -->
            <step title="Copying file: &apos;publish\publish\publish\publish\appsettings.Development.json&apos;" date="2025-04-03T16:04:34.131" /><!-- duration: 16ms -->
            <step title="Copying file: &apos;publish\publish\publish\publish\appsettings.json&apos;" date="2025-04-03T16:04:34.164" /><!-- duration: 19ms -->
            <step title="Copying file: &apos;publish\publish\publish\publish\WebApp.deps.json&apos;" date="2025-04-03T16:04:34.194" /><!-- duration: 0ms -->
            <step title="Copying file: &apos;publish\publish\publish\publish\WebApp.runtimeconfig.json&apos;" date="2025-04-03T16:04:34.225" /><!-- duration: 16ms -->
            <step title="Copying file: &apos;wwwroot\js\Scripts\Auth\Login.js&apos;" date="2025-04-03T16:04:34.260" /><!-- duration: 43ms -->
            <step title="Copying file: &apos;wwwroot\js\Scripts\Auth\ResetPassword.js&apos;" date="2025-04-03T16:04:34.303" /><!-- duration: 0ms -->
            <step title="Copying file: &apos;publish\publish\publish\publish\web.config&apos;" date="2025-04-03T16:04:34.319" /><!-- duration: 0ms -->
            <step title="Deleting app_offline.htm" date="2025-04-03T16:04:34.334" /><!-- duration: 0ms -->
            <step title="Finished successfully." date="2025-04-03T16:04:34.334" /><!-- duration: 16ms -->
          </step><!-- duration: 6370ms -->
          <step title="Build completed succesfully." date="2025-04-03T16:04:34.398" /><!-- duration: 15ms -->
          <step title="Running post deployment command(s)..." date="2025-04-03T16:04:34.459" /><!-- duration: 0ms -->
          <step title="Requesting site restart" date="2025-04-03T16:04:34.538" /><!-- duration: 0ms -->
          <step title="Requesting site restart" date="2025-04-03T16:04:34.553" /><!-- duration: 0ms -->
          <step title="Requesting site restart. Attempt #1" date="2025-04-03T16:04:34.601" /><!-- duration: 0ms -->
          <step title="Requesting site restart. Attempt #1" date="2025-04-03T16:04:34.620" /><!-- duration: 11ms -->
          <step title="Successfully requested a restart. Attempt #1" date="2025-04-03T16:04:34.803" /><!-- duration: 0ms -->
          <step title="Successfully requested a restart. Attempt #1" date="2025-04-03T16:04:34.819" /><!-- duration: 16ms -->
          <step title="Deployment successful. DEPLOYMENTINFO: deploymentPath = OneDeploy, deployer = OneDeploy, os = windows, sku = Basic, siteName = iTrackerApp, siteHostName = itrackerapp.azurewebsites.net, deploymentStatus = Success" date="2025-04-03T16:04:34.866" /><!-- duration: 16ms -->
          <step title="Purge deployment items" date="2025-04-03T16:04:35.022" >
            <step title="Remove c1ea587d1, Success, received at 4/3/2025 8:20:22 AM" date="2025-04-03T16:04:35.102" /><!-- duration: 14ms -->
          </step><!-- duration: 94ms -->
        </step><!-- duration: 7608ms -->
      </step><!-- duration: 8058ms -->
      <step title="Cleaning up temp files" date="2025-04-03T16:04:35.179" /><!-- duration: 0ms -->
      <step title="Skip function trigger and logicapp sync because function is not enabled." date="2025-04-03T16:04:35.198" /><!-- duration: 0ms -->
    </step><!-- duration: 13812ms -->
    <step title="LockFile &apos;C:\home\site\locks\deployments.lock&apos; released" date="2025-04-03T16:04:35.288" /><!-- duration: 47ms -->
    <step title="Deleting shutdown sentinel file" date="2025-04-03T16:04:35.366" SemaphoreCount="8" /><!-- duration: 0ms -->
  </step><!-- duration: 34780ms -->
  <step title="Outgoing response" date="2025-04-03T16:04:35.381" type="response" statusCode="200" statusText="OK" Server="Microsoft-IIS/10.0" x-ms-request-id="3d7781c2-10a5-11f0-8f76-56d77f9ecf73" Cache-Control="private" X-AspNet-Version="4.0.30319" /><!-- duration: 16ms -->
</step><!-- duration: 35128ms -->
