<step title="Incoming Request" date="2025-04-07T07:27:01.224" instance="e8ad92" url="/api/publish?type=zip" method="POST" type="request" pid="4352,2,8" Cache-Control="no-cache" Content-Length="29756797" Content-Type="application/octet-stream" Accept="*/*" Accept-Encoding="gzip, deflate" Authorization="Bas..." Host="itrackerapp.scm.azurewebsites.net" User-Agent="AZURECLI/2.70.0 (HOMEBREW)" x-ms-client-request-id="aa8cdbf2-1381-11f0-9e93-56d77f9ecf73" X-ARR-LOG-ID="aa8cdbf2-1381-11f0-9e93-56d77f9ecf73" CLIENT-IP="58.84.61.149:15291" X-SITE-DEPLOYMENT-ID="iTrackerApp" WAS-DEFAULT-HOSTNAME="itrackerapp.scm.azurewebsites.net" X-Forwarded-Proto="https" X-AppService-Proto="https" X-Forwarded-TlsVersion="1.3" X-WAWS-Unencoded-URL="/api/publish?type=zip" >
  <step title="OneDeploy" date="2025-04-07T07:27:02.052" >
    <step title="Starting PushDeployAsync" date="2025-04-07T07:27:02.194" /><!-- duration: 0ms -->
    <step title="Updating shutdown sentinel last write time" date="2025-04-07T07:27:02.458" SemaphoreCount="7" /><!-- duration: 17ms -->
    <step title="LockFile &apos;C:\home\site\locks\deployments.lock&apos; acquired" date="2025-04-07T07:27:02.476" /><!-- duration: 0ms -->
    <step title="Saving request content to C:\local\Temp\zipdeploy\oea03wwm.zip" date="2025-04-07T07:27:02.489" >
      <step title="Total 29,756,797 bytes written to C:\local\Temp\zipdeploy\oea03wwm.zip" date="2025-04-07T07:27:07.798" /><!-- duration: 16ms -->
    </step><!-- duration: 5324ms -->
    <step title="LockFile &apos;C:\home\site\locks\deployments.lock&apos; released" date="2025-04-07T07:27:07.813" /><!-- duration: 16ms -->
    <step title="Deleting shutdown sentinel file" date="2025-04-07T07:27:07.829" SemaphoreCount="8" /><!-- duration: 0ms -->
    <step title="Starting FetchDeploy" date="2025-04-07T07:27:07.845" /><!-- duration: 0ms -->
    <step title="Attempting to fetch target branch HEAD" date="2025-04-07T07:27:07.862" /><!-- duration: 0ms -->
    <step title="Updating shutdown sentinel last write time" date="2025-04-07T07:27:07.892" SemaphoreCount="7" /><!-- duration: 0ms -->
    <step title="LockFile &apos;C:\home\site\locks\deployments.lock&apos; acquired" date="2025-04-07T07:27:07.892" /><!-- duration: 0ms -->
    <step title="Performing fetch based deployment" date="2025-04-07T07:27:07.923" >
      <step title="Creating temporary deployment" date="2025-04-07T07:27:07.939" /><!-- duration: 47ms -->
      <step title="Fetching changes." date="2025-04-07T07:27:08.178" /><!-- duration: 11ms -->
      <step title="Starting LocalZipHandler" date="2025-04-07T07:27:08.207" /><!-- duration: 0ms -->
      <step title="Starting LocalZipFetch" date="2025-04-07T07:27:08.220" /><!-- duration: 16ms -->
      <step title="Cleaning up temp folders from previous zip deployments and extracting pushed zip file C:\local\Temp\zipdeploy\oea03wwm.zip (28.38 MB) to C:\local\Temp\zipdeploy\extracted" date="2025-04-07T07:27:08.236" /><!-- duration: 15ms -->
      <step title="Cleaning up temp folders from previous zip deployments and extracting pushed zip file C:\local\Temp\zipdeploy\oea03wwm.zip (28.38 MB) to C:\local\Temp\zipdeploy\extracted" date="2025-04-07T07:27:08.251" >
        <step title="Renaming extractTargetDirectory(C:\local\Temp\zipdeploy\extracted) to tempDirectory(C:\local\Temp\zipdeploy\vfvyq2do.uz0)" date="2025-04-07T07:27:08.251" /><!-- duration: 16ms -->
        <step title="Extracting 511 entries to C:\local\Temp\zipdeploy\extracted directory" date="2025-04-07T07:27:09.600" >
          <step title="Extracting to C:\local\Temp\zipdeploy\extracted\Infrastructure.dll ..." date="2025-04-07T07:27:09.611" /><!-- duration: 0ms -->
          <step title="Extracting to C:\local\Temp\zipdeploy\extracted\Azure.Storage.Common.dll ..." date="2025-04-07T07:27:09.629" /><!-- duration: 13ms -->
          <step title="Extracting to C:\local\Temp\zipdeploy\extracted\zh-Hans\Microsoft.CodeAnalysis.resources.dll ..." date="2025-04-07T07:27:09.642" /><!-- duration: 16ms -->
          <step title="Extracting to C:\local\Temp\zipdeploy\extracted\zh-Hans\Microsoft.CodeAnalysis.CSharp.Workspaces.resources.dll ..." date="2025-04-07T07:27:09.658" /><!-- duration: 0ms -->
          <step title="Extracting to C:\local\Temp\zipdeploy\extracted\zh-Hans\Microsoft.CodeAnalysis.CSharp.resources.dll ..." date="2025-04-07T07:27:09.658" /><!-- duration: 16ms -->
          <step title="Omitting extracting file traces ..." date="2025-04-07T07:27:09.689" /><!-- duration: 0ms -->
        </step><!-- duration: 5448ms -->
      </step><!-- duration: 6797ms -->
      <step title="None repository commit" date="2025-04-07T07:27:15.048" >
        <step title="Commit id: aed30788dd9641a18aaf16434b94bbcc" date="2025-04-07T07:27:15.064" Message="OneDeploy" AuthorName="N/A" AuthorEmail="N/A" /><!-- duration: 0ms -->
      </step><!-- duration: 15ms -->
      <step title="Before sending BuildRequestReceived status to /api/updatedeploystatus" date="2025-04-07T07:27:15.080" /><!-- duration: 0ms -->
      <step title="DeploymentManager.Deploy(id:aed30788dd9641a18aaf16434b94bbcc)" date="2025-04-07T07:27:15.097" >
        <step title="Collecting changeset information" date="2025-04-07T07:27:15.097" /><!-- duration: 77ms -->
        <step title="Updating submodules" date="2025-04-07T07:27:15.194" >
          <step title="Updating submodules." date="2025-04-07T07:27:15.283" /><!-- duration: 0ms -->
        </step><!-- duration: 89ms -->
        <step title="Preparing deployment for commit id &apos;aed30788dd&apos;." date="2025-04-07T07:27:15.361" /><!-- duration: 0ms -->
        <step title="Determining deployment builder" date="2025-04-07T07:27:15.424" >
          <step title="Builder is OneDeployBuilder" date="2025-04-07T07:27:15.439" /><!-- duration: 17ms -->
        </step><!-- duration: 32ms -->
        <step title="Copying SSH keys" date="2025-04-07T07:27:15.503" /><!-- duration: 14ms -->
        <step title="Building" date="2025-04-07T07:27:15.517" >
          <step title="Running build. Project type: OneDeploy" date="2025-04-07T07:27:15.564" /><!-- duration: 0ms -->
          <step title="Copying the manifest" date="2025-04-07T07:27:15.647" /><!-- duration: 0ms -->
          <step title="Clean deploying to C:\home\site\wwwroot" date="2025-04-07T07:27:15.723" /><!-- duration: 0ms -->
          <step title="Generating deployment script." date="2025-04-07T07:27:15.799" /><!-- duration: 0ms -->
          <step title="Generating deployment script" date="2025-04-07T07:27:15.814" >
            <step title="Using cached version of the deployment script for command: -y --no-dot-deployment -r &quot;C:\local\Temp\zipdeploy\extracted&quot; -o &quot;C:\home\site\deployments\tools&quot; --basic --sitePath &quot;C:\local\Temp\zipdeploy\extracted&quot;" date="2025-04-07T07:27:15.924" /><!-- duration: 0ms -->
            <step title="Using cached version of deployment script (command: &apos;azure -y --no-dot-deployment -r &quot;C:\local\Temp\zipdeploy\extracted&quot; -o &quot;C:\home\site\deployments\tools&quot; --basic --sitePath &quot;C:\local\Temp\zipdeploy\extracted&quot;&apos;)." date="2025-04-07T07:27:15.939" /><!-- duration: 0ms -->
          </step><!-- duration: 141ms -->
          <step title="Running deployment command..." date="2025-04-07T07:27:16.050" /><!-- duration: 14ms -->
          <step title="Command: &quot;C:\home\site\deployments\tools\deploy.cmd&quot;" date="2025-04-07T07:27:16.064" /><!-- duration: 0ms -->
          <step title="Executing external process" date="2025-04-07T07:27:16.127" type="process" path="starter.cmd" arguments="&quot;C:\home\site\deployments\tools\deploy.cmd&quot;" >
            <step title="Handling Basic Web Site deployment." date="2025-04-07T07:27:19.705" /><!-- duration: 48ms -->
            <step title="Creating app_offline.htm" date="2025-04-07T07:27:22.483" /><!-- duration: 19ms -->
            <step title="KuduSync.NET from: &apos;C:\local\Temp\zipdeploy\extracted&apos; to: &apos;C:\home\site\wwwroot&apos;" date="2025-04-07T07:27:22.532" /><!-- duration: 97ms -->
            <step title="Deleting file: &apos;Logs\log20250407.txt&apos;" date="2025-04-07T07:27:22.675" /><!-- duration: 11ms -->
            <step title="Deleting directory: &apos;Logs&apos;" date="2025-04-07T07:27:22.733" /><!-- duration: 0ms -->
            <step title="Deleting file: &apos;app.db&apos;" date="2025-04-07T07:27:22.764" /><!-- duration: 16ms -->
            <step title="Copying file: &apos;Application.dll&apos;" date="2025-04-07T07:27:22.811" /><!-- duration: 0ms -->
            <step title="Copying file: &apos;Application.pdb&apos;" date="2025-04-07T07:27:22.811" /><!-- duration: 36ms -->
            <step title="Copying file: &apos;Domain.dll&apos;" date="2025-04-07T07:27:22.858" /><!-- duration: 0ms -->
            <step title="Copying file: &apos;Domain.pdb&apos;" date="2025-04-07T07:27:22.873" /><!-- duration: 0ms -->
            <step title="Copying file: &apos;Infrastructure.dll&apos;" date="2025-04-07T07:27:22.873" /><!-- duration: 0ms -->
            <step title="Copying file: &apos;Infrastructure.pdb&apos;" date="2025-04-07T07:27:22.889" /><!-- duration: 0ms -->
            <step title="Copying file: &apos;WebApp&apos;" date="2025-04-07T07:27:22.905" /><!-- duration: 0ms -->
            <step title="Copying file: &apos;WebApp.dll&apos;" date="2025-04-07T07:27:22.920" /><!-- duration: 0ms -->
            <step title="Copying file: &apos;WebApp.pdb&apos;" date="2025-04-07T07:27:22.936" /><!-- duration: 0ms -->
            <step title="Deleting app_offline.htm" date="2025-04-07T07:27:22.952" /><!-- duration: 0ms -->
            <step title="Finished successfully." date="2025-04-07T07:27:22.952" /><!-- duration: 16ms -->
          </step><!-- duration: 6840ms -->
          <step title="Build completed succesfully." date="2025-04-07T07:27:23.014" /><!-- duration: 0ms -->
          <step title="Running post deployment command(s)..." date="2025-04-07T07:27:23.080" /><!-- duration: 13ms -->
          <step title="Requesting site restart" date="2025-04-07T07:27:23.186" /><!-- duration: 0ms -->
          <step title="Requesting site restart" date="2025-04-07T07:27:23.202" /><!-- duration: 0ms -->
          <step title="Requesting site restart. Attempt #1" date="2025-04-07T07:27:23.295" /><!-- duration: 16ms -->
          <step title="Requesting site restart. Attempt #1" date="2025-04-07T07:27:23.311" /><!-- duration: 0ms -->
          <step title="Successfully requested a restart. Attempt #1" date="2025-04-07T07:27:23.811" /><!-- duration: 0ms -->
          <step title="Successfully requested a restart. Attempt #1" date="2025-04-07T07:27:23.827" /><!-- duration: 0ms -->
          <step title="Deployment successful. DEPLOYMENTINFO: deploymentPath = OneDeploy, deployer = OneDeploy, os = windows, sku = Basic, siteName = iTrackerApp, siteHostName = itrackerapp.azurewebsites.net, deploymentStatus = Success" date="2025-04-07T07:27:23.905" /><!-- duration: 0ms -->
          <step title="Purge deployment items" date="2025-04-07T07:27:24.220" >
            <step title="Remove 40192d5c9, Success, received at 4/3/2025 4:04:27 PM" date="2025-04-07T07:27:24.295" /><!-- duration: 0ms -->
          </step><!-- duration: 75ms -->
        </step><!-- duration: 8794ms -->
      </step><!-- duration: 9229ms -->
      <step title="Cleaning up temp files" date="2025-04-07T07:27:24.327" /><!-- duration: 0ms -->
      <step title="Skip function trigger and logicapp sync because function is not enabled." date="2025-04-07T07:27:24.358" /><!-- duration: 0ms -->
    </step><!-- duration: 16482ms -->
    <step title="LockFile &apos;C:\home\site\locks\deployments.lock&apos; released" date="2025-04-07T07:27:24.436" /><!-- duration: 0ms -->
    <step title="Deleting shutdown sentinel file" date="2025-04-07T07:27:24.436" SemaphoreCount="8" /><!-- duration: 0ms -->
  </step><!-- duration: 22400ms -->
  <step title="Outgoing response" date="2025-04-07T07:27:24.549" type="response" statusCode="200" statusText="OK" Server="Microsoft-IIS/10.0" x-ms-request-id="aa8cdbf2-1381-11f0-9e93-56d77f9ecf73" Cache-Control="private" X-AspNet-Version="4.0.30319" /><!-- duration: 12ms -->
</step><!-- duration: 23337ms -->
