<step title="Incoming Request" date="2025-04-07T06:55:31.098" instance="e8ad92" url="/api/publish?type=zip" method="POST" type="request" pid="1952,2,8" Cache-Control="no-cache" Content-Length="29752044" Content-Type="application/octet-stream" Accept="*/*" Accept-Encoding="gzip, deflate" Authorization="Bas..." Host="itrackerapp.scm.azurewebsites.net" User-Agent="AZURECLI/2.70.0 (HOMEBREW)" x-ms-client-request-id="430fa422-137d-11f0-b23c-56d77f9ecf73" X-ARR-LOG-ID="430fa422-137d-11f0-b23c-56d77f9ecf73" CLIENT-IP="58.84.61.149:3681" X-SITE-DEPLOYMENT-ID="iTrackerApp" WAS-DEFAULT-HOSTNAME="itrackerapp.scm.azurewebsites.net" X-Forwarded-Proto="https" X-AppService-Proto="https" X-Forwarded-TlsVersion="1.3" X-WAWS-Unencoded-URL="/api/publish?type=zip" >
  <step title="OneDeploy" date="2025-04-07T06:55:31.928" >
    <step title="Starting PushDeployAsync" date="2025-04-07T06:55:32.036" /><!-- duration: 0ms -->
    <step title="Updating shutdown sentinel last write time" date="2025-04-07T06:55:32.286" SemaphoreCount="7" /><!-- duration: 0ms -->
    <step title="LockFile &apos;C:\home\site\locks\deployments.lock&apos; acquired" date="2025-04-07T06:55:32.286" /><!-- duration: 0ms -->
    <step title="Saving request content to C:\local\Temp\zipdeploy\qiyuu551.zip" date="2025-04-07T06:55:32.301" >
      <step title="Total 29,752,044 bytes written to C:\local\Temp\zipdeploy\qiyuu551.zip" date="2025-04-07T06:55:36.595" /><!-- duration: 0ms -->
    </step><!-- duration: 4310ms -->
    <step title="LockFile &apos;C:\home\site\locks\deployments.lock&apos; released" date="2025-04-07T06:55:36.611" /><!-- duration: 0ms -->
    <step title="Deleting shutdown sentinel file" date="2025-04-07T06:55:36.629" SemaphoreCount="8" /><!-- duration: 0ms -->
    <step title="Starting FetchDeploy" date="2025-04-07T06:55:36.642" /><!-- duration: 0ms -->
    <step title="Attempting to fetch target branch HEAD" date="2025-04-07T06:55:36.658" /><!-- duration: 0ms -->
    <step title="Updating shutdown sentinel last write time" date="2025-04-07T06:55:36.689" SemaphoreCount="7" /><!-- duration: 0ms -->
    <step title="LockFile &apos;C:\home\site\locks\deployments.lock&apos; acquired" date="2025-04-07T06:55:36.689" /><!-- duration: 16ms -->
    <step title="Performing fetch based deployment" date="2025-04-07T06:55:36.736" >
      <step title="Creating temporary deployment" date="2025-04-07T06:55:36.736" /><!-- duration: 47ms -->
      <step title="Fetching changes." date="2025-04-07T06:55:37.377" /><!-- duration: 19ms -->
      <step title="Starting LocalZipHandler" date="2025-04-07T06:55:37.425" /><!-- duration: 0ms -->
      <step title="Starting LocalZipFetch" date="2025-04-07T06:55:37.455" /><!-- duration: 0ms -->
      <step title="Cleaning up temp folders from previous zip deployments and extracting pushed zip file C:\local\Temp\zipdeploy\qiyuu551.zip (28.37 MB) to C:\local\Temp\zipdeploy\extracted" date="2025-04-07T06:55:37.473" /><!-- duration: 0ms -->
      <step title="Cleaning up temp folders from previous zip deployments and extracting pushed zip file C:\local\Temp\zipdeploy\qiyuu551.zip (28.37 MB) to C:\local\Temp\zipdeploy\extracted" date="2025-04-07T06:55:37.502" >
        <step title="Extracting 511 entries to C:\local\Temp\zipdeploy\extracted directory" date="2025-04-07T06:55:37.569" >
          <step title="Extracting to C:\local\Temp\zipdeploy\extracted\Infrastructure.dll ..." date="2025-04-07T06:55:37.580" /><!-- duration: 78ms -->
          <step title="Extracting to C:\local\Temp\zipdeploy\extracted\Azure.Storage.Common.dll ..." date="2025-04-07T06:55:37.675" /><!-- duration: 14ms -->
          <step title="Extracting to C:\local\Temp\zipdeploy\extracted\zh-Hans\Microsoft.CodeAnalysis.resources.dll ..." date="2025-04-07T06:55:37.736" /><!-- duration: 0ms -->
          <step title="Extracting to C:\local\Temp\zipdeploy\extracted\zh-Hans\Microsoft.CodeAnalysis.CSharp.Workspaces.resources.dll ..." date="2025-04-07T06:55:37.751" /><!-- duration: 0ms -->
          <step title="Extracting to C:\local\Temp\zipdeploy\extracted\zh-Hans\Microsoft.CodeAnalysis.CSharp.resources.dll ..." date="2025-04-07T06:55:37.751" /><!-- duration: 16ms -->
          <step title="Omitting extracting file traces ..." date="2025-04-07T06:55:37.767" /><!-- duration: 16ms -->
        </step><!-- duration: 5745ms -->
      </step><!-- duration: 5829ms -->
      <step title="None repository commit" date="2025-04-07T06:55:43.345" >
        <step title="Commit id: 6b582387887946a1b00fb73b6e3632d9" date="2025-04-07T06:55:43.361" Message="OneDeploy" AuthorName="N/A" AuthorEmail="N/A" /><!-- duration: 0ms -->
      </step><!-- duration: 94ms -->
      <step title="Before sending BuildRequestReceived status to /api/updatedeploystatus" date="2025-04-07T06:55:43.440" /><!-- duration: 31ms -->
      <step title="DeploymentManager.Deploy(id:6b582387887946a1b00fb73b6e3632d9)" date="2025-04-07T06:55:43.488" >
        <step title="Collecting changeset information" date="2025-04-07T06:55:43.517" /><!-- duration: 125ms -->
        <step title="Updating submodules" date="2025-04-07T06:55:43.661" >
          <step title="Updating submodules." date="2025-04-07T06:55:43.788" /><!-- duration: 11ms -->
        </step><!-- duration: 137ms -->
        <step title="Preparing deployment for commit id &apos;6b58238788&apos;." date="2025-04-07T06:55:43.861" /><!-- duration: 0ms -->
        <step title="Determining deployment builder" date="2025-04-07T06:55:43.943" >
          <step title="Builder is OneDeployBuilder" date="2025-04-07T06:55:43.955" /><!-- duration: 0ms -->
        </step><!-- duration: 48ms -->
        <step title="Copying SSH keys" date="2025-04-07T06:55:44.019" /><!-- duration: 76ms -->
        <step title="Building" date="2025-04-07T06:55:44.111" >
          <step title="Running build. Project type: OneDeploy" date="2025-04-07T06:55:44.142" /><!-- duration: 0ms -->
          <step title="Copying the manifest" date="2025-04-07T06:55:44.205" /><!-- duration: 0ms -->
          <step title="Clean deploying to C:\home\site\wwwroot" date="2025-04-07T06:55:44.315" /><!-- duration: 0ms -->
          <step title="Generating deployment script." date="2025-04-07T06:55:44.362" /><!-- duration: 0ms -->
          <step title="Generating deployment script" date="2025-04-07T06:55:44.392" >
            <step title="Using cached version of the deployment script for command: -y --no-dot-deployment -r &quot;C:\local\Temp\zipdeploy\extracted&quot; -o &quot;C:\home\site\deployments\tools&quot; --basic --sitePath &quot;C:\local\Temp\zipdeploy\extracted&quot;" date="2025-04-07T06:55:44.519" /><!-- duration: 14ms -->
            <step title="Using cached version of deployment script (command: &apos;azure -y --no-dot-deployment -r &quot;C:\local\Temp\zipdeploy\extracted&quot; -o &quot;C:\home\site\deployments\tools&quot; --basic --sitePath &quot;C:\local\Temp\zipdeploy\extracted&quot;&apos;)." date="2025-04-07T06:55:44.548" /><!-- duration: 0ms -->
          </step><!-- duration: 188ms -->
          <step title="Running deployment command..." date="2025-04-07T06:55:44.611" /><!-- duration: 16ms -->
          <step title="Command: &quot;C:\home\site\deployments\tools\deploy.cmd&quot;" date="2025-04-07T06:55:44.645" /><!-- duration: 0ms -->
          <step title="Executing external process" date="2025-04-07T06:55:44.705" type="process" path="starter.cmd" arguments="&quot;C:\home\site\deployments\tools\deploy.cmd&quot;" >
            <step title="Handling Basic Web Site deployment." date="2025-04-07T06:55:45.396" /><!-- duration: 0ms -->
            <step title="Creating app_offline.htm" date="2025-04-07T06:55:50.291" /><!-- duration: 18ms -->
            <step title="KuduSync.NET from: &apos;C:\local\Temp\zipdeploy\extracted&apos; to: &apos;C:\home\site\wwwroot&apos;" date="2025-04-07T06:55:50.323" /><!-- duration: 16ms -->
            <step title="Deleting file: &apos;Logs\log20250403.txt&apos;" date="2025-04-07T06:55:50.357" /><!-- duration: 0ms -->
            <step title="Deleting file: &apos;Logs\log20250404.txt&apos;" date="2025-04-07T06:55:50.369" /><!-- duration: 16ms -->
            <step title="Deleting file: &apos;Logs\log20250405.txt&apos;" date="2025-04-07T06:55:50.405" /><!-- duration: 0ms -->
            <step title="Deleting file: &apos;Logs\log20250406.txt&apos;" date="2025-04-07T06:55:50.416" /><!-- duration: 17ms -->
            <step title="Deleting file: &apos;Logs\log20250407.txt&apos;" date="2025-04-07T06:55:50.453" /><!-- duration: 11ms -->
            <step title="Deleting directory: &apos;Logs&apos;" date="2025-04-07T06:55:50.481" /><!-- duration: 0ms -->
            <step title="Deleting file: &apos;app.db&apos;" date="2025-04-07T06:55:50.510" /><!-- duration: 0ms -->
            <step title="Copying file: &apos;Application.Abstractions.dll&apos;" date="2025-04-07T06:55:50.541" /><!-- duration: 0ms -->
            <step title="Copying file: &apos;Application.Abstractions.pdb&apos;" date="2025-04-07T06:55:50.557" /><!-- duration: 0ms -->
            <step title="Copying file: &apos;Application.Common.dll&apos;" date="2025-04-07T06:55:50.575" /><!-- duration: 0ms -->
            <step title="Copying file: &apos;Application.Common.pdb&apos;" date="2025-04-07T06:55:50.588" /><!-- duration: 0ms -->
            <step title="Copying file: &apos;Application.dll&apos;" date="2025-04-07T06:55:50.588" /><!-- duration: 0ms -->
            <step title="Copying file: &apos;Application.pdb&apos;" date="2025-04-07T06:55:50.604" /><!-- duration: 0ms -->
            <step title="Copying file: &apos;Domain.dll&apos;" date="2025-04-07T06:55:50.619" /><!-- duration: 0ms -->
            <step title="Copying file: &apos;Domain.pdb&apos;" date="2025-04-07T06:55:50.635" /><!-- duration: 0ms -->
            <step title="Copying file: &apos;Infrastructure.dll&apos;" date="2025-04-07T06:55:50.651" /><!-- duration: 0ms -->
            <step title="Copying file: &apos;Infrastructure.pdb&apos;" date="2025-04-07T06:55:50.666" /><!-- duration: 16ms -->
            <step title="Copying file: &apos;WebApp&apos;" date="2025-04-07T06:55:50.698" /><!-- duration: 0ms -->
            <step title="Copying file: &apos;WebApp.dll&apos;" date="2025-04-07T06:55:50.717" /><!-- duration: 12ms -->
            <step title="Copying file: &apos;WebApp.pdb&apos;" date="2025-04-07T06:55:50.729" /><!-- duration: 0ms -->
            <step title="Deleting app_offline.htm" date="2025-04-07T06:55:50.745" /><!-- duration: 19ms -->
            <step title="Finished successfully." date="2025-04-07T06:55:50.776" /><!-- duration: 0ms -->
          </step><!-- duration: 6089ms -->
          <step title="Build completed succesfully." date="2025-04-07T06:55:50.901" /><!-- duration: 0ms -->
          <step title="Running post deployment command(s)..." date="2025-04-07T06:55:50.966" /><!-- duration: 0ms -->
          <step title="Requesting site restart" date="2025-04-07T06:55:51.119" /><!-- duration: 37ms -->
          <step title="Requesting site restart" date="2025-04-07T06:55:51.166" /><!-- duration: 18ms -->
          <step title="Requesting site restart. Attempt #1" date="2025-04-07T06:55:51.245" /><!-- duration: 0ms -->
          <step title="Requesting site restart. Attempt #1" date="2025-04-07T06:55:51.245" /><!-- duration: 0ms -->
          <step title="Successfully requested a restart. Attempt #1" date="2025-04-07T06:55:51.823" /><!-- duration: 18ms -->
          <step title="Successfully requested a restart. Attempt #1" date="2025-04-07T06:55:51.869" /><!-- duration: 0ms -->
          <step title="Deployment successful. DEPLOYMENTINFO: deploymentPath = OneDeploy, deployer = OneDeploy, os = windows, sku = Basic, siteName = iTrackerApp, siteHostName = itrackerapp.azurewebsites.net, deploymentStatus = Success" date="2025-04-07T06:55:51.983" /><!-- duration: 0ms -->
          <step title="Purge deployment items" date="2025-04-07T06:55:52.291" >
            <step title="Remove c0467ad09, Success, received at 4/3/2025 11:19:43 AM" date="2025-04-07T06:55:52.385" /><!-- duration: 18ms -->
          </step><!-- duration: 112ms -->
        </step><!-- duration: 8321ms -->
      </step><!-- duration: 8944ms -->
      <step title="Cleaning up temp files" date="2025-04-07T06:55:52.451" /><!-- duration: 0ms -->
      <step title="Skip function trigger and logicapp sync because function is not enabled." date="2025-04-07T06:55:52.480" /><!-- duration: 0ms -->
    </step><!-- duration: 15806ms -->
    <step title="LockFile &apos;C:\home\site\locks\deployments.lock&apos; released" date="2025-04-07T06:55:52.541" /><!-- duration: 0ms -->
    <step title="Deleting shutdown sentinel file" date="2025-04-07T06:55:52.557" SemaphoreCount="8" /><!-- duration: 0ms -->
  </step><!-- duration: 20648ms -->
  <step title="Outgoing response" date="2025-04-07T06:55:52.701" type="response" statusCode="200" statusText="OK" Server="Microsoft-IIS/10.0" x-ms-request-id="430fa422-137d-11f0-b23c-56d77f9ecf73" Cache-Control="private" X-AspNet-Version="4.0.30319" /><!-- duration: 13ms -->
</step><!-- duration: 21615ms -->
