<step title="Incoming Request" date="2025-04-07T14:52:03.195" instance="e8ad92" url="/api/publish?type=zip" method="POST" type="request" pid="340,2,24" Cache-Control="no-cache" Content-Length="65663631" Content-Type="application/octet-stream" Accept="*/*" Accept-Encoding="gzip, deflate" Authorization="Bas..." Host="itrackerapp.scm.azurewebsites.net" User-Agent="AZURECLI/2.70.0 (HOMEBREW)" x-ms-client-request-id="d94dbfc2-13bf-11f0-88b5-56d77f9ecf73" X-ARR-LOG-ID="d94dbfc2-13bf-11f0-88b5-56d77f9ecf73" CLIENT-IP="103.93.198.139:64846" X-SITE-DEPLOYMENT-ID="iTrackerApp" WAS-DEFAULT-HOSTNAME="itrackerapp.scm.azurewebsites.net" X-Forwarded-Proto="https" X-AppService-Proto="https" X-Forwarded-TlsVersion="1.3" X-WAWS-Unencoded-URL="/api/publish?type=zip" >
  <step title="Cleanup Xml Logs" date="2025-04-07T14:52:03.210" /><!-- duration: 0ms -->
  <step title="OneDeploy" date="2025-04-07T14:52:03.554" >
    <step title="Starting PushDeployAsync" date="2025-04-07T14:52:03.554" /><!-- duration: 0ms -->
    <step title="Updating shutdown sentinel last write time" date="2025-04-07T14:52:03.570" SemaphoreCount="7" /><!-- duration: 17ms -->
    <step title="LockFile &apos;C:\home\site\locks\deployments.lock&apos; acquired" date="2025-04-07T14:52:03.601" /><!-- duration: 16ms -->
    <step title="Saving request content to C:\local\Temp\zipdeploy\i5tagl10.zip" date="2025-04-07T14:52:03.616" >
      <step title="Total 65,663,631 bytes written to C:\local\Temp\zipdeploy\i5tagl10.zip" date="2025-04-07T14:52:14.709" /><!-- duration: 0ms -->
    </step><!-- duration: 11108ms -->
    <step title="LockFile &apos;C:\home\site\locks\deployments.lock&apos; released" date="2025-04-07T14:52:14.725" /><!-- duration: 16ms -->
    <step title="Deleting shutdown sentinel file" date="2025-04-07T14:52:14.756" SemaphoreCount="8" /><!-- duration: 0ms -->
    <step title="Starting FetchDeploy" date="2025-04-07T14:52:14.772" /><!-- duration: 0ms -->
    <step title="Attempting to fetch target branch HEAD" date="2025-04-07T14:52:14.791" /><!-- duration: 0ms -->
    <step title="Updating shutdown sentinel last write time" date="2025-04-07T14:52:14.850" SemaphoreCount="7" /><!-- duration: 0ms -->
    <step title="LockFile &apos;C:\home\site\locks\deployments.lock&apos; acquired" date="2025-04-07T14:52:14.850" /><!-- duration: 15ms -->
    <step title="Performing fetch based deployment" date="2025-04-07T14:52:14.865" >
      <step title="Creating temporary deployment" date="2025-04-07T14:52:14.865" /><!-- duration: 78ms -->
      <step title="Fetching changes." date="2025-04-07T14:52:15.022" /><!-- duration: 0ms -->
      <step title="Starting LocalZipHandler" date="2025-04-07T14:52:15.037" /><!-- duration: 16ms -->
      <step title="Starting LocalZipFetch" date="2025-04-07T14:52:15.053" /><!-- duration: 16ms -->
      <step title="Cleaning up temp folders from previous zip deployments and extracting pushed zip file C:\local\Temp\zipdeploy\i5tagl10.zip (62.62 MB) to C:\local\Temp\zipdeploy\extracted" date="2025-04-07T14:52:15.085" /><!-- duration: 0ms -->
      <step title="Cleaning up temp folders from previous zip deployments and extracting pushed zip file C:\local\Temp\zipdeploy\i5tagl10.zip (62.62 MB) to C:\local\Temp\zipdeploy\extracted" date="2025-04-07T14:52:15.100" >
        <step title="Renaming extractTargetDirectory(C:\local\Temp\zipdeploy\extracted) to tempDirectory(C:\local\Temp\zipdeploy\fr0strcq.jbr)" date="2025-04-07T14:52:15.100" /><!-- duration: 16ms -->
        <step title="Extracting 1111 entries to C:\local\Temp\zipdeploy\extracted directory" date="2025-04-07T14:52:15.229" >
          <step title="Extracting to C:\local\Temp\zipdeploy\extracted\publish\Infrastructure.dll ..." date="2025-04-07T14:52:15.382" /><!-- duration: 172ms -->
          <step title="Extracting to C:\local\Temp\zipdeploy\extracted\publish\Azure.Storage.Common.dll ..." date="2025-04-07T14:52:15.602" /><!-- duration: 279ms -->
          <step title="Extracting to C:\local\Temp\zipdeploy\extracted\publish\zh-Hans\Microsoft.CodeAnalysis.resources.dll ..." date="2025-04-07T14:52:15.881" /><!-- duration: 18ms -->
          <step title="Extracting to C:\local\Temp\zipdeploy\extracted\publish\zh-Hans\Microsoft.CodeAnalysis.CSharp.Workspaces.resources.dll ..." date="2025-04-07T14:52:15.912" /><!-- duration: 0ms -->
          <step title="Extracting to C:\local\Temp\zipdeploy\extracted\publish\zh-Hans\Microsoft.CodeAnalysis.CSharp.resources.dll ..." date="2025-04-07T14:52:15.912" /><!-- duration: 35ms -->
          <step title="Omitting extracting file traces ..." date="2025-04-07T14:52:15.947" /><!-- duration: 12ms -->
        </step><!-- duration: 12498ms -->
      </step><!-- duration: 12646ms -->
      <step title="None repository commit" date="2025-04-07T14:52:27.803" >
        <step title="Commit id: 0626dbf528e84a69a4142f58a5fc1a2e" date="2025-04-07T14:52:27.803" Message="OneDeploy" AuthorName="N/A" AuthorEmail="N/A" /><!-- duration: 19ms -->
      </step><!-- duration: 19ms -->
      <step title="Before sending BuildRequestReceived status to /api/updatedeploystatus" date="2025-04-07T14:52:27.822" /><!-- duration: 12ms -->
      <step title="DeploymentManager.Deploy(id:0626dbf528e84a69a4142f58a5fc1a2e)" date="2025-04-07T14:52:27.834" >
        <step title="Collecting changeset information" date="2025-04-07T14:52:27.851" /><!-- duration: 66ms -->
        <step title="Updating submodules" date="2025-04-07T14:52:27.928" >
          <step title="Updating submodules." date="2025-04-07T14:52:27.994" /><!-- duration: 0ms -->
        </step><!-- duration: 78ms -->
        <step title="Preparing deployment for commit id &apos;0626dbf528&apos;." date="2025-04-07T14:52:28.103" /><!-- duration: 0ms -->
        <step title="Determining deployment builder" date="2025-04-07T14:52:28.210" >
          <step title="Builder is OneDeployBuilder" date="2025-04-07T14:52:28.225" /><!-- duration: 0ms -->
        </step><!-- duration: 15ms -->
        <step title="Copying SSH keys" date="2025-04-07T14:52:28.241" /><!-- duration: 0ms -->
        <step title="Building" date="2025-04-07T14:52:28.256" >
          <step title="Running build. Project type: OneDeploy" date="2025-04-07T14:52:28.287" /><!-- duration: 19ms -->
          <step title="Copying the manifest" date="2025-04-07T14:52:28.335" /><!-- duration: 15ms -->
          <step title="Clean deploying to C:\home\site\wwwroot" date="2025-04-07T14:52:28.460" /><!-- duration: 0ms -->
          <step title="Generating deployment script." date="2025-04-07T14:52:28.522" /><!-- duration: 16ms -->
          <step title="Generating deployment script" date="2025-04-07T14:52:28.537" >
            <step title="Using cached version of the deployment script for command: -y --no-dot-deployment -r &quot;C:\local\Temp\zipdeploy\extracted&quot; -o &quot;C:\home\site\deployments\tools&quot; --basic --sitePath &quot;C:\local\Temp\zipdeploy\extracted&quot;" date="2025-04-07T14:52:28.584" /><!-- duration: 16ms -->
            <step title="Using cached version of deployment script (command: &apos;azure -y --no-dot-deployment -r &quot;C:\local\Temp\zipdeploy\extracted&quot; -o &quot;C:\home\site\deployments\tools&quot; --basic --sitePath &quot;C:\local\Temp\zipdeploy\extracted&quot;&apos;)." date="2025-04-07T14:52:28.616" /><!-- duration: 0ms -->
          </step><!-- duration: 95ms -->
          <step title="Running deployment command..." date="2025-04-07T14:52:28.680" /><!-- duration: 0ms -->
          <step title="Command: &quot;C:\home\site\deployments\tools\deploy.cmd&quot;" date="2025-04-07T14:52:28.694" /><!-- duration: 0ms -->
          <step title="Executing external process" date="2025-04-07T14:52:28.709" type="process" path="starter.cmd" arguments="&quot;C:\home\site\deployments\tools\deploy.cmd&quot;" >
            <step title="Handling Basic Web Site deployment." date="2025-04-07T14:52:29.701" /><!-- duration: 11ms -->
            <step title="Creating app_offline.htm" date="2025-04-07T14:52:33.606" /><!-- duration: 0ms -->
            <step title="KuduSync.NET from: &apos;C:\local\Temp\zipdeploy\extracted&apos; to: &apos;C:\home\site\wwwroot&apos;" date="2025-04-07T14:52:33.640" /><!-- duration: 0ms -->
            <step title="Copying file: &apos;Application.dll&apos;" date="2025-04-07T14:52:33.652" /><!-- duration: 16ms -->
            <step title="Copying file: &apos;Application.pdb&apos;" date="2025-04-07T14:52:33.669" /><!-- duration: 19ms -->
            <step title="Copying file: &apos;appsettings.json&apos;" date="2025-04-07T14:52:33.699" /><!-- duration: 18ms -->
            <step title="Copying file: &apos;appsettings.Production.json&apos;" date="2025-04-07T14:52:33.731" /><!-- duration: 0ms -->
            <step title="Copying file: &apos;Domain.dll&apos;" date="2025-04-07T14:52:33.746" /><!-- duration: 19ms -->
            <step title="Copying file: &apos;Domain.pdb&apos;" date="2025-04-07T14:52:33.777" /><!-- duration: 16ms -->
            <step title="Copying file: &apos;Infrastructure.dll&apos;" date="2025-04-07T14:52:33.813" /><!-- duration: 0ms -->
            <step title="Copying file: &apos;Infrastructure.pdb&apos;" date="2025-04-07T14:52:33.824" /><!-- duration: 0ms -->
            <step title="Copying file: &apos;WebApp&apos;" date="2025-04-07T14:52:33.842" /><!-- duration: 13ms -->
            <step title="Copying file: &apos;WebApp.dll&apos;" date="2025-04-07T14:52:33.891" /><!-- duration: 0ms -->
            <step title="Copying file: &apos;WebApp.pdb&apos;" date="2025-04-07T14:52:33.902" /><!-- duration: 19ms -->
            <step title="Copying file: &apos;Logs\log20250407.txt&apos;" date="2025-04-07T14:52:33.951" /><!-- duration: 0ms -->
            <step title="Copying file: &apos;publish\Application.Abstractions.dll&apos;" date="2025-04-07T14:52:33.981" /><!-- duration: 0ms -->
            <step title="Copying file: &apos;publish\Application.Abstractions.pdb&apos;" date="2025-04-07T14:52:33.999" /><!-- duration: 0ms -->
            <step title="Copying file: &apos;publish\Application.Common.dll&apos;" date="2025-04-07T14:52:34.028" /><!-- duration: 0ms -->
            <step title="Copying file: &apos;publish\Application.Common.pdb&apos;" date="2025-04-07T14:52:34.059" /><!-- duration: 0ms -->
            <step title="Copying file: &apos;publish\Application.dll&apos;" date="2025-04-07T14:52:34.076" /><!-- duration: 49ms -->
            <step title="Copying file: &apos;publish\Application.pdb&apos;" date="2025-04-07T14:52:34.137" /><!-- duration: 18ms -->
            <step title="Copying file: &apos;publish\Ardalis.Result.dll&apos;" date="2025-04-07T14:52:34.168" /><!-- duration: 0ms -->
            <step title="Copying file: &apos;publish\Ardalis.Result.FluentValidation.dll&apos;" date="2025-04-07T14:52:34.184" /><!-- duration: 19ms -->
            <step title="Copying file: &apos;publish\Azure.Core.dll&apos;" date="2025-04-07T14:52:34.215" /><!-- duration: 0ms -->
            <step title="Copying file: &apos;publish\Azure.Identity.dll&apos;" date="2025-04-07T14:52:34.231" /><!-- duration: 0ms -->
            <step title="Copying file: &apos;publish\Azure.Storage.Blobs.dll&apos;" date="2025-04-07T14:52:34.262" /><!-- duration: 0ms -->
            <step title="Copying file: &apos;publish\Azure.Storage.Common.dll&apos;" date="2025-04-07T14:52:34.762" /><!-- duration: 0ms -->
            <step title="Copying file: &apos;publish\Azure.Storage.Queues.dll&apos;" date="2025-04-07T14:52:34.778" /><!-- duration: 0ms -->
            <step title="Copying file: &apos;publish\BCrypt.Net-Next.dll&apos;" date="2025-04-07T14:52:34.809" /><!-- duration: 0ms -->
            <step title="Copying file: &apos;publish\Ben.Demystifier.dll&apos;" date="2025-04-07T14:52:34.826" /><!-- duration: 14ms -->
            <step title="Copying file: &apos;publish\CsvHelper.dll&apos;" date="2025-04-07T14:52:34.856" /><!-- duration: 19ms -->
            <step title="Copying file: &apos;publish\Domain.dll&apos;" date="2025-04-07T14:52:34.887" /><!-- duration: 0ms -->
            <step title="Copying file: &apos;publish\Domain.pdb&apos;" date="2025-04-07T14:52:34.934" /><!-- duration: 21ms -->
            <step title="Copying file: &apos;publish\FastExpressionCompiler.dll&apos;" date="2025-04-07T14:52:35.012" /><!-- duration: 16ms -->
            <step title="Copying file: &apos;publish\FluentValidation.AspNetCore.dll&apos;" date="2025-04-07T14:52:35.293" /><!-- duration: 36ms -->
            <step title="Copying file: &apos;publish\FluentValidation.DependencyInjectionExtensions.dll&apos;" date="2025-04-07T14:52:35.387" /><!-- duration: 31ms -->
            <step title="Copying file: &apos;publish\FluentValidation.dll&apos;" date="2025-04-07T14:52:35.512" /><!-- duration: 47ms -->
            <step title="Copying file: &apos;publish\Flurl.dll&apos;" date="2025-04-07T14:52:35.606" /><!-- duration: 0ms -->
            <step title="Copying file: &apos;publish\Humanizer.dll&apos;" date="2025-04-07T14:52:35.653" /><!-- duration: 0ms -->
            <step title="Copying file: &apos;publish\Infrastructure.dll&apos;" date="2025-04-07T14:52:35.720" /><!-- duration: 10ms -->
            <step title="Copying file: &apos;publish\Infrastructure.pdb&apos;" date="2025-04-07T14:52:35.762" /><!-- duration: 35ms -->
            <step title="Copying file: &apos;publish\Mapster.Core.dll&apos;" date="2025-04-07T14:52:35.809" /><!-- duration: 18ms -->
            <step title="Copying file: &apos;publish\Mapster.dll&apos;" date="2025-04-07T14:52:35.840" /><!-- duration: 17ms -->
            <step title="Copying file: &apos;publish\Mapster.EFCore.dll&apos;" date="2025-04-07T14:52:35.877" /><!-- duration: 10ms -->
            <step title="Copying file: &apos;publish\MediatR.Contracts.dll&apos;" date="2025-04-07T14:52:35.907" /><!-- duration: 11ms -->
            <step title="Copying file: &apos;publish\MediatR.dll&apos;" date="2025-04-07T14:52:35.937" /><!-- duration: 12ms -->
            <step title="Copying file: &apos;publish\Microsoft.AspNetCore.Authentication.JwtBearer.dll&apos;" date="2025-04-07T14:52:36.027" /><!-- duration: 19ms -->
            <step title="Copying file: &apos;publish\Microsoft.AspNetCore.Cryptography.Internal.dll&apos;" date="2025-04-07T14:52:36.137" /><!-- duration: 20ms -->
            <step title="Copying file: &apos;publish\Microsoft.AspNetCore.Cryptography.KeyDerivation.dll&apos;" date="2025-04-07T14:52:36.186" /><!-- duration: 0ms -->
            <step title="Copying file: &apos;publish\Microsoft.AspNetCore.Identity.EntityFrameworkCore.dll&apos;" date="2025-04-07T14:52:36.215" /><!-- duration: 31ms -->
            <step title="Copying file: &apos;publish\Microsoft.AspNetCore.Identity.UI.dll&apos;" date="2025-04-07T14:52:36.293" /><!-- duration: 0ms -->
            <step title="Omitting next output lines..." date="2025-04-07T14:52:36.324" /><!-- duration: 16ms -->
            <step title="Finished successfully." date="2025-04-07T14:52:49.661" /><!-- duration: 0ms -->
          </step><!-- duration: 20996ms -->
          <step title="Build completed succesfully." date="2025-04-07T14:52:49.768" /><!-- duration: 0ms -->
          <step title="Running post deployment command(s)..." date="2025-04-07T14:52:49.815" /><!-- duration: 18ms -->
          <step title="Requesting site restart" date="2025-04-07T14:52:49.924" /><!-- duration: 0ms -->
          <step title="Requesting site restart" date="2025-04-07T14:52:49.940" /><!-- duration: 0ms -->
          <step title="Requesting site restart. Attempt #1" date="2025-04-07T14:52:50.003" /><!-- duration: 0ms -->
          <step title="Requesting site restart. Attempt #1" date="2025-04-07T14:52:50.003" /><!-- duration: 0ms -->
          <step title="Successfully requested a restart. Attempt #1" date="2025-04-07T14:52:50.299" /><!-- duration: 0ms -->
          <step title="Successfully requested a restart. Attempt #1" date="2025-04-07T14:52:50.299" /><!-- duration: 16ms -->
          <step title="Deployment successful. DEPLOYMENTINFO: deploymentPath = OneDeploy, deployer = OneDeploy, os = windows, sku = Basic, siteName = iTrackerApp, siteHostName = itrackerapp.azurewebsites.net, deploymentStatus = Success" date="2025-04-07T14:52:50.362" /><!-- duration: 0ms -->
          <step title="Purge deployment items" date="2025-04-07T14:52:50.581" >
            <step title="Remove 75171ddbc, Success, received at 4/7/2025 1:40:57 PM" date="2025-04-07T14:52:50.643" /><!-- duration: 0ms -->
          </step><!-- duration: 63ms -->
        </step><!-- duration: 22387ms -->
      </step><!-- duration: 22825ms -->
      <step title="Cleaning up temp files" date="2025-04-07T14:52:50.674" /><!-- duration: 0ms -->
      <step title="Skip function trigger and logicapp sync because function is not enabled." date="2025-04-07T14:52:50.706" /><!-- duration: 16ms -->
    </step><!-- duration: 35903ms -->
    <step title="LockFile &apos;C:\home\site\locks\deployments.lock&apos; released" date="2025-04-07T14:52:50.768" /><!-- duration: 0ms -->
    <step title="Deleting shutdown sentinel file" date="2025-04-07T14:52:50.784" SemaphoreCount="8" /><!-- duration: 0ms -->
  </step><!-- duration: 47245ms -->
  <step title="Outgoing response" date="2025-04-07T14:52:50.815" type="response" statusCode="200" statusText="OK" Server="Microsoft-IIS/10.0" x-ms-request-id="d94dbfc2-13bf-11f0-88b5-56d77f9ecf73" Cache-Control="private" X-AspNet-Version="4.0.30319" /><!-- duration: 0ms -->
</step><!-- duration: 47620ms -->
