<step title="Incoming Request" date="2025-04-03T08:54:50.794" instance="e8ad92" url="/api/publish?type=zip" method="POST" type="request" pid="6388,2,8" Cache-Control="no-cache" Connection="Keep-Alive" Content-Length="29305059" Content-Type="application/octet-stream" Accept="*/*" Accept-Encoding="gzip, deflate" Authorization="Bas..." Host="itrackerapp.scm.azurewebsites.net" User-Agent="AZURECLI/2.70.0 (HOMEBREW)" x-ms-client-request-id="443d00c2-1069-11f0-83e0-56d77f9ecf73" X-ARR-LOG-ID="443d00c2-1069-11f0-83e0-56d77f9ecf73" CLIENT-IP="58.84.60.25:21235" X-SITE-DEPLOYMENT-ID="iTrackerApp" WAS-DEFAULT-HOSTNAME="itrackerapp.scm.azurewebsites.net" X-Forwarded-Proto="https" X-AppService-Proto="https" X-Forwarded-TlsVersion="1.3" X-WAWS-Unencoded-URL="/api/publish?type=zip" X-MS-COLDSTART="1" >
  <step title="OneDeploy" date="2025-04-03T08:54:51.732" >
    <step title="Starting PushDeployAsync" date="2025-04-03T08:54:51.827" /><!-- duration: 0ms -->
    <step title="Updating shutdown sentinel last write time" date="2025-04-03T08:54:52.013" SemaphoreCount="7" /><!-- duration: 0ms -->
    <step title="LockFile &apos;C:\home\site\locks\deployments.lock&apos; acquired" date="2025-04-03T08:54:52.013" /><!-- duration: 16ms -->
    <step title="Saving request content to C:\local\Temp\zipdeploy\2cdsnb40.zip" date="2025-04-03T08:54:52.030" >
      <step title="Total 29,305,059 bytes written to C:\local\Temp\zipdeploy\2cdsnb40.zip" date="2025-04-03T08:55:05.449" /><!-- duration: 16ms -->
    </step><!-- duration: 13435ms -->
    <step title="LockFile &apos;C:\home\site\locks\deployments.lock&apos; released" date="2025-04-03T08:55:05.465" /><!-- duration: 18ms -->
    <step title="Deleting shutdown sentinel file" date="2025-04-03T08:55:05.483" SemaphoreCount="8" /><!-- duration: 0ms -->
    <step title="Starting FetchDeploy" date="2025-04-03T08:55:05.496" /><!-- duration: 0ms -->
    <step title="Attempting to fetch target branch HEAD" date="2025-04-03T08:55:05.512" /><!-- duration: 0ms -->
    <step title="Updating shutdown sentinel last write time" date="2025-04-03T08:55:05.529" SemaphoreCount="7" /><!-- duration: 0ms -->
    <step title="LockFile &apos;C:\home\site\locks\deployments.lock&apos; acquired" date="2025-04-03T08:55:05.529" /><!-- duration: 0ms -->
    <step title="Performing fetch based deployment" date="2025-04-03T08:55:05.559" >
      <step title="Creating temporary deployment" date="2025-04-03T08:55:05.559" /><!-- duration: 47ms -->
      <step title="Fetching changes." date="2025-04-03T08:55:05.734" /><!-- duration: 0ms -->
      <step title="Starting LocalZipHandler" date="2025-04-03T08:55:05.746" /><!-- duration: 0ms -->
      <step title="Starting LocalZipFetch" date="2025-04-03T08:55:05.763" /><!-- duration: 0ms -->
      <step title="Cleaning up temp folders from previous zip deployments and extracting pushed zip file C:\local\Temp\zipdeploy\2cdsnb40.zip (27.95 MB) to C:\local\Temp\zipdeploy\extracted" date="2025-04-03T08:55:05.777" /><!-- duration: 0ms -->
      <step title="Cleaning up temp folders from previous zip deployments and extracting pushed zip file C:\local\Temp\zipdeploy\2cdsnb40.zip (27.95 MB) to C:\local\Temp\zipdeploy\extracted" date="2025-04-03T08:55:05.777" >
        <step title="Extracting 422 entries to C:\local\Temp\zipdeploy\extracted directory" date="2025-04-03T08:55:05.811" >
          <step title="Extracting to C:\local\Temp\zipdeploy\extracted\publish\Application.Abstractions.dll ..." date="2025-04-03T08:55:05.824" /><!-- duration: 35ms -->
          <step title="Extracting to C:\local\Temp\zipdeploy\extracted\publish\Application.Abstractions.pdb ..." date="2025-04-03T08:55:05.887" /><!-- duration: 0ms -->
          <step title="Extracting to C:\local\Temp\zipdeploy\extracted\publish\Application.Common.dll ..." date="2025-04-03T08:55:05.906" /><!-- duration: 0ms -->
          <step title="Extracting to C:\local\Temp\zipdeploy\extracted\publish\Application.Common.pdb ..." date="2025-04-03T08:55:05.906" /><!-- duration: 12ms -->
          <step title="Extracting to C:\local\Temp\zipdeploy\extracted\publish\Application.dll ..." date="2025-04-03T08:55:05.918" /><!-- duration: 16ms -->
          <step title="Omitting extracting file traces ..." date="2025-04-03T08:55:05.934" /><!-- duration: 0ms -->
        </step><!-- duration: 4826ms -->
      </step><!-- duration: 4859ms -->
      <step title="None repository commit" date="2025-04-03T08:55:10.637" >
        <step title="Commit id: 388d6e169aa84202a3be3d8a0460a693" date="2025-04-03T08:55:10.657" Message="OneDeploy" AuthorName="N/A" AuthorEmail="N/A" /><!-- duration: 0ms -->
      </step><!-- duration: 20ms -->
      <step title="Before sending BuildRequestReceived status to /api/updatedeploystatus" date="2025-04-03T08:55:10.657" /><!-- duration: 12ms -->
      <step title="DeploymentManager.Deploy(id:388d6e169aa84202a3be3d8a0460a693)" date="2025-04-03T08:55:10.668" >
        <step title="Collecting changeset information" date="2025-04-03T08:55:10.699" /><!-- duration: 31ms -->
        <step title="Updating submodules" date="2025-04-03T08:55:10.748" >
          <step title="Updating submodules." date="2025-04-03T08:55:10.778" /><!-- duration: 0ms -->
        </step><!-- duration: 45ms -->
        <step title="Preparing deployment for commit id &apos;388d6e169a&apos;." date="2025-04-03T08:55:10.840" /><!-- duration: 0ms -->
        <step title="Determining deployment builder" date="2025-04-03T08:55:10.871" >
          <step title="Builder is OneDeployBuilder" date="2025-04-03T08:55:10.887" /><!-- duration: 0ms -->
        </step><!-- duration: 16ms -->
        <step title="Copying SSH keys" date="2025-04-03T08:55:10.902" /><!-- duration: 16ms -->
        <step title="Building" date="2025-04-03T08:55:10.918" >
          <step title="Running build. Project type: OneDeploy" date="2025-04-03T08:55:10.949" /><!-- duration: 0ms -->
          <step title="Copying the manifest" date="2025-04-03T08:55:10.981" /><!-- duration: 0ms -->
          <step title="Clean deploying to C:\home\site\wwwroot" date="2025-04-03T08:55:11.012" /><!-- duration: 16ms -->
          <step title="Generating deployment script." date="2025-04-03T08:55:11.074" /><!-- duration: 0ms -->
          <step title="Generating deployment script" date="2025-04-03T08:55:11.090" >
            <step title="Using cached version of the deployment script for command: -y --no-dot-deployment -r &quot;C:\local\Temp\zipdeploy\extracted&quot; -o &quot;C:\home\site\deployments\tools&quot; --basic --sitePath &quot;C:\local\Temp\zipdeploy\extracted&quot;" date="2025-04-03T08:55:11.154" /><!-- duration: 0ms -->
            <step title="Using cached version of deployment script (command: &apos;azure -y --no-dot-deployment -r &quot;C:\local\Temp\zipdeploy\extracted&quot; -o &quot;C:\home\site\deployments\tools&quot; --basic --sitePath &quot;C:\local\Temp\zipdeploy\extracted&quot;&apos;)." date="2025-04-03T08:55:11.168" /><!-- duration: 0ms -->
          </step><!-- duration: 78ms -->
          <step title="Running deployment command..." date="2025-04-03T08:55:11.199" /><!-- duration: 16ms -->
          <step title="Command: &quot;C:\home\site\deployments\tools\deploy.cmd&quot;" date="2025-04-03T08:55:11.215" /><!-- duration: 0ms -->
          <step title="Executing external process" date="2025-04-03T08:55:11.249" type="process" path="starter.cmd" arguments="&quot;C:\home\site\deployments\tools\deploy.cmd&quot;" >
            <step title="Handling Basic Web Site deployment." date="2025-04-03T08:55:12.640" /><!-- duration: 0ms -->
            <step title="Creating app_offline.htm" date="2025-04-03T08:55:12.657" /><!-- duration: 0ms -->
            <step title="KuduSync.NET from: &apos;C:\local\Temp\zipdeploy\extracted&apos; to: &apos;C:\home\site\wwwroot&apos;" date="2025-04-03T08:55:12.674" /><!-- duration: 0ms -->
            <step title="Deleting file: &apos;cs\Microsoft.CodeAnalysis.CSharp.resources.dll&apos;" date="2025-04-03T08:55:12.688" /><!-- duration: 17ms -->
            <step title="Deleting file: &apos;cs\Microsoft.CodeAnalysis.CSharp.Workspaces.resources.dll&apos;" date="2025-04-03T08:55:12.735" /><!-- duration: 0ms -->
            <step title="Deleting file: &apos;cs\Microsoft.CodeAnalysis.resources.dll&apos;" date="2025-04-03T08:55:12.735" /><!-- duration: 16ms -->
            <step title="Deleting file: &apos;cs\Microsoft.CodeAnalysis.Workspaces.resources.dll&apos;" date="2025-04-03T08:55:12.751" /><!-- duration: 16ms -->
            <step title="Deleting directory: &apos;cs&apos;" date="2025-04-03T08:55:12.766" /><!-- duration: 0ms -->
            <step title="Deleting file: &apos;de\Microsoft.CodeAnalysis.CSharp.resources.dll&apos;" date="2025-04-03T08:55:12.782" /><!-- duration: 0ms -->
            <step title="Deleting file: &apos;de\Microsoft.CodeAnalysis.CSharp.Workspaces.resources.dll&apos;" date="2025-04-03T08:55:12.798" /><!-- duration: 0ms -->
            <step title="Deleting file: &apos;de\Microsoft.CodeAnalysis.resources.dll&apos;" date="2025-04-03T08:55:12.815" /><!-- duration: 0ms -->
            <step title="Deleting file: &apos;de\Microsoft.CodeAnalysis.Workspaces.resources.dll&apos;" date="2025-04-03T08:55:12.831" /><!-- duration: 0ms -->
            <step title="Deleting directory: &apos;de&apos;" date="2025-04-03T08:55:12.846" /><!-- duration: 0ms -->
            <step title="Deleting file: &apos;es\Microsoft.CodeAnalysis.CSharp.resources.dll&apos;" date="2025-04-03T08:55:12.846" /><!-- duration: 16ms -->
            <step title="Deleting file: &apos;es\Microsoft.CodeAnalysis.CSharp.Workspaces.resources.dll&apos;" date="2025-04-03T08:55:12.862" /><!-- duration: 0ms -->
            <step title="Deleting file: &apos;es\Microsoft.CodeAnalysis.resources.dll&apos;" date="2025-04-03T08:55:12.893" /><!-- duration: 0ms -->
            <step title="Deleting file: &apos;es\Microsoft.CodeAnalysis.Workspaces.resources.dll&apos;" date="2025-04-03T08:55:12.893" /><!-- duration: 35ms -->
            <step title="Deleting directory: &apos;es&apos;" date="2025-04-03T08:55:12.940" /><!-- duration: 0ms -->
            <step title="Deleting file: &apos;fr\Microsoft.CodeAnalysis.CSharp.resources.dll&apos;" date="2025-04-03T08:55:12.956" /><!-- duration: 16ms -->
            <step title="Deleting file: &apos;fr\Microsoft.CodeAnalysis.CSharp.Workspaces.resources.dll&apos;" date="2025-04-03T08:55:12.971" /><!-- duration: 0ms -->
            <step title="Deleting file: &apos;fr\Microsoft.CodeAnalysis.resources.dll&apos;" date="2025-04-03T08:55:12.987" /><!-- duration: 0ms -->
            <step title="Deleting file: &apos;fr\Microsoft.CodeAnalysis.Workspaces.resources.dll&apos;" date="2025-04-03T08:55:13.003" /><!-- duration: 0ms -->
            <step title="Deleting directory: &apos;fr&apos;" date="2025-04-03T08:55:13.003" /><!-- duration: 16ms -->
            <step title="Deleting file: &apos;it\Microsoft.CodeAnalysis.CSharp.resources.dll&apos;" date="2025-04-03T08:55:13.018" /><!-- duration: 16ms -->
            <step title="Deleting file: &apos;it\Microsoft.CodeAnalysis.CSharp.Workspaces.resources.dll&apos;" date="2025-04-03T08:55:13.049" /><!-- duration: 0ms -->
            <step title="Deleting file: &apos;it\Microsoft.CodeAnalysis.resources.dll&apos;" date="2025-04-03T08:55:13.065" /><!-- duration: 0ms -->
            <step title="Deleting file: &apos;it\Microsoft.CodeAnalysis.Workspaces.resources.dll&apos;" date="2025-04-03T08:55:13.081" /><!-- duration: 0ms -->
            <step title="Deleting directory: &apos;it&apos;" date="2025-04-03T08:55:13.096" /><!-- duration: 0ms -->
            <step title="Deleting file: &apos;ja\Microsoft.CodeAnalysis.CSharp.resources.dll&apos;" date="2025-04-03T08:55:13.112" /><!-- duration: 0ms -->
            <step title="Deleting file: &apos;ja\Microsoft.CodeAnalysis.CSharp.Workspaces.resources.dll&apos;" date="2025-04-03T08:55:13.129" /><!-- duration: 0ms -->
            <step title="Deleting file: &apos;ja\Microsoft.CodeAnalysis.resources.dll&apos;" date="2025-04-03T08:55:13.143" /><!-- duration: 0ms -->
            <step title="Deleting file: &apos;ja\Microsoft.CodeAnalysis.Workspaces.resources.dll&apos;" date="2025-04-03T08:55:13.159" /><!-- duration: 0ms -->
            <step title="Deleting directory: &apos;ja&apos;" date="2025-04-03T08:55:13.174" /><!-- duration: 0ms -->
            <step title="Deleting file: &apos;ko\Microsoft.CodeAnalysis.CSharp.resources.dll&apos;" date="2025-04-03T08:55:13.190" /><!-- duration: 18ms -->
            <step title="Deleting file: &apos;ko\Microsoft.CodeAnalysis.CSharp.Workspaces.resources.dll&apos;" date="2025-04-03T08:55:13.221" /><!-- duration: 0ms -->
            <step title="Deleting file: &apos;ko\Microsoft.CodeAnalysis.resources.dll&apos;" date="2025-04-03T08:55:13.237" /><!-- duration: 0ms -->
            <step title="Deleting file: &apos;ko\Microsoft.CodeAnalysis.Workspaces.resources.dll&apos;" date="2025-04-03T08:55:13.253" /><!-- duration: 0ms -->
            <step title="Deleting directory: &apos;ko&apos;" date="2025-04-03T08:55:13.268" /><!-- duration: 0ms -->
            <step title="Deleting file: &apos;pl\Microsoft.CodeAnalysis.CSharp.resources.dll&apos;" date="2025-04-03T08:55:13.284" /><!-- duration: 0ms -->
            <step title="Deleting file: &apos;pl\Microsoft.CodeAnalysis.CSharp.Workspaces.resources.dll&apos;" date="2025-04-03T08:55:13.284" /><!-- duration: 16ms -->
            <step title="Deleting file: &apos;pl\Microsoft.CodeAnalysis.resources.dll&apos;" date="2025-04-03T08:55:13.315" /><!-- duration: 0ms -->
            <step title="Deleting file: &apos;pl\Microsoft.CodeAnalysis.Workspaces.resources.dll&apos;" date="2025-04-03T08:55:13.331" /><!-- duration: 0ms -->
            <step title="Deleting directory: &apos;pl&apos;" date="2025-04-03T08:55:13.346" /><!-- duration: 0ms -->
            <step title="Deleting file: &apos;pt-BR\Microsoft.CodeAnalysis.CSharp.resources.dll&apos;" date="2025-04-03T08:55:13.362" /><!-- duration: 0ms -->
            <step title="Deleting file: &apos;pt-BR\Microsoft.CodeAnalysis.CSharp.Workspaces.resources.dll&apos;" date="2025-04-03T08:55:13.378" /><!-- duration: 0ms -->
            <step title="Deleting file: &apos;pt-BR\Microsoft.CodeAnalysis.resources.dll&apos;" date="2025-04-03T08:55:13.394" /><!-- duration: 0ms -->
            <step title="Deleting file: &apos;pt-BR\Microsoft.CodeAnalysis.Workspaces.resources.dll&apos;" date="2025-04-03T08:55:13.409" /><!-- duration: 0ms -->
            <step title="Deleting directory: &apos;pt-BR&apos;" date="2025-04-03T08:55:13.424" /><!-- duration: 0ms -->
            <step title="Deleting file: &apos;ru\Microsoft.CodeAnalysis.CSharp.resources.dll&apos;" date="2025-04-03T08:55:13.441" /><!-- duration: 0ms -->
            <step title="Deleting file: &apos;ru\Microsoft.CodeAnalysis.CSharp.Workspaces.resources.dll&apos;" date="2025-04-03T08:55:13.456" /><!-- duration: 0ms -->
            <step title="Deleting file: &apos;ru\Microsoft.CodeAnalysis.resources.dll&apos;" date="2025-04-03T08:55:13.471" /><!-- duration: 0ms -->
            <step title="Omitting next output lines..." date="2025-04-03T08:55:13.487" /><!-- duration: 0ms -->
            <step title="Finished successfully." date="2025-04-03T08:55:16.989" /><!-- duration: 19ms -->
          </step><!-- duration: 5849ms -->
          <step title="Build completed succesfully." date="2025-04-03T08:55:17.176" /><!-- duration: 0ms -->
          <step title="Running post deployment command(s)..." date="2025-04-03T08:55:17.207" /><!-- duration: 16ms -->
          <step title="Requesting site restart" date="2025-04-03T08:55:17.301" /><!-- duration: 0ms -->
          <step title="Requesting site restart" date="2025-04-03T08:55:17.301" /><!-- duration: 0ms -->
          <step title="Requesting site restart. Attempt #1" date="2025-04-03T08:55:17.348" /><!-- duration: 0ms -->
          <step title="Requesting site restart. Attempt #1" date="2025-04-03T08:55:17.364" /><!-- duration: 0ms -->
          <step title="Successfully requested a restart. Attempt #1" date="2025-04-03T08:55:17.786" /><!-- duration: 16ms -->
          <step title="Successfully requested a restart. Attempt #1" date="2025-04-03T08:55:17.802" /><!-- duration: 0ms -->
          <step title="Deployment successful. DEPLOYMENTINFO: deploymentPath = OneDeploy, deployer = OneDeploy, os = windows, sku = Basic, siteName = iTrackerApp, siteHostName = itrackerapp.azurewebsites.net, deploymentStatus = Success" date="2025-04-03T08:55:17.832" /><!-- duration: 0ms -->
          <step title="Purge deployment items" date="2025-04-03T08:55:18.051" >
            <step title="Remove eea52b92f, Success, received at 4/3/2025 6:51:10 AM" date="2025-04-03T08:55:18.098" /><!-- duration: 16ms -->
          </step><!-- duration: 63ms -->
        </step><!-- duration: 7211ms -->
      </step><!-- duration: 7461ms -->
      <step title="Cleaning up temp files" date="2025-04-03T08:55:18.129" /><!-- duration: 16ms -->
      <step title="Skip function trigger and logicapp sync because function is not enabled." date="2025-04-03T08:55:18.161" /><!-- duration: 0ms -->
    </step><!-- duration: 12633ms -->
    <step title="LockFile &apos;C:\home\site\locks\deployments.lock&apos; released" date="2025-04-03T08:55:18.207" /><!-- duration: 0ms -->
    <step title="Deleting shutdown sentinel file" date="2025-04-03T08:55:18.207" SemaphoreCount="8" /><!-- duration: 0ms -->
  </step><!-- duration: 26491ms -->
  <step title="Outgoing response" date="2025-04-03T08:55:18.303" type="response" statusCode="200" statusText="OK" Server="Microsoft-IIS/10.0" x-ms-request-id="443d00c2-1069-11f0-83e0-56d77f9ecf73" Cache-Control="private" X-AspNet-Version="4.0.30319" /><!-- duration: 0ms -->
</step><!-- duration: 27523ms -->
