<step title="Incoming Request" date="2025-04-07T14:19:44.592" instance="e8ad92" url="/api/publish?type=zip" method="POST" type="request" pid="8184,2,8" Cache-Control="no-cache" Content-Length="32589125" Content-Type="application/octet-stream" Accept="*/*" Accept-Encoding="gzip, deflate" Authorization="Bas..." Host="itrackerapp.scm.azurewebsites.net" User-Agent="AZURECLI/2.70.0 (HOMEBREW)" x-ms-client-request-id="55e123a8-13bb-11f0-9522-56d77f9ecf73" X-ARR-LOG-ID="55e123a8-13bb-11f0-9522-56d77f9ecf73" CLIENT-IP="103.93.198.139:64024" X-SITE-DEPLOYMENT-ID="iTrackerApp" WAS-DEFAULT-HOSTNAME="itrackerapp.scm.azurewebsites.net" X-Forwarded-Proto="https" X-AppService-Proto="https" X-Forwarded-TlsVersion="1.3" X-WAWS-Unencoded-URL="/api/publish?type=zip" >
  <step title="Cleanup Xml Logs" date="2025-04-07T14:19:44.592" /><!-- duration: 16ms -->
  <step title="OneDeploy" date="2025-04-07T14:19:45.644" >
    <step title="Starting PushDeployAsync" date="2025-04-07T14:19:45.675" /><!-- duration: 0ms -->
    <step title="Updating shutdown sentinel last write time" date="2025-04-07T14:19:45.722" SemaphoreCount="7" /><!-- duration: 0ms -->
    <step title="LockFile &apos;C:\home\site\locks\deployments.lock&apos; acquired" date="2025-04-07T14:19:45.741" /><!-- duration: 0ms -->
    <step title="Saving request content to C:\local\Temp\zipdeploy\sn1qddyb.zip" date="2025-04-07T14:19:45.753" >
      <step title="Total 32,589,125 bytes written to C:\local\Temp\zipdeploy\sn1qddyb.zip" date="2025-04-07T14:20:00.690" /><!-- duration: 0ms -->
    </step><!-- duration: 14937ms -->
    <step title="LockFile &apos;C:\home\site\locks\deployments.lock&apos; released" date="2025-04-07T14:20:00.706" /><!-- duration: 0ms -->
    <step title="Deleting shutdown sentinel file" date="2025-04-07T14:20:00.706" SemaphoreCount="8" /><!-- duration: 0ms -->
    <step title="Starting FetchDeploy" date="2025-04-07T14:20:00.722" /><!-- duration: 16ms -->
    <step title="Attempting to fetch target branch HEAD" date="2025-04-07T14:20:00.737" /><!-- duration: 0ms -->
    <step title="Updating shutdown sentinel last write time" date="2025-04-07T14:20:00.753" SemaphoreCount="7" /><!-- duration: 16ms -->
    <step title="LockFile &apos;C:\home\site\locks\deployments.lock&apos; acquired" date="2025-04-07T14:20:00.800" /><!-- duration: 0ms -->
    <step title="Performing fetch based deployment" date="2025-04-07T14:20:00.815" >
      <step title="Creating temporary deployment" date="2025-04-07T14:20:00.834" /><!-- duration: 77ms -->
      <step title="Fetching changes." date="2025-04-07T14:20:01.036" /><!-- duration: 0ms -->
      <step title="Starting LocalZipHandler" date="2025-04-07T14:20:01.050" /><!-- duration: 0ms -->
      <step title="Starting LocalZipFetch" date="2025-04-07T14:20:01.065" /><!-- duration: 0ms -->
      <step title="Cleaning up temp folders from previous zip deployments and extracting pushed zip file C:\local\Temp\zipdeploy\sn1qddyb.zip (31.08 MB) to C:\local\Temp\zipdeploy\extracted" date="2025-04-07T14:20:01.097" /><!-- duration: 21ms -->
      <step title="Cleaning up temp folders from previous zip deployments and extracting pushed zip file C:\local\Temp\zipdeploy\sn1qddyb.zip (31.08 MB) to C:\local\Temp\zipdeploy\extracted" date="2025-04-07T14:20:01.118" >
        <step title="Extracting 613 entries to C:\local\Temp\zipdeploy\extracted directory" date="2025-04-07T14:20:01.161" >
          <step title="Extracting to C:\local\Temp\zipdeploy\extracted\Infrastructure.dll ..." date="2025-04-07T14:20:01.175" /><!-- duration: 0ms -->
          <step title="Extracting to C:\local\Temp\zipdeploy\extracted\Azure.Storage.Common.dll ..." date="2025-04-07T14:20:01.175" /><!-- duration: 16ms -->
          <step title="Extracting to C:\local\Temp\zipdeploy\extracted\zh-Hans\Microsoft.CodeAnalysis.resources.dll ..." date="2025-04-07T14:20:01.208" /><!-- duration: 0ms -->
          <step title="Extracting to C:\local\Temp\zipdeploy\extracted\zh-Hans\Microsoft.CodeAnalysis.CSharp.Workspaces.resources.dll ..." date="2025-04-07T14:20:01.222" /><!-- duration: 0ms -->
          <step title="Extracting to C:\local\Temp\zipdeploy\extracted\zh-Hans\Microsoft.CodeAnalysis.CSharp.resources.dll ..." date="2025-04-07T14:20:01.222" /><!-- duration: 18ms -->
          <step title="Omitting extracting file traces ..." date="2025-04-07T14:20:01.239" /><!-- duration: 14ms -->
        </step><!-- duration: 5782ms -->
      </step><!-- duration: 5838ms -->
      <step title="None repository commit" date="2025-04-07T14:20:06.991" >
        <step title="Commit id: e9c43be68f774346b8ad7113b0c18be3" date="2025-04-07T14:20:07.003" Message="OneDeploy" AuthorName="N/A" AuthorEmail="N/A" /><!-- duration: 0ms -->
      </step><!-- duration: 29ms -->
      <step title="Before sending BuildRequestReceived status to /api/updatedeploystatus" date="2025-04-07T14:20:07.020" /><!-- duration: 19ms -->
      <step title="DeploymentManager.Deploy(id:e9c43be68f774346b8ad7113b0c18be3)" date="2025-04-07T14:20:07.050" >
        <step title="Collecting changeset information" date="2025-04-07T14:20:07.066" /><!-- duration: 79ms -->
        <step title="Updating submodules" date="2025-04-07T14:20:07.163" >
          <step title="Updating submodules." date="2025-04-07T14:20:07.241" /><!-- duration: 0ms -->
        </step><!-- duration: 90ms -->
        <step title="Preparing deployment for commit id &apos;e9c43be68f&apos;." date="2025-04-07T14:20:07.316" /><!-- duration: 0ms -->
        <step title="Determining deployment builder" date="2025-04-07T14:20:07.395" >
          <step title="Builder is OneDeployBuilder" date="2025-04-07T14:20:07.414" /><!-- duration: 11ms -->
        </step><!-- duration: 30ms -->
        <step title="Copying SSH keys" date="2025-04-07T14:20:07.456" /><!-- duration: 16ms -->
        <step title="Building" date="2025-04-07T14:20:07.472" >
          <step title="Running build. Project type: OneDeploy" date="2025-04-07T14:20:07.519" /><!-- duration: 19ms -->
          <step title="Copying the manifest" date="2025-04-07T14:20:07.612" /><!-- duration: 16ms -->
          <step title="Clean deploying to C:\home\site\wwwroot" date="2025-04-07T14:20:07.675" /><!-- duration: 0ms -->
          <step title="Generating deployment script." date="2025-04-07T14:20:07.753" /><!-- duration: 0ms -->
          <step title="Generating deployment script" date="2025-04-07T14:20:07.772" >
            <step title="Using cached version of the deployment script for command: -y --no-dot-deployment -r &quot;C:\local\Temp\zipdeploy\extracted&quot; -o &quot;C:\home\site\deployments\tools&quot; --basic --sitePath &quot;C:\local\Temp\zipdeploy\extracted&quot;" date="2025-04-07T14:20:07.862" /><!-- duration: 0ms -->
            <step title="Using cached version of deployment script (command: &apos;azure -y --no-dot-deployment -r &quot;C:\local\Temp\zipdeploy\extracted&quot; -o &quot;C:\home\site\deployments\tools&quot; --basic --sitePath &quot;C:\local\Temp\zipdeploy\extracted&quot;&apos;)." date="2025-04-07T14:20:07.878" /><!-- duration: 0ms -->
          </step><!-- duration: 122ms -->
          <step title="Running deployment command..." date="2025-04-07T14:20:07.925" /><!-- duration: 0ms -->
          <step title="Command: &quot;C:\home\site\deployments\tools\deploy.cmd&quot;" date="2025-04-07T14:20:07.941" /><!-- duration: 0ms -->
          <step title="Executing external process" date="2025-04-07T14:20:07.988" type="process" path="starter.cmd" arguments="&quot;C:\home\site\deployments\tools\deploy.cmd&quot;" >
            <step title="Handling Basic Web Site deployment." date="2025-04-07T14:20:08.550" /><!-- duration: 19ms -->
            <step title="Creating app_offline.htm" date="2025-04-07T14:20:12.160" /><!-- duration: 19ms -->
            <step title="KuduSync.NET from: &apos;C:\local\Temp\zipdeploy\extracted&apos; to: &apos;C:\home\site\wwwroot&apos;" date="2025-04-07T14:20:12.191" /><!-- duration: 16ms -->
            <step title="Deleting file: &apos;Logs\log20250407.txt&apos;" date="2025-04-07T14:20:12.225" /><!-- duration: 0ms -->
            <step title="Failed exitCode=1, command=&quot;kudusync&quot; -v 50 -x -f &quot;C:\local\Temp\zipdeploy\extracted&quot; -t &quot;C:\home\site\wwwroot&quot; -n &quot;C:\local\Temp\tmp2F7A.tmp&quot; -p &quot;C:\local\Temp\tmp2F7A.tmp&quot; -i &quot;.git;.hg;.deployment;deploy.cmd&quot;" date="2025-04-07T14:20:12.413" /><!-- duration: 12ms -->
            <step title="An error has occurred during web site deployment." date="2025-04-07T14:20:12.441" /><!-- duration: 19ms -->
            <step title="Error: Failed to change file that is currently being used &quot;C:\home\site\wwwroot\Logs\log20250407.txt&quot;" date="2025-04-07T14:20:12.536" /><!-- duration: 19ms -->
            <step title="Process dump" date="2025-04-07T14:20:12.583" exitCode="255" type="processOutput" /><!-- duration: 47ms -->
          </step><!-- duration: 4656ms -->
          <step title="Error: Failed to change file that is currently being used &quot;C:\home\site\wwwroot\Logs\log20250407.txt&quot;
C:\Program Files (x86)\SiteExtensions\Kudu\103.110221.001\bin\Scripts\starter.cmd &quot;C:\home\site\deployments\tools\deploy.cmd&quot; DEPLOYMENTINFO: deploymentPath = OneDeploy, deployer = OneDeploy, os = windows, sku = Basic, siteName = iTrackerApp, siteHostName = itrackerapp.azurewebsites.net, deploymentStatus = Error" date="2025-04-07T14:20:12.659" /><!-- duration: 17ms -->
          <step title="Error occurred" date="2025-04-07T14:20:12.695" type="error" text="Error: Failed to change file that is currently being used &quot;C:\home\site\wwwroot\Logs\log20250407.txt&quot;
C:\Program Files (x86)\SiteExtensions\Kudu\103.110221.001\bin\Scripts\starter.cmd &quot;C:\home\site\deployments\tools\deploy.cmd&quot;" stackTrace="   at Kudu.Core.Infrastructure.Executable.ExecuteInternal(ITracer tracer, Func`2 onWriteOutput, Func`2 onWriteError, Encoding encoding, String arguments, Object[] args)
   at Kudu.Core.Infrastructure.Executable.ExecuteWithProgressWriter(ILogger logger, ITracer tracer, String arguments, Object[] args)
   at Kudu.Core.Deployment.Generator.ExternalCommandBuilder.RunCommand(DeploymentContext context, String command, Boolean ignoreManifest, String message)" /><!-- duration: 11ms -->
          <step title="Build completed succesfully." date="2025-04-07T14:20:12.863" /><!-- duration: 0ms -->
          <step title="Running post deployment command(s)..." date="2025-04-07T14:20:12.956" /><!-- duration: 47ms -->
          <step title="Requesting site restart" date="2025-04-07T14:20:13.191" /><!-- duration: 0ms -->
          <step title="Requesting site restart" date="2025-04-07T14:20:13.191" /><!-- duration: 0ms -->
          <step title="Requesting site restart. Attempt #1" date="2025-04-07T14:20:13.253" /><!-- duration: 17ms -->
          <step title="Requesting site restart. Attempt #1" date="2025-04-07T14:20:13.300" /><!-- duration: 0ms -->
          <step title="Successfully requested a restart. Attempt #1" date="2025-04-07T14:20:14.347" /><!-- duration: 0ms -->
          <step title="Successfully requested a restart. Attempt #1" date="2025-04-07T14:20:14.363" /><!-- duration: 0ms -->
          <step title="Deployment successful. DEPLOYMENTINFO: deploymentPath = OneDeploy, deployer = OneDeploy, os = windows, sku = Basic, siteName = iTrackerApp, siteHostName = itrackerapp.azurewebsites.net, deploymentStatus = Success" date="2025-04-07T14:20:14.441" /><!-- duration: 0ms -->
          <step title="Purge deployment items" date="2025-04-07T14:20:14.659" >
            <step title="Remove be7f9bef8, Success, received at 4/7/2025 9:41:09 AM" date="2025-04-07T14:20:14.738" /><!-- duration: 0ms -->
          </step><!-- duration: 94ms -->
        </step><!-- duration: 7299ms -->
      </step><!-- duration: 7721ms -->
      <step title="Cleaning up temp files" date="2025-04-07T14:20:14.784" /><!-- duration: 0ms -->
      <step title="Skip function trigger and logicapp sync because function is not enabled." date="2025-04-07T14:20:14.800" /><!-- duration: 0ms -->
    </step><!-- duration: 14063ms -->
    <step title="LockFile &apos;C:\home\site\locks\deployments.lock&apos; released" date="2025-04-07T14:20:14.878" /><!-- duration: 0ms -->
    <step title="Deleting shutdown sentinel file" date="2025-04-07T14:20:14.878" SemaphoreCount="8" /><!-- duration: 16ms -->
  </step><!-- duration: 29250ms -->
  <step title="Outgoing response" date="2025-04-07T14:20:14.943" type="response" statusCode="200" statusText="OK" Server="Microsoft-IIS/10.0" x-ms-request-id="55e123a8-13bb-11f0-9522-56d77f9ecf73" Cache-Control="private" X-AspNet-Version="4.0.30319" /><!-- duration: 0ms -->
</step><!-- duration: 30351ms -->
