<step title="Incoming Request" date="2025-04-08T04:46:53.116" instance="e8ad92" url="/api/publish?type=zip" method="POST" type="request" pid="6800,2,8" Cache-Control="no-cache" Content-Length="65655789" Content-Type="application/octet-stream" Accept="*/*" Accept-Encoding="gzip, deflate" Authorization="Bas..." Host="itrackerapp.scm.azurewebsites.net" User-Agent="AZURECLI/2.70.0 (HOMEBREW)" x-ms-client-request-id="7643d16c-1434-11f0-80f5-56d77f9ecf73" X-ARR-LOG-ID="7643d16c-1434-11f0-80f5-56d77f9ecf73" CLIENT-IP="103.93.198.139:56503" X-SITE-DEPLOYMENT-ID="iTrackerApp" WAS-DEFAULT-HOSTNAME="itrackerapp.scm.azurewebsites.net" X-Forwarded-Proto="https" X-AppService-Proto="https" X-Forwarded-TlsVersion="1.3" X-WAWS-Unencoded-URL="/api/publish?type=zip" >
  <step title="OneDeploy" date="2025-04-08T04:46:53.899" >
    <step title="Starting PushDeployAsync" date="2025-04-08T04:46:54.006" /><!-- duration: 31ms -->
    <step title="Updating shutdown sentinel last write time" date="2025-04-08T04:46:54.259" SemaphoreCount="7" /><!-- duration: 49ms -->
    <step title="LockFile &apos;C:\home\site\locks\deployments.lock&apos; acquired" date="2025-04-08T04:46:54.319" /><!-- duration: 78ms -->
    <step title="Saving request content to C:\local\Temp\zipdeploy\i315tvv5.zip" date="2025-04-08T04:46:54.413" >
      <step title="Total 65,655,789 bytes written to C:\local\Temp\zipdeploy\i315tvv5.zip" date="2025-04-08T04:47:08.864" /><!-- duration: 0ms -->
    </step><!-- duration: 14451ms -->
    <step title="LockFile &apos;C:\home\site\locks\deployments.lock&apos; released" date="2025-04-08T04:47:08.880" /><!-- duration: 0ms -->
    <step title="Deleting shutdown sentinel file" date="2025-04-08T04:47:08.880" SemaphoreCount="8" /><!-- duration: 16ms -->
    <step title="Starting FetchDeploy" date="2025-04-08T04:47:08.916" /><!-- duration: 10ms -->
    <step title="Attempting to fetch target branch HEAD" date="2025-04-08T04:47:08.927" /><!-- duration: 19ms -->
    <step title="Updating shutdown sentinel last write time" date="2025-04-08T04:47:08.974" SemaphoreCount="7" /><!-- duration: 0ms -->
    <step title="LockFile &apos;C:\home\site\locks\deployments.lock&apos; acquired" date="2025-04-08T04:47:08.974" /><!-- duration: 0ms -->
    <step title="Performing fetch based deployment" date="2025-04-08T04:47:09.005" >
      <step title="Creating temporary deployment" date="2025-04-08T04:47:09.020" /><!-- duration: 78ms -->
      <step title="Fetching changes." date="2025-04-08T04:47:09.302" /><!-- duration: 16ms -->
      <step title="Starting LocalZipHandler" date="2025-04-08T04:47:09.317" /><!-- duration: 16ms -->
      <step title="Starting LocalZipFetch" date="2025-04-08T04:47:09.349" /><!-- duration: 0ms -->
      <step title="Cleaning up temp folders from previous zip deployments and extracting pushed zip file C:\local\Temp\zipdeploy\i315tvv5.zip (62.61 MB) to C:\local\Temp\zipdeploy\extracted" date="2025-04-08T04:47:09.364" /><!-- duration: 0ms -->
      <step title="Cleaning up temp folders from previous zip deployments and extracting pushed zip file C:\local\Temp\zipdeploy\i315tvv5.zip (62.61 MB) to C:\local\Temp\zipdeploy\extracted" date="2025-04-08T04:47:09.380" >
        <step title="Renaming extractTargetDirectory(C:\local\Temp\zipdeploy\extracted) to tempDirectory(C:\local\Temp\zipdeploy\vguikesi.4n5)" date="2025-04-08T04:47:09.380" /><!-- duration: 18ms -->
        <step title="Extracting 1112 entries to C:\local\Temp\zipdeploy\extracted directory" date="2025-04-08T04:47:09.650" >
          <step title="Extracting to C:\local\Temp\zipdeploy\extracted\publish\Infrastructure.dll ..." date="2025-04-08T04:47:09.650" /><!-- duration: 230ms -->
          <step title="Extracting to C:\local\Temp\zipdeploy\extracted\publish\Azure.Storage.Common.dll ..." date="2025-04-08T04:47:10.100" /><!-- duration: 19ms -->
          <step title="Extracting to C:\local\Temp\zipdeploy\extracted\publish\zh-Hans\Microsoft.CodeAnalysis.resources.dll ..." date="2025-04-08T04:47:10.630" /><!-- duration: 188ms -->
          <step title="Extracting to C:\local\Temp\zipdeploy\extracted\publish\zh-Hans\Microsoft.CodeAnalysis.CSharp.Workspaces.resources.dll ..." date="2025-04-08T04:47:10.864" /><!-- duration: 19ms -->
          <step title="Extracting to C:\local\Temp\zipdeploy\extracted\publish\zh-Hans\Microsoft.CodeAnalysis.CSharp.resources.dll ..." date="2025-04-08T04:47:10.883" /><!-- duration: 30ms -->
          <step title="Omitting extracting file traces ..." date="2025-04-08T04:47:10.913" /><!-- duration: 13ms -->
        </step><!-- duration: 14013ms -->
      </step><!-- duration: 14314ms -->
      <step title="None repository commit" date="2025-04-08T04:47:23.708" >
        <step title="Commit id: 1541190cbf644a9eaf122c2e99b53ed2" date="2025-04-08T04:47:23.724" Message="OneDeploy" AuthorName="N/A" AuthorEmail="N/A" /><!-- duration: 0ms -->
      </step><!-- duration: 16ms -->
      <step title="Before sending BuildRequestReceived status to /api/updatedeploystatus" date="2025-04-08T04:47:23.724" /><!-- duration: 0ms -->
      <step title="DeploymentManager.Deploy(id:1541190cbf644a9eaf122c2e99b53ed2)" date="2025-04-08T04:47:23.740" >
        <step title="Collecting changeset information" date="2025-04-08T04:47:23.755" /><!-- duration: 78ms -->
        <step title="Updating submodules" date="2025-04-08T04:47:23.833" >
          <step title="Updating submodules." date="2025-04-08T04:47:23.912" /><!-- duration: 0ms -->
        </step><!-- duration: 95ms -->
        <step title="Preparing deployment for commit id &apos;1541190cbf&apos;." date="2025-04-08T04:47:24.005" /><!-- duration: 32ms -->
        <step title="Determining deployment builder" date="2025-04-08T04:47:24.162" >
          <step title="Builder is OneDeployBuilder" date="2025-04-08T04:47:24.180" /><!-- duration: 0ms -->
        </step><!-- duration: 18ms -->
        <step title="Copying SSH keys" date="2025-04-08T04:47:24.209" /><!-- duration: 0ms -->
        <step title="Building" date="2025-04-08T04:47:24.228" >
          <step title="Running build. Project type: OneDeploy" date="2025-04-08T04:47:24.275" /><!-- duration: 0ms -->
          <step title="Copying the manifest" date="2025-04-08T04:47:24.352" /><!-- duration: 13ms -->
          <step title="Clean deploying to C:\home\site\wwwroot" date="2025-04-08T04:47:24.477" /><!-- duration: 0ms -->
          <step title="Generating deployment script." date="2025-04-08T04:47:24.603" /><!-- duration: 0ms -->
          <step title="Generating deployment script" date="2025-04-08T04:47:24.603" >
            <step title="Using cached version of the deployment script for command: -y --no-dot-deployment -r &quot;C:\local\Temp\zipdeploy\extracted&quot; -o &quot;C:\home\site\deployments\tools&quot; --basic --sitePath &quot;C:\local\Temp\zipdeploy\extracted&quot;" date="2025-04-08T04:47:24.709" /><!-- duration: 15ms -->
            <step title="Using cached version of deployment script (command: &apos;azure -y --no-dot-deployment -r &quot;C:\local\Temp\zipdeploy\extracted&quot; -o &quot;C:\home\site\deployments\tools&quot; --basic --sitePath &quot;C:\local\Temp\zipdeploy\extracted&quot;&apos;)." date="2025-04-08T04:47:24.724" /><!-- duration: 16ms -->
          </step><!-- duration: 137ms -->
          <step title="Running deployment command..." date="2025-04-08T04:47:24.787" /><!-- duration: 0ms -->
          <step title="Command: &quot;C:\home\site\deployments\tools\deploy.cmd&quot;" date="2025-04-08T04:47:24.802" /><!-- duration: 16ms -->
          <step title="Executing external process" date="2025-04-08T04:47:24.865" type="process" path="starter.cmd" arguments="&quot;C:\home\site\deployments\tools\deploy.cmd&quot;" >
            <step title="Handling Basic Web Site deployment." date="2025-04-08T04:47:25.617" /><!-- duration: 13ms -->
            <step title="Creating app_offline.htm" date="2025-04-08T04:47:27.037" /><!-- duration: 0ms -->
            <step title="KuduSync.NET from: &apos;C:\local\Temp\zipdeploy\extracted&apos; to: &apos;C:\home\site\wwwroot&apos;" date="2025-04-08T04:47:27.132" /><!-- duration: 0ms -->
            <step title="Copying file: &apos;Application.Abstractions.dll&apos;" date="2025-04-08T04:47:27.162" /><!-- duration: 0ms -->
            <step title="Copying file: &apos;Application.Abstractions.pdb&apos;" date="2025-04-08T04:47:27.228" /><!-- duration: 0ms -->
            <step title="Copying file: &apos;Application.dll&apos;" date="2025-04-08T04:47:27.240" /><!-- duration: 0ms -->
            <step title="Copying file: &apos;Application.pdb&apos;" date="2025-04-08T04:47:27.255" /><!-- duration: 0ms -->
            <step title="Copying file: &apos;Domain.dll&apos;" date="2025-04-08T04:47:27.271" /><!-- duration: 0ms -->
            <step title="Copying file: &apos;Domain.pdb&apos;" date="2025-04-08T04:47:27.271" /><!-- duration: 16ms -->
            <step title="Copying file: &apos;Infrastructure.dll&apos;" date="2025-04-08T04:47:27.287" /><!-- duration: 0ms -->
            <step title="Copying file: &apos;Infrastructure.pdb&apos;" date="2025-04-08T04:47:27.318" /><!-- duration: 0ms -->
            <step title="Copying file: &apos;WebApp&apos;" date="2025-04-08T04:47:27.318" /><!-- duration: 0ms -->
            <step title="Copying file: &apos;WebApp.dll&apos;" date="2025-04-08T04:47:27.333" /><!-- duration: 0ms -->
            <step title="Copying file: &apos;WebApp.pdb&apos;" date="2025-04-08T04:47:27.333" /><!-- duration: 16ms -->
            <step title="Deleting file: &apos;Logs\log20250408.txt&apos;" date="2025-04-08T04:47:27.349" /><!-- duration: 0ms -->
            <step title="Deleting app_offline.htm" date="2025-04-08T04:47:27.365" /><!-- duration: 0ms -->
            <step title="Finished successfully." date="2025-04-08T04:47:27.380" /><!-- duration: 0ms -->
          </step><!-- duration: 2531ms -->
          <step title="Build completed succesfully." date="2025-04-08T04:47:27.458" /><!-- duration: 0ms -->
          <step title="Running post deployment command(s)..." date="2025-04-08T04:47:27.556" /><!-- duration: 28ms -->
          <step title="Requesting site restart" date="2025-04-08T04:47:27.662" /><!-- duration: 18ms -->
          <step title="Requesting site restart" date="2025-04-08T04:47:27.680" /><!-- duration: 13ms -->
          <step title="Requesting site restart. Attempt #1" date="2025-04-08T04:47:27.755" /><!-- duration: 0ms -->
          <step title="Requesting site restart. Attempt #1" date="2025-04-08T04:47:27.755" /><!-- duration: 16ms -->
          <step title="Successfully requested a restart. Attempt #1" date="2025-04-08T04:47:28.334" /><!-- duration: 17ms -->
          <step title="Successfully requested a restart. Attempt #1" date="2025-04-08T04:47:28.351" /><!-- duration: 0ms -->
          <step title="Deployment successful. DEPLOYMENTINFO: deploymentPath = OneDeploy, deployer = OneDeploy, os = windows, sku = Basic, siteName = iTrackerApp, siteHostName = itrackerapp.azurewebsites.net, deploymentStatus = Success" date="2025-04-08T04:47:28.412" /><!-- duration: 0ms -->
          <step title="Purge deployment items" date="2025-04-08T04:47:28.693" >
            <step title="Remove ed32ea70b, Success, received at 4/7/2025 1:56:27 PM" date="2025-04-08T04:47:28.755" /><!-- duration: 16ms -->
          </step><!-- duration: 78ms -->
        </step><!-- duration: 4575ms -->
      </step><!-- duration: 5079ms -->
      <step title="Cleaning up temp files" date="2025-04-08T04:47:28.818" /><!-- duration: 15ms -->
      <step title="Skip function trigger and logicapp sync because function is not enabled." date="2025-04-08T04:47:28.849" /><!-- duration: 0ms -->
    </step><!-- duration: 19891ms -->
    <step title="LockFile &apos;C:\home\site\locks\deployments.lock&apos; released" date="2025-04-08T04:47:28.912" /><!-- duration: 0ms -->
    <step title="Deleting shutdown sentinel file" date="2025-04-08T04:47:28.963" SemaphoreCount="8" /><!-- duration: 11ms -->
  </step><!-- duration: 35093ms -->
  <step title="Outgoing response" date="2025-04-08T04:47:29.194" type="response" statusCode="200" statusText="OK" Server="Microsoft-IIS/10.0" x-ms-request-id="7643d16c-1434-11f0-80f5-56d77f9ecf73" Cache-Control="private" X-AspNet-Version="4.0.30319" /><!-- duration: 19ms -->
</step><!-- duration: 36108ms -->
