<step title="Incoming Request" date="2025-04-07T14:15:02.733" instance="e8ad92" url="/api/publish?type=zip" method="POST" type="request" pid="3164,2,13" Cache-Control="no-cache" Content-Length="32539662" Content-Type="application/octet-stream" Accept="*/*" Accept-Encoding="gzip, deflate" Authorization="Bas..." Host="itrackerapp.scm.azurewebsites.net" User-Agent="AZURECLI/2.70.0 (HOMEBREW)" x-ms-client-request-id="ac3cb9c0-13ba-11f0-a2d5-56d77f9ecf73" X-ARR-LOG-ID="ac3cb9c0-13ba-11f0-a2d5-56d77f9ecf73" CLIENT-IP="103.93.198.139:63894" X-SITE-DEPLOYMENT-ID="iTrackerApp" WAS-DEFAULT-HOSTNAME="itrackerapp.scm.azurewebsites.net" X-Forwarded-Proto="https" X-AppService-Proto="https" X-Forwarded-TlsVersion="1.3" X-WAWS-Unencoded-URL="/api/publish?type=zip" >
  <step title="Cleanup Xml Logs" date="2025-04-07T14:15:02.749" /><!-- duration: 0ms -->
  <step title="OneDeploy" date="2025-04-07T14:15:04.049" >
    <step title="Starting PushDeployAsync" date="2025-04-07T14:15:04.078" /><!-- duration: 30ms -->
    <step title="Updating shutdown sentinel last write time" date="2025-04-07T14:15:04.202" SemaphoreCount="7" /><!-- duration: 0ms -->
    <step title="LockFile &apos;C:\home\site\locks\deployments.lock&apos; acquired" date="2025-04-07T14:15:04.220" /><!-- duration: 0ms -->
    <step title="Saving request content to C:\local\Temp\zipdeploy\kiolmzfy.zip" date="2025-04-07T14:15:04.233" >
      <step title="Writing 2,863,104 bytes to C:\local\Temp\zipdeploy\kiolmzfy.zip" date="2025-04-07T14:15:34.303" /><!-- duration: 16ms -->
      <step title="Writing 7,352,320 bytes to C:\local\Temp\zipdeploy\kiolmzfy.zip" date="2025-04-07T14:16:04.335" /><!-- duration: 14ms -->
      <step title="Total 32,539,662 bytes written to C:\local\Temp\zipdeploy\kiolmzfy.zip" date="2025-04-07T14:16:31.889" /><!-- duration: 0ms -->
    </step><!-- duration: 87672ms -->
    <step title="LockFile &apos;C:\home\site\locks\deployments.lock&apos; released" date="2025-04-07T14:16:31.905" /><!-- duration: 0ms -->
    <step title="Deleting shutdown sentinel file" date="2025-04-07T14:16:31.921" SemaphoreCount="8" /><!-- duration: 0ms -->
    <step title="Starting FetchDeploy" date="2025-04-07T14:16:31.936" /><!-- duration: 0ms -->
    <step title="Attempting to fetch target branch HEAD" date="2025-04-07T14:16:31.936" /><!-- duration: 0ms -->
    <step title="Updating shutdown sentinel last write time" date="2025-04-07T14:16:31.968" SemaphoreCount="7" /><!-- duration: 16ms -->
    <step title="LockFile &apos;C:\home\site\locks\deployments.lock&apos; acquired" date="2025-04-07T14:16:31.983" /><!-- duration: 0ms -->
    <step title="Performing fetch based deployment" date="2025-04-07T14:16:32.002" >
      <step title="Creating temporary deployment" date="2025-04-07T14:16:32.014" /><!-- duration: 31ms -->
      <step title="Fetching changes." date="2025-04-07T14:16:32.204" /><!-- duration: 13ms -->
      <step title="Starting LocalZipHandler" date="2025-04-07T14:16:32.233" /><!-- duration: 19ms -->
      <step title="Starting LocalZipFetch" date="2025-04-07T14:16:32.253" /><!-- duration: 12ms -->
      <step title="Cleaning up temp folders from previous zip deployments and extracting pushed zip file C:\local\Temp\zipdeploy\kiolmzfy.zip (31.03 MB) to C:\local\Temp\zipdeploy\extracted" date="2025-04-07T14:16:32.264" /><!-- duration: 0ms -->
      <step title="Cleaning up temp folders from previous zip deployments and extracting pushed zip file C:\local\Temp\zipdeploy\kiolmzfy.zip (31.03 MB) to C:\local\Temp\zipdeploy\extracted" date="2025-04-07T14:16:32.280" >
        <step title="Extracting 600 entries to C:\local\Temp\zipdeploy\extracted directory" date="2025-04-07T14:16:32.330" >
          <step title="Extracting to C:\local\Temp\zipdeploy\extracted\Infrastructure.dll ..." date="2025-04-07T14:16:32.343" /><!-- duration: 0ms -->
          <step title="Extracting to C:\local\Temp\zipdeploy\extracted\Azure.Storage.Common.dll ..." date="2025-04-07T14:16:32.343" /><!-- duration: 31ms -->
          <step title="Extracting to C:\local\Temp\zipdeploy\extracted\zh-Hans\Microsoft.CodeAnalysis.resources.dll ..." date="2025-04-07T14:16:32.374" /><!-- duration: 16ms -->
          <step title="Extracting to C:\local\Temp\zipdeploy\extracted\zh-Hans\Microsoft.CodeAnalysis.CSharp.Workspaces.resources.dll ..." date="2025-04-07T14:16:32.389" /><!-- duration: 16ms -->
          <step title="Extracting to C:\local\Temp\zipdeploy\extracted\zh-Hans\Microsoft.CodeAnalysis.CSharp.resources.dll ..." date="2025-04-07T14:16:32.405" /><!-- duration: 20ms -->
          <step title="Omitting extracting file traces ..." date="2025-04-07T14:16:32.425" /><!-- duration: 11ms -->
        </step><!-- duration: 5592ms -->
      </step><!-- duration: 5642ms -->
      <step title="None repository commit" date="2025-04-07T14:16:37.970" >
        <step title="Commit id: 43b73a8629eb46c68506a6281f2a1e4a" date="2025-04-07T14:16:37.983" Message="OneDeploy" AuthorName="N/A" AuthorEmail="N/A" /><!-- duration: 0ms -->
      </step><!-- duration: 29ms -->
      <step title="Before sending BuildRequestReceived status to /api/updatedeploystatus" date="2025-04-07T14:16:38.018" /><!-- duration: 0ms -->
      <step title="DeploymentManager.Deploy(id:43b73a8629eb46c68506a6281f2a1e4a)" date="2025-04-07T14:16:38.046" >
        <step title="Collecting changeset information" date="2025-04-07T14:16:38.062" /><!-- duration: 47ms -->
        <step title="Updating submodules" date="2025-04-07T14:16:38.109" >
          <step title="Updating submodules." date="2025-04-07T14:16:38.205" /><!-- duration: 28ms -->
        </step><!-- duration: 125ms -->
        <step title="Preparing deployment for commit id &apos;43b73a8629&apos;." date="2025-04-07T14:16:38.311" /><!-- duration: 0ms -->
        <step title="Determining deployment builder" date="2025-04-07T14:16:38.374" >
          <step title="Builder is OneDeployBuilder" date="2025-04-07T14:16:38.374" /><!-- duration: 16ms -->
        </step><!-- duration: 16ms -->
        <step title="Copying SSH keys" date="2025-04-07T14:16:38.436" /><!-- duration: 16ms -->
        <step title="Building" date="2025-04-07T14:16:38.452" >
          <step title="Running build. Project type: OneDeploy" date="2025-04-07T14:16:38.484" /><!-- duration: 19ms -->
          <step title="Copying the manifest" date="2025-04-07T14:16:38.546" /><!-- duration: 0ms -->
          <step title="Clean deploying to C:\home\site\wwwroot" date="2025-04-07T14:16:38.655" /><!-- duration: 0ms -->
          <step title="Generating deployment script." date="2025-04-07T14:16:38.718" /><!-- duration: 16ms -->
          <step title="Generating deployment script" date="2025-04-07T14:16:38.733" >
            <step title="Using cached version of the deployment script for command: -y --no-dot-deployment -r &quot;C:\local\Temp\zipdeploy\extracted&quot; -o &quot;C:\home\site\deployments\tools&quot; --basic --sitePath &quot;C:\local\Temp\zipdeploy\extracted&quot;" date="2025-04-07T14:16:38.844" /><!-- duration: 0ms -->
            <step title="Using cached version of deployment script (command: &apos;azure -y --no-dot-deployment -r &quot;C:\local\Temp\zipdeploy\extracted&quot; -o &quot;C:\home\site\deployments\tools&quot; --basic --sitePath &quot;C:\local\Temp\zipdeploy\extracted&quot;&apos;)." date="2025-04-07T14:16:38.858" /><!-- duration: 0ms -->
          </step><!-- duration: 156ms -->
          <step title="Running deployment command..." date="2025-04-07T14:16:38.937" /><!-- duration: 0ms -->
          <step title="Command: &quot;C:\home\site\deployments\tools\deploy.cmd&quot;" date="2025-04-07T14:16:38.999" /><!-- duration: 0ms -->
          <step title="Executing external process" date="2025-04-07T14:16:39.032" type="process" path="starter.cmd" arguments="&quot;C:\home\site\deployments\tools\deploy.cmd&quot;" >
            <step title="Handling Basic Web Site deployment." date="2025-04-07T14:16:39.734" /><!-- duration: 18ms -->
            <step title="Creating app_offline.htm" date="2025-04-07T14:16:43.765"             <step title="Error: Failed to change file that is currently being used &quot;C:\home\site\wwwroot\Logs\log20250407.txt&quot;" date="2025-04-07T14:16:43.765" /><!-- duration: 16ms -->
/><!-- duration: 16ms -->
            <step title="KuduSync.NET from: &apos;C:\local\Temp\zipdeploy\extracted&apos; to: &apos;C:\home\site\wwwroot&apos;" date="2025-04-07T14:16:43.828" /><!-- duration: 0ms -->
            <step title="Deleting file: &apos;Logs\log20250407.txt&apos;" date="2025-04-07T14:16:43.847" /><!-- duration: 0ms -->
            <step title="Failed exitCode=1, command=&quot;kudusync&quot; -v 50 -x -f &quot;C:\local\Temp\zipdeploy\extracted&quot; -t &quot;C:\home\site\wwwroot&quot; -n &quot;C:\local\Temp\tmpFF02.tmp&quot; -p &quot;C:\local\Temp\tmpFF02.tmp&quot; -i &quot;.git;.hg;.deployment;deploy.cmd&quot;" date="2025-04-07T14:16:43.876" /><!-- duration: 19ms -->
            <step title="An error has occurred during web site deployment." date="2025-04-07T14:16:43.906" /><!-- duration: 18ms -->
            <step title="Process dump" date="2025-04-07T14:16:43.937" exitCode="255" type="processOutput" /><!-- duration: 0ms -->
          </step><!-- duration: 4905ms -->
          <step title="Error: Failed to change file that is currently being used &quot;C:\home\site\wwwroot\Logs\log20250407.txt&quot;
C:\Program Files (x86)\SiteExtensions\Kudu\103.110221.001\bin\Scripts\starter.cmd &quot;C:\home\site\deployments\tools\deploy.cmd&quot; DEPLOYMENTINFO: deploymentPath = OneDeploy, deployer = OneDeploy, os = windows, sku = Basic, siteName = iTrackerApp, siteHostName = itrackerapp.azurewebsites.net, deploymentStatus = Error" date="2025-04-07T14:16:43.953" /><!-- duration: 0ms -->
          <step title="Error occurred" date="2025-04-07T14:16:43.968" type="error" text="Error: Failed to change file that is currently being used &quot;C:\home\site\wwwroot\Logs\log20250407.txt&quot;
C:\Program Files (x86)\SiteExtensions\Kudu\103.110221.001\bin\Scripts\starter.cmd &quot;C:\home\site\deployments\tools\deploy.cmd&quot;" stackTrace="   at Kudu.Core.Infrastructure.Executable.ExecuteInternal(ITracer tracer, Func`2 onWriteOutput, Func`2 onWriteError, Encoding encoding, String arguments, Object[] args)
   at Kudu.Core.Infrastructure.Executable.ExecuteWithProgressWriter(ILogger logger, ITracer tracer, String arguments, Object[] args)
   at Kudu.Core.Deployment.Generator.ExternalCommandBuilder.RunCommand(DeploymentContext context, String command, Boolean ignoreManifest, String message)" /><!-- duration: 0ms -->
          <step title="Build completed succesfully." date="2025-04-07T14:16:44.015" /><!-- duration: 0ms -->
          <step title="Running post deployment command(s)..." date="2025-04-07T14:16:44.140" /><!-- duration: 0ms -->
          <step title="Requesting site restart" date="2025-04-07T14:16:44.283" /><!-- duration: 0ms -->
          <step title="Requesting site restart" date="2025-04-07T14:16:44.296" /><!-- duration: 0ms -->
          <step title="Requesting site restart. Attempt #1" date="2025-04-07T14:16:44.421" /><!-- duration: 16ms -->
          <step title="Requesting site restart. Attempt #1" date="2025-04-07T14:16:44.468" /><!-- duration: 0ms -->
          <step title="Successfully requested a restart. Attempt #1" date="2025-04-07T14:16:45.019" /><!-- duration: 16ms -->
          <step title="Successfully requested a restart. Attempt #1" date="2025-04-07T14:16:45.066" /><!-- duration: 0ms -->
          <step title="Deployment successful. DEPLOYMENTINFO: deploymentPath = OneDeploy, deployer = OneDeploy, os = windows, sku = Basic, siteName = iTrackerApp, siteHostName = itrackerapp.azurewebsites.net, deploymentStatus = Success" date="2025-04-07T14:16:45.144" /><!-- duration: 17ms -->
          <step title="Purge deployment items" date="2025-04-07T14:16:45.457" >
            <step title="Remove d10ecf89f, Success, received at 4/7/2025 9:38:11 AM" date="2025-04-07T14:16:45.571" /><!-- duration: 10ms -->
          </step><!-- duration: 125ms -->
        </step><!-- duration: 7176ms -->
      </step><!-- duration: 7583ms -->
      <step title="Cleaning up temp files" date="2025-04-07T14:16:45.647" /><!-- duration: 0ms -->
      <step title="Skip function trigger and logicapp sync because function is not enabled." date="2025-04-07T14:16:45.675" /><!-- duration: 18ms -->
    </step><!-- duration: 13767ms -->
    <step title="LockFile &apos;C:\home\site\locks\deployments.lock&apos; released" date="2025-04-07T14:16:45.832" /><!-- duration: 0ms -->
    <step title="Deleting shutdown sentinel file" date="2025-04-07T14:16:45.847" SemaphoreCount="8" /><!-- duration: 16ms -->
  </step><!-- duration: 101813ms -->
  <step title="Outgoing response" date="2025-04-07T14:16:45.925" type="response" statusCode="200" statusText="OK" Server="Microsoft-IIS/10.0" x-ms-request-id="ac3cb9c0-13ba-11f0-a2d5-56d77f9ecf73" Cache-Control="private" X-AspNet-Version="4.0.30319" /><!-- duration: 0ms -->
</step><!-- duration: 103209ms -->
