<step title="BackgroundTrace" date="2025-04-07T11:21:14.479" instance="e8ad92" url="/api/zipdeploy" method="POST" >
  <step title="Updating shutdown sentinel last write time" date="2025-04-07T11:21:14.494" SemaphoreCount="7" /><!-- duration: 16ms -->
  <step title="LockFile &apos;C:\home\site\locks\deployments.lock&apos; acquired" date="2025-04-07T11:21:14.510" /><!-- duration: 0ms -->
  <step title="Creating temporary deployment" date="2025-04-07T11:21:14.527" /><!-- duration: 45ms -->
  <step title="Performing fetch based deployment" date="2025-04-07T11:21:14.605" >
    <step title="Fetching changes." date="2025-04-07T11:21:14.791" /><!-- duration: 17ms -->
    <step title="Starting LocalZipHandler" date="2025-04-07T11:21:14.827" /><!-- duration: 0ms -->
    <step title="Cleaning up temp folders from previous zip deployments and extracting pushed zip file C:\local\Temp\zipdeploy\oc0ujume.zip (30.68 MB) to C:\local\Temp\zipdeploy\extracted" date="2025-04-07T11:21:14.885" /><!-- duration: 0ms -->
    <step title="Cleaning up temp folders from previous zip deployments and extracting pushed zip file C:\local\Temp\zipdeploy\oc0ujume.zip (30.68 MB) to C:\local\Temp\zipdeploy\extracted" date="2025-04-07T11:21:14.885" >
      <step title="Extracting 510 entries to C:\local\Temp\zipdeploy\extracted directory" date="2025-04-07T11:21:14.932" >
        <step title="Extracting to C:\local\Temp\zipdeploy\extracted\Infrastructure.dll ..." date="2025-04-07T11:21:14.932" /><!-- duration: 15ms -->
        <step title="Extracting to C:\local\Temp\zipdeploy\extracted\Azure.Storage.Common.dll ..." date="2025-04-07T11:21:14.947" /><!-- duration: 16ms -->
        <step title="Extracting to C:\local\Temp\zipdeploy\extracted\zh-Hans\Microsoft.CodeAnalysis.resources.dll ..." date="2025-04-07T11:21:14.980" /><!-- duration: 0ms -->
        <step title="Extracting to C:\local\Temp\zipdeploy\extracted\zh-Hans\Microsoft.CodeAnalysis.CSharp.Workspaces.resources.dll ..." date="2025-04-07T11:21:14.994" /><!-- duration: 34ms -->
        <step title="Extracting to C:\local\Temp\zipdeploy\extracted\zh-Hans\Microsoft.CodeAnalysis.CSharp.resources.dll ..." date="2025-04-07T11:21:15.028" /><!-- duration: 13ms -->
        <step title="Omitting extracting file traces ..." date="2025-04-07T11:21:15.057" /><!-- duration: 252ms -->
      </step><!-- duration: 5890ms -->
    </step><!-- duration: 5956ms -->
    <step title="Before sending BuildRequestReceived status to /api/updatedeploystatus" date="2025-04-07T11:21:20.870" /><!-- duration: 0ms -->
    <step title="DeploymentManager.Deploy(id:8ed2d37c685c4724848738643e18eea3)" date="2025-04-07T11:21:20.900" >
      <step title="Collecting changeset information" date="2025-04-07T11:21:20.918" /><!-- duration: 48ms -->
      <step title="Updating submodules" date="2025-04-07T11:21:20.978" >
        <step title="Updating submodules." date="2025-04-07T11:21:21.138" /><!-- duration: 28ms -->
      </step><!-- duration: 206ms -->
      <step title="Preparing deployment for commit id &apos;8ed2d37c68&apos;." date="2025-04-07T11:21:21.260" /><!-- duration: 0ms -->
      <step title="Determining deployment builder" date="2025-04-07T11:21:21.339" >
        <step title="Builder is BasicBuilder" date="2025-04-07T11:21:21.369" /><!-- duration: 0ms -->
      </step><!-- duration: 47ms -->
      <step title="Copying SSH keys" date="2025-04-07T11:21:21.400" /><!-- duration: 16ms -->
      <step title="Building" date="2025-04-07T11:21:21.447" >
        <step title="Generating deployment script." date="2025-04-07T11:21:21.478" /><!-- duration: 16ms -->
        <step title="Generating deployment script" date="2025-04-07T11:21:21.494" >
          <step title="Using cached version of the deployment script for command: -y --no-dot-deployment -r &quot;C:\local\Temp\zipdeploy\extracted&quot; -o &quot;C:\home\site\deployments\tools&quot; --basic --sitePath &quot;C:\local\Temp\zipdeploy\extracted&quot;" date="2025-04-07T11:21:21.572" /><!-- duration: 16ms -->
          <step title="Using cached version of deployment script (command: &apos;azure -y --no-dot-deployment -r &quot;C:\local\Temp\zipdeploy\extracted&quot; -o &quot;C:\home\site\deployments\tools&quot; --basic --sitePath &quot;C:\local\Temp\zipdeploy\extracted&quot;&apos;)." date="2025-04-07T11:21:21.588" /><!-- duration: 19ms -->
        </step><!-- duration: 114ms -->
        <step title="Running deployment command..." date="2025-04-07T11:21:21.650" /><!-- duration: 0ms -->
        <step title="Command: &quot;C:\home\site\deployments\tools\deploy.cmd&quot;" date="2025-04-07T11:21:21.666" /><!-- duration: 0ms -->
        <step title="Executing external process" date="2025-04-07T11:21:21.713" type="process" path="starter.cmd" arguments="&quot;C:\home\site\deployments\tools\deploy.cmd&quot;" >
          <step title="Handling Basic Web Site deployment." date="2025-04-07T11:21:24.120" /><!-- duration: 34ms -->
          <step title="Creating app_offline.htm" date="2025-04-07T11:21:24.182" /><!-- duration: 0ms -->
          <step title="KuduSync.NET from: &apos;C:\local\Temp\zipdeploy\extracted&apos; to: &apos;C:\home\site\wwwroot&apos;" date="2025-04-07T11:21:24.182" /><!-- duration: 19ms -->
          <step title="Copying file: &apos;Application.Abstractions.dll&apos;" date="2025-04-07T11:21:24.213" /><!-- duration: 17ms -->
          <step title="Copying file: &apos;Application.Abstractions.pdb&apos;" date="2025-04-07T11:21:24.230" /><!-- duration: 0ms -->
          <step title="Copying file: &apos;Application.Common.dll&apos;" date="2025-04-07T11:21:24.249" /><!-- duration: 11ms -->
          <step title="Copying file: &apos;Application.Common.pdb&apos;" date="2025-04-07T11:21:24.260" /><!-- duration: 17ms -->
          <step title="Copying file: &apos;Application.deps.json&apos;" date="2025-04-07T11:21:24.278" /><!-- duration: 19ms -->
          <step title="Copying file: &apos;Application.dll&apos;" date="2025-04-07T11:21:24.307" /><!-- duration: 0ms -->
          <step title="Copying file: &apos;Application.pdb&apos;" date="2025-04-07T11:21:24.343" /><!-- duration: 0ms -->
          <step title="Copying file: &apos;appsettings.Development.json&apos;" date="2025-04-07T11:21:24.371" /><!-- duration: 19ms -->
          <step title="Copying file: &apos;appsettings.json&apos;" date="2025-04-07T11:21:24.401" /><!-- duration: 0ms -->
          <step title="Copying file: &apos;appsettings.Production.json&apos;" date="2025-04-07T11:21:24.419" /><!-- duration: 13ms -->
          <step title="Copying file: &apos;Ardalis.Result.dll&apos;" date="2025-04-07T11:21:24.448" /><!-- duration: 0ms -->
          <step title="Copying file: &apos;Ardalis.Result.FluentValidation.dll&apos;" date="2025-04-07T11:21:24.466" /><!-- duration: 0ms -->
          <step title="Copying file: &apos;Azure.Core.dll&apos;" date="2025-04-07T11:21:24.481" /><!-- duration: 14ms -->
          <step title="Copying file: &apos;Azure.Identity.dll&apos;" date="2025-04-07T11:21:24.514" /><!-- duration: 0ms -->
          <step title="Copying file: &apos;Azure.Storage.Blobs.dll&apos;" date="2025-04-07T11:21:24.542" /><!-- duration: 0ms -->
          <step title="Copying file: &apos;Azure.Storage.Common.dll&apos;" date="2025-04-07T11:21:24.562" /><!-- duration: 11ms -->
          <step title="Copying file: &apos;Azure.Storage.Queues.dll&apos;" date="2025-04-07T11:21:24.590" /><!-- duration: 0ms -->
          <step title="Copying file: &apos;BCrypt.Net-Next.dll&apos;" date="2025-04-07T11:21:24.620" /><!-- duration: 0ms -->
          <step title="Copying file: &apos;Ben.Demystifier.dll&apos;" date="2025-04-07T11:21:24.638" /><!-- duration: 13ms -->
          <step title="Copying file: &apos;CsvHelper.dll&apos;" date="2025-04-07T11:21:24.667" /><!-- duration: 15ms -->
          <step title="Copying file: &apos;Domain.deps.json&apos;" date="2025-04-07T11:21:24.698" /><!-- duration: 17ms -->
          <step title="Copying file: &apos;Domain.dll&apos;" date="2025-04-07T11:21:24.791" /><!-- duration: 16ms -->
          <step title="Copying file: &apos;Domain.pdb&apos;" date="2025-04-07T11:21:24.825" /><!-- duration: 0ms -->
          <step title="Copying file: &apos;FastExpressionCompiler.dll&apos;" date="2025-04-07T11:21:24.838" /><!-- duration: 0ms -->
          <step title="Copying file: &apos;FluentValidation.AspNetCore.dll&apos;" date="2025-04-07T11:21:24.854" /><!-- duration: 0ms -->
          <step title="Copying file: &apos;FluentValidation.DependencyInjectionExtensions.dll&apos;" date="2025-04-07T11:21:24.874" /><!-- duration: 11ms -->
          <step title="Copying file: &apos;FluentValidation.dll&apos;" date="2025-04-07T11:21:24.885" /><!-- duration: 18ms -->
          <step title="Copying file: &apos;Flurl.dll&apos;" date="2025-04-07T11:21:24.916" /><!-- duration: 0ms -->
          <step title="Copying file: &apos;Humanizer.dll&apos;" date="2025-04-07T11:21:24.932" /><!-- duration: 0ms -->
          <step title="Copying file: &apos;Infrastructure.deps.json&apos;" date="2025-04-07T11:21:24.951" /><!-- duration: 0ms -->
          <step title="Copying file: &apos;Infrastructure.dll&apos;" date="2025-04-07T11:21:24.963" /><!-- duration: 16ms -->
          <step title="Copying file: &apos;Infrastructure.pdb&apos;" date="2025-04-07T11:21:24.979" /><!-- duration: 19ms -->
          <step title="Copying file: &apos;Infrastructure.runtimeconfig.json&apos;" date="2025-04-07T11:21:25.010" /><!-- duration: 0ms -->
          <step title="Copying file: &apos;Mapster.Core.dll&apos;" date="2025-04-07T11:21:25.028" /><!-- duration: 0ms -->
          <step title="Copying file: &apos;Mapster.dll&apos;" date="2025-04-07T11:21:25.075" /><!-- duration: 0ms -->
          <step title="Copying file: &apos;Mapster.EFCore.dll&apos;" date="2025-04-07T11:21:25.104" /><!-- duration: 0ms -->
          <step title="Copying file: &apos;MediatR.Contracts.dll&apos;" date="2025-04-07T11:21:25.123" /><!-- duration: 12ms -->
          <step title="Copying file: &apos;MediatR.dll&apos;" date="2025-04-07T11:21:25.151" /><!-- duration: 19ms -->
          <step title="Copying file: &apos;Microsoft.AspNetCore.Authentication.JwtBearer.dll&apos;" date="2025-04-07T11:21:25.199" /><!-- duration: 123ms -->
          <step title="Copying file: &apos;Microsoft.AspNetCore.Cryptography.Internal.dll&apos;" date="2025-04-07T11:21:25.338" /><!-- duration: 0ms -->
          <step title="Copying file: &apos;Microsoft.AspNetCore.Cryptography.KeyDerivation.dll&apos;" date="2025-04-07T11:21:25.356" /><!-- duration: 0ms -->
          <step title="Copying file: &apos;Microsoft.AspNetCore.Identity.EntityFrameworkCore.dll&apos;" date="2025-04-07T11:21:25.370" /><!-- duration: 16ms -->
          <step title="Copying file: &apos;Microsoft.AspNetCore.Identity.UI.dll&apos;" date="2025-04-07T11:21:25.385" /><!-- duration: 22ms -->
          <step title="Copying file: &apos;Microsoft.Bcl.AsyncInterfaces.dll&apos;" date="2025-04-07T11:21:25.417" /><!-- duration: 0ms -->
          <step title="Copying file: &apos;Microsoft.CodeAnalysis.CSharp.dll&apos;" date="2025-04-07T11:21:25.436" /><!-- duration: 12ms -->
          <step title="Copying file: &apos;Microsoft.CodeAnalysis.CSharp.Workspaces.dll&apos;" date="2025-04-07T11:21:25.464" /><!-- duration: 0ms -->
          <step title="Copying file: &apos;Microsoft.CodeAnalysis.dll&apos;" date="2025-04-07T11:21:25.483" /><!-- duration: 11ms -->
          <step title="Copying file: &apos;Microsoft.CodeAnalysis.Workspaces.dll&apos;" date="2025-04-07T11:21:25.495" /><!-- duration: 18ms -->
          <step title="Omitting next output lines..." date="2025-04-07T11:21:25.526" /><!-- duration: 16ms -->
          <step title="Finished successfully." date="2025-04-07T11:21:34.682" /><!-- duration: 16ms -->
        </step><!-- duration: 13004ms -->
        <step title="Running post deployment command(s)..." date="2025-04-07T11:21:34.776" /><!-- duration: 0ms -->
        <step title="Triggering recycle (preview mode disabled)." date="2025-04-07T11:21:34.854" /><!-- duration: 0ms -->
        <step title="Ignoring FS watcher based recycle request as this is a classic Windows app." date="2025-04-07T11:21:34.871" /><!-- duration: 0ms -->
        <step title="Deployment successful. DEPLOYMENTINFO: deploymentPath = ZipDeploy. Extract zip. , deployer = ZipDeploy, os = windows, sku = Basic, siteName = iTrackerApp, siteHostName = itrackerapp.azurewebsites.net, deploymentStatus = Success" date="2025-04-07T11:21:34.932" /><!-- duration: 0ms -->
        <step title="Purge deployment items" date="2025-04-07T11:21:35.057" >
          <step title="Remove 6b5823878, Success, received at 4/7/2025 6:55:43 AM" date="2025-04-07T11:21:35.151" /><!-- duration: 0ms -->
        </step><!-- duration: 94ms -->
      </step><!-- duration: 13735ms -->
    </step><!-- duration: 14299ms -->
    <step title="Cleaning up temp files" date="2025-04-07T11:21:35.199" /><!-- duration: 15ms -->
    <step title="Skip function trigger and logicapp sync because function is not enabled." date="2025-04-07T11:21:35.229" /><!-- duration: 0ms -->
  </step><!-- duration: 20655ms -->
  <step title="LockFile &apos;C:\home\site\locks\deployments.lock&apos; released" date="2025-04-07T11:21:35.260" /><!-- duration: 16ms -->
  <step title="Deleting shutdown sentinel file" date="2025-04-07T11:21:35.276" SemaphoreCount="8" /><!-- duration: 0ms -->
</step><!-- duration: 20813ms -->
