<step title="Incoming Request" date="2025-04-07T13:51:58.334" instance="e8ad92" url="/api/publish?type=zip" method="POST" type="request" pid="4940,2,8" Cache-Control="no-cache" Connection="Keep-Alive" Content-Length="32291165" Content-Type="application/octet-stream" Accept="*/*" Accept-Encoding="gzip, deflate" Authorization="Bas..." Host="itrackerapp.scm.azurewebsites.net" User-Agent="AZURECLI/2.70.0 (HOMEBREW)" x-ms-client-request-id="719cb066-13b7-11f0-8761-56d77f9ecf73" X-ARR-LOG-ID="719cb066-13b7-11f0-8761-56d77f9ecf73" CLIENT-IP="103.93.198.139:63239" X-SITE-DEPLOYMENT-ID="iTrackerApp" WAS-DEFAULT-HOSTNAME="itrackerapp.scm.azurewebsites.net" X-Forwarded-Proto="https" X-AppService-Proto="https" X-Forwarded-TlsVersion="1.3" X-WAWS-Unencoded-URL="/api/publish?type=zip" X-MS-COLDSTART="1" >
  <step title="OneDeploy" date="2025-04-07T13:51:59.242" >
    <step title="Starting PushDeployAsync" date="2025-04-07T13:51:59.350" /><!-- duration: 0ms -->
    <step title="Updating shutdown sentinel last write time" date="2025-04-07T13:51:59.565" SemaphoreCount="7" /><!-- duration: 16ms -->
    <step title="LockFile &apos;C:\home\site\locks\deployments.lock&apos; acquired" date="2025-04-07T13:51:59.581" /><!-- duration: 0ms -->
    <step title="Saving request content to C:\local\Temp\zipdeploy\smdgckvo.zip" date="2025-04-07T13:51:59.596" >
      <step title="Total 32,291,165 bytes written to C:\local\Temp\zipdeploy\smdgckvo.zip" date="2025-04-07T13:52:07.908" /><!-- duration: 0ms -->
    </step><!-- duration: 8328ms -->
    <step title="LockFile &apos;C:\home\site\locks\deployments.lock&apos; released" date="2025-04-07T13:52:07.924" /><!-- duration: 16ms -->
    <step title="Deleting shutdown sentinel file" date="2025-04-07T13:52:07.955" SemaphoreCount="8" /><!-- duration: 0ms -->
    <step title="Starting FetchDeploy" date="2025-04-07T13:52:07.955" /><!-- duration: 16ms -->
    <step title="Attempting to fetch target branch HEAD" date="2025-04-07T13:52:07.971" /><!-- duration: 0ms -->
    <step title="Updating shutdown sentinel last write time" date="2025-04-07T13:52:08.018" SemaphoreCount="7" /><!-- duration: 0ms -->
    <step title="LockFile &apos;C:\home\site\locks\deployments.lock&apos; acquired" date="2025-04-07T13:52:08.018" /><!-- duration: 0ms -->
    <step title="Performing fetch based deployment" date="2025-04-07T13:52:08.049" >
      <step title="Creating temporary deployment" date="2025-04-07T13:52:08.049" /><!-- duration: 112ms -->
      <step title="Fetching changes." date="2025-04-07T13:52:08.346" /><!-- duration: 17ms -->
      <step title="Starting LocalZipHandler" date="2025-04-07T13:52:08.377" /><!-- duration: 0ms -->
      <step title="Starting LocalZipFetch" date="2025-04-07T13:52:08.393" /><!-- duration: 0ms -->
      <step title="Cleaning up temp folders from previous zip deployments and extracting pushed zip file C:\local\Temp\zipdeploy\smdgckvo.zip (30.80 MB) to C:\local\Temp\zipdeploy\extracted" date="2025-04-07T13:52:08.411" /><!-- duration: 0ms -->
      <step title="Cleaning up temp folders from previous zip deployments and extracting pushed zip file C:\local\Temp\zipdeploy\smdgckvo.zip (30.80 MB) to C:\local\Temp\zipdeploy\extracted" date="2025-04-07T13:52:08.424" >
        <step title="Extracting 535 entries to C:\local\Temp\zipdeploy\extracted directory" date="2025-04-07T13:52:08.471" >
          <step title="Extracting to C:\local\Temp\zipdeploy\extracted\Infrastructure.dll ..." date="2025-04-07T13:52:08.471" /><!-- duration: 18ms -->
          <step title="Extracting to C:\local\Temp\zipdeploy\extracted\Azure.Storage.Common.dll ..." date="2025-04-07T13:52:08.489" /><!-- duration: 13ms -->
          <step title="Extracting to C:\local\Temp\zipdeploy\extracted\zh-Hans\Microsoft.CodeAnalysis.resources.dll ..." date="2025-04-07T13:52:08.519" /><!-- duration: 0ms -->
          <step title="Extracting to C:\local\Temp\zipdeploy\extracted\zh-Hans\Microsoft.CodeAnalysis.CSharp.Workspaces.resources.dll ..." date="2025-04-07T13:52:08.519" /><!-- duration: 15ms -->
          <step title="Extracting to C:\local\Temp\zipdeploy\extracted\zh-Hans\Microsoft.CodeAnalysis.CSharp.resources.dll ..." date="2025-04-07T13:52:08.533" /><!-- duration: 16ms -->
          <step title="Omitting extracting file traces ..." date="2025-04-07T13:52:08.549" /><!-- duration: 0ms -->
        </step><!-- duration: 5613ms -->
      </step><!-- duration: 5689ms -->
      <step title="None repository commit" date="2025-04-07T13:52:14.113" >
        <step title="Commit id: 9b6a05317a2948948693efab1744326b" date="2025-04-07T13:52:14.133" Message="OneDeploy" AuthorName="N/A" AuthorEmail="N/A" /><!-- duration: 10ms -->
      </step><!-- duration: 30ms -->
      <step title="Before sending BuildRequestReceived status to /api/updatedeploystatus" date="2025-04-07T13:52:14.162" /><!-- duration: 0ms -->
      <step title="DeploymentManager.Deploy(id:9b6a05317a2948948693efab1744326b)" date="2025-04-07T13:52:14.174" >
        <step title="Collecting changeset information" date="2025-04-07T13:52:14.205" /><!-- duration: 65ms -->
        <step title="Updating submodules" date="2025-04-07T13:52:14.283" >
          <step title="Updating submodules." date="2025-04-07T13:52:14.347" /><!-- duration: 0ms -->
        </step><!-- duration: 83ms -->
        <step title="Preparing deployment for commit id &apos;9b6a05317a&apos;." date="2025-04-07T13:52:14.440" /><!-- duration: 16ms -->
        <step title="Determining deployment builder" date="2025-04-07T13:52:14.533" >
          <step title="Builder is OneDeployBuilder" date="2025-04-07T13:52:14.550" /><!-- duration: 0ms -->
        </step><!-- duration: 16ms -->
        <step title="Copying SSH keys" date="2025-04-07T13:52:14.598" /><!-- duration: 14ms -->
        <step title="Building" date="2025-04-07T13:52:14.612" >
          <step title="Running build. Project type: OneDeploy" date="2025-04-07T13:52:14.643" /><!-- duration: 16ms -->
          <step title="Copying the manifest" date="2025-04-07T13:52:14.721" /><!-- duration: 0ms -->
          <step title="Clean deploying to C:\home\site\wwwroot" date="2025-04-07T13:52:14.799" /><!-- duration: 0ms -->
          <step title="Generating deployment script." date="2025-04-07T13:52:14.878" /><!-- duration: 19ms -->
          <step title="Generating deployment script" date="2025-04-07T13:52:14.897" >
            <step title="Using cached version of the deployment script for command: -y --no-dot-deployment -r &quot;C:\local\Temp\zipdeploy\extracted&quot; -o &quot;C:\home\site\deployments\tools&quot; --basic --sitePath &quot;C:\local\Temp\zipdeploy\extracted&quot;" date="2025-04-07T13:52:14.974" /><!-- duration: 12ms -->
            <step title="Using cached version of deployment script (command: &apos;azure -y --no-dot-deployment -r &quot;C:\local\Temp\zipdeploy\extracted&quot; -o &quot;C:\home\site\deployments\tools&quot; --basic --sitePath &quot;C:\local\Temp\zipdeploy\extracted&quot;&apos;)." date="2025-04-07T13:52:15.002" /><!-- duration: 0ms -->
          </step><!-- duration: 120ms -->
          <step title="Running deployment command..." date="2025-04-07T13:52:15.049" /><!-- duration: 16ms -->
          <step title="Command: &quot;C:\home\site\deployments\tools\deploy.cmd&quot;" date="2025-04-07T13:52:15.081" /><!-- duration: 0ms -->
          <step title="Executing external process" date="2025-04-07T13:52:15.127" type="process" path="starter.cmd" arguments="&quot;C:\home\site\deployments\tools\deploy.cmd&quot;" >
            <step title="Handling Basic Web Site deployment." date="2025-04-07T13:52:15.690" /><!-- duration: 16ms -->
            <step title="Creating app_offline.htm" date="2025-04-07T13:52:19.096"             <step title="Error: Failed to change file that is currently being used &quot;C:\home\site\wwwroot\Logs\log20250407.txt&quot;" date="2025-04-07T13:52:19.096" /><!-- duration: 16ms -->
/><!-- duration: 33ms -->
            <step title="KuduSync.NET from: &apos;C:\local\Temp\zipdeploy\extracted&apos; to: &apos;C:\home\site\wwwroot&apos;" date="2025-04-07T13:52:19.147" /><!-- duration: 11ms -->
            <step title="Deleting file: &apos;Logs\log20250407.txt&apos;" date="2025-04-07T13:52:19.175" /><!-- duration: 0ms -->
            <step title="Failed exitCode=1, command=&quot;kudusync&quot; -v 50 -x -f &quot;C:\local\Temp\zipdeploy\extracted&quot; -t &quot;C:\home\site\wwwroot&quot; -n &quot;C:\local\Temp\tmpA8DE.tmp&quot; -p &quot;C:\local\Temp\tmpA8DE.tmp&quot; -i &quot;.git;.hg;.deployment;deploy.cmd&quot;" date="2025-04-07T13:52:19.205" /><!-- duration: 0ms -->
            <step title="An error has occurred during web site deployment." date="2025-04-07T13:52:19.223" /><!-- duration: 0ms -->
            <step title="Process dump" date="2025-04-07T13:52:19.302" exitCode="255" type="processOutput" /><!-- duration: 0ms -->
          </step><!-- duration: 4188ms -->
          <step title="Error: Failed to change file that is currently being used &quot;C:\home\site\wwwroot\Logs\log20250407.txt&quot;
C:\Program Files (x86)\SiteExtensions\Kudu\103.110221.001\bin\Scripts\starter.cmd &quot;C:\home\site\deployments\tools\deploy.cmd&quot; DEPLOYMENTINFO: deploymentPath = OneDeploy, deployer = OneDeploy, os = windows, sku = Basic, siteName = iTrackerApp, siteHostName = itrackerapp.azurewebsites.net, deploymentStatus = Error" date="2025-04-07T13:52:19.315" /><!-- duration: 0ms -->
          <step title="Error occurred" date="2025-04-07T13:52:19.330" type="error" text="Error: Failed to change file that is currently being used &quot;C:\home\site\wwwroot\Logs\log20250407.txt&quot;
C:\Program Files (x86)\SiteExtensions\Kudu\103.110221.001\bin\Scripts\starter.cmd &quot;C:\home\site\deployments\tools\deploy.cmd&quot;" stackTrace="   at Kudu.Core.Infrastructure.Executable.ExecuteInternal(ITracer tracer, Func`2 onWriteOutput, Func`2 onWriteError, Encoding encoding, String arguments, Object[] args)
   at Kudu.Core.Infrastructure.Executable.ExecuteWithProgressWriter(ILogger logger, ITracer tracer, String arguments, Object[] args)
   at Kudu.Core.Deployment.Generator.ExternalCommandBuilder.RunCommand(DeploymentContext context, String command, Boolean ignoreManifest, String message)" /><!-- duration: 0ms -->
          <step title="Build completed succesfully." date="2025-04-07T13:52:19.408" /><!-- duration: 0ms -->
          <step title="Running post deployment command(s)..." date="2025-04-07T13:52:19.487" /><!-- duration: 17ms -->
          <step title="Requesting site restart" date="2025-04-07T13:52:19.658" /><!-- duration: 19ms -->
          <step title="Requesting site restart" date="2025-04-07T13:52:19.677" /><!-- duration: 13ms -->
          <step title="Requesting site restart. Attempt #1" date="2025-04-07T13:52:19.737" /><!-- duration: 18ms -->
          <step title="Requesting site restart. Attempt #1" date="2025-04-07T13:52:19.768" /><!-- duration: 16ms -->
          <step title="Successfully requested a restart. Attempt #1" date="2025-04-07T13:52:20.408" /><!-- duration: 0ms -->
          <step title="Successfully requested a restart. Attempt #1" date="2025-04-07T13:52:20.424" /><!-- duration: 0ms -->
          <step title="Deployment successful. DEPLOYMENTINFO: deploymentPath = OneDeploy, deployer = OneDeploy, os = windows, sku = Basic, siteName = iTrackerApp, siteHostName = itrackerapp.azurewebsites.net, deploymentStatus = Success" date="2025-04-07T13:52:20.502" /><!-- duration: 16ms -->
          <step title="Purge deployment items" date="2025-04-07T13:52:20.877" >
            <step title="Remove dd2e48df3, Success, received at 4/7/2025 7:36:15 AM" date="2025-04-07T13:52:20.987" /><!-- duration: 16ms -->
          </step><!-- duration: 125ms -->
        </step><!-- duration: 6439ms -->
      </step><!-- duration: 6876ms -->
      <step title="Cleaning up temp files" date="2025-04-07T13:52:21.080" /><!-- duration: 66ms -->
      <step title="Skip function trigger and logicapp sync because function is not enabled." date="2025-04-07T13:52:21.159" /><!-- duration: 16ms -->
    </step><!-- duration: 13222ms -->
    <step title="LockFile &apos;C:\home\site\locks\deployments.lock&apos; released" date="2025-04-07T13:52:21.284" /><!-- duration: 16ms -->
    <step title="Deleting shutdown sentinel file" date="2025-04-07T13:52:21.330" SemaphoreCount="8" /><!-- duration: 0ms -->
  </step><!-- duration: 22107ms -->
  <step title="Outgoing response" date="2025-04-07T13:52:21.502" type="response" statusCode="200" statusText="OK" Server="Microsoft-IIS/10.0" x-ms-request-id="719cb066-13b7-11f0-8761-56d77f9ecf73" Cache-Control="private" X-AspNet-Version="4.0.30319" /><!-- duration: 18ms -->
</step><!-- duration: 23186ms -->
