<step title="Incoming Request" date="2025-04-07T07:03:39.957" instance="e8ad92" url="/api/publish?type=zip" method="POST" type="request" pid="1952,2,26" Cache-Control="no-cache" Content-Length="29752071" Content-Type="application/octet-stream" Accept="*/*" Accept-Encoding="gzip, deflate" Authorization="Bas..." Host="itrackerapp.scm.azurewebsites.net" User-Agent="AZURECLI/2.70.0 (HOMEBREW)" x-ms-client-request-id="6aeab62a-137e-11f0-bad1-56d77f9ecf73" X-ARR-LOG-ID="6aeab62a-137e-11f0-bad1-56d77f9ecf73" CLIENT-IP="58.84.61.149:25541" X-SITE-DEPLOYMENT-ID="iTrackerApp" WAS-DEFAULT-HOSTNAME="itrackerapp.scm.azurewebsites.net" X-Forwarded-Proto="https" X-AppService-Proto="https" X-Forwarded-TlsVersion="1.3" X-WAWS-Unencoded-URL="/api/publish?type=zip" >
  <step title="Cleanup Xml Logs" date="2025-04-07T07:03:39.957" /><!-- duration: 0ms -->
  <step title="OneDeploy" date="2025-04-07T07:03:40.283" >
    <step title="Starting PushDeployAsync" date="2025-04-07T07:03:40.283" /><!-- duration: 16ms -->
    <step title="Updating shutdown sentinel last write time" date="2025-04-07T07:03:40.361" SemaphoreCount="7" /><!-- duration: 0ms -->
    <step title="LockFile &apos;C:\home\site\locks\deployments.lock&apos; acquired" date="2025-04-07T07:03:40.408" /><!-- duration: 16ms -->
    <step title="Saving request content to C:\local\Temp\zipdeploy\k0xnzqkh.zip" date="2025-04-07T07:03:40.424" >
      <step title="Total 29,752,071 bytes written to C:\local\Temp\zipdeploy\k0xnzqkh.zip" date="2025-04-07T07:03:47.730" /><!-- duration: 0ms -->
    </step><!-- duration: 7322ms -->
    <step title="LockFile &apos;C:\home\site\locks\deployments.lock&apos; released" date="2025-04-07T07:03:47.746" /><!-- duration: 0ms -->
    <step title="Deleting shutdown sentinel file" date="2025-04-07T07:03:47.761" SemaphoreCount="8" /><!-- duration: 0ms -->
    <step title="Starting FetchDeploy" date="2025-04-07T07:03:47.761" /><!-- duration: 0ms -->
    <step title="Attempting to fetch target branch HEAD" date="2025-04-07T07:03:47.761" /><!-- duration: 16ms -->
    <step title="Updating shutdown sentinel last write time" date="2025-04-07T07:03:47.793" SemaphoreCount="7" /><!-- duration: 0ms -->
    <step title="LockFile &apos;C:\home\site\locks\deployments.lock&apos; acquired" date="2025-04-07T07:03:47.793" /><!-- duration: 16ms -->
    <step title="Performing fetch based deployment" date="2025-04-07T07:03:47.808" >
      <step title="Creating temporary deployment" date="2025-04-07T07:03:47.808" /><!-- duration: 31ms -->
      <step title="Fetching changes." date="2025-04-07T07:03:47.918" /><!-- duration: 0ms -->
      <step title="Starting LocalZipHandler" date="2025-04-07T07:03:47.918" /><!-- duration: 16ms -->
      <step title="Starting LocalZipFetch" date="2025-04-07T07:03:47.933" /><!-- duration: 0ms -->
      <step title="Cleaning up temp folders from previous zip deployments and extracting pushed zip file C:\local\Temp\zipdeploy\k0xnzqkh.zip (28.37 MB) to C:\local\Temp\zipdeploy\extracted" date="2025-04-07T07:03:47.951" /><!-- duration: 0ms -->
      <step title="Cleaning up temp folders from previous zip deployments and extracting pushed zip file C:\local\Temp\zipdeploy\k0xnzqkh.zip (28.37 MB) to C:\local\Temp\zipdeploy\extracted" date="2025-04-07T07:03:47.965" >
        <step title="Renaming extractTargetDirectory(C:\local\Temp\zipdeploy\extracted) to tempDirectory(C:\local\Temp\zipdeploy\fft15qq3.5tt)" date="2025-04-07T07:03:47.980" /><!-- duration: 0ms -->
        <step title="Extracting 511 entries to C:\local\Temp\zipdeploy\extracted directory" date="2025-04-07T07:03:48.215" >
          <step title="Extracting to C:\local\Temp\zipdeploy\extracted\Infrastructure.dll ..." date="2025-04-07T07:03:48.215" /><!-- duration: 18ms -->
          <step title="Extracting to C:\local\Temp\zipdeploy\extracted\Azure.Storage.Common.dll ..." date="2025-04-07T07:03:48.246" /><!-- duration: 16ms -->
          <step title="Extracting to C:\local\Temp\zipdeploy\extracted\zh-Hans\Microsoft.CodeAnalysis.resources.dll ..." date="2025-04-07T07:03:48.280" /><!-- duration: 0ms -->
          <step title="Extracting to C:\local\Temp\zipdeploy\extracted\zh-Hans\Microsoft.CodeAnalysis.CSharp.Workspaces.resources.dll ..." date="2025-04-07T07:03:48.293" /><!-- duration: 188ms -->
          <step title="Extracting to C:\local\Temp\zipdeploy\extracted\zh-Hans\Microsoft.CodeAnalysis.CSharp.resources.dll ..." date="2025-04-07T07:03:48.496" /><!-- duration: 19ms -->
          <step title="Omitting extracting file traces ..." date="2025-04-07T07:03:48.515" /><!-- duration: 12ms -->
        </step><!-- duration: 5817ms -->
      </step><!-- duration: 6078ms -->
      <step title="None repository commit" date="2025-04-07T07:03:54.074" >
        <step title="Commit id: b5798ea9c9464403901149ba5e805fcc" date="2025-04-07T07:03:54.074" Message="OneDeploy" AuthorName="N/A" AuthorEmail="N/A" /><!-- duration: 16ms -->
      </step><!-- duration: 35ms -->
      <step title="Before sending BuildRequestReceived status to /api/updatedeploystatus" date="2025-04-07T07:03:54.121" /><!-- duration: 0ms -->
      <step title="DeploymentManager.Deploy(id:b5798ea9c9464403901149ba5e805fcc)" date="2025-04-07T07:03:54.121" >
        <step title="Collecting changeset information" date="2025-04-07T07:03:54.138" /><!-- duration: 61ms -->
        <step title="Updating submodules" date="2025-04-07T07:03:54.199" >
          <step title="Updating submodules." date="2025-04-07T07:03:54.277" /><!-- duration: 0ms -->
        </step><!-- duration: 94ms -->
        <step title="Preparing deployment for commit id &apos;b5798ea9c9&apos;." date="2025-04-07T07:03:54.358" /><!-- duration: 13ms -->
        <step title="Determining deployment builder" date="2025-04-07T07:03:54.418" >
          <step title="Builder is OneDeployBuilder" date="2025-04-07T07:03:54.435" /><!-- duration: 0ms -->
        </step><!-- duration: 36ms -->
        <step title="Copying SSH keys" date="2025-04-07T07:03:54.465" /><!-- duration: 0ms -->
        <step title="Building" date="2025-04-07T07:03:54.480" >
          <step title="Running build. Project type: OneDeploy" date="2025-04-07T07:03:54.512" /><!-- duration: 0ms -->
          <step title="Copying the manifest" date="2025-04-07T07:03:54.574" /><!-- duration: 0ms -->
          <step title="Clean deploying to C:\home\site\wwwroot" date="2025-04-07T07:03:54.652" /><!-- duration: 0ms -->
          <step title="Generating deployment script." date="2025-04-07T07:03:54.730" /><!-- duration: 0ms -->
          <step title="Generating deployment script" date="2025-04-07T07:03:54.747" >
            <step title="Using cached version of the deployment script for command: -y --no-dot-deployment -r &quot;C:\local\Temp\zipdeploy\extracted&quot; -o &quot;C:\home\site\deployments\tools&quot; --basic --sitePath &quot;C:\local\Temp\zipdeploy\extracted&quot;" date="2025-04-07T07:03:54.793" /><!-- duration: 0ms -->
            <step title="Using cached version of deployment script (command: &apos;azure -y --no-dot-deployment -r &quot;C:\local\Temp\zipdeploy\extracted&quot; -o &quot;C:\home\site\deployments\tools&quot; --basic --sitePath &quot;C:\local\Temp\zipdeploy\extracted&quot;&apos;)." date="2025-04-07T07:03:54.808" /><!-- duration: 0ms -->
          </step><!-- duration: 77ms -->
          <step title="Running deployment command..." date="2025-04-07T07:03:54.887" /><!-- duration: 0ms -->
          <step title="Command: &quot;C:\home\site\deployments\tools\deploy.cmd&quot;" date="2025-04-07T07:03:54.902" /><!-- duration: 19ms -->
          <step title="Executing external process" date="2025-04-07T07:03:54.933" type="process" path="starter.cmd" arguments="&quot;C:\home\site\deployments\tools\deploy.cmd&quot;" >
            <step title="Handling Basic Web Site deployment." date="2025-04-07T07:03:55.933" /><!-- duration: 0ms -->
            <step title="Creating app_offline.htm" date="2025-04-07T07:04:01.215" /><!-- duration: 0ms -->
            <step title="KuduSync.NET from: &apos;C:\local\Temp\zipdeploy\extracted&apos; to: &apos;C:\home\site\wwwroot&apos;" date="2025-04-07T07:04:01.234" /><!-- duration: 12ms -->
            <step title="Deleting file: &apos;Logs\log20250407.txt&apos;" date="2025-04-07T07:04:01.282" /><!-- duration: 0ms -->
            <step title="Deleting directory: &apos;Logs&apos;" date="2025-04-07T07:04:01.293" /><!-- duration: 18ms -->
            <step title="Deleting file: &apos;app.db&apos;" date="2025-04-07T07:04:01.324" /><!-- duration: 0ms -->
            <step title="Copying file: &apos;Application.dll&apos;" date="2025-04-07T07:04:01.340" /><!-- duration: 0ms -->
            <step title="Copying file: &apos;Application.pdb&apos;" date="2025-04-07T07:04:01.371" /><!-- duration: 18ms -->
            <step title="Copying file: &apos;Domain.dll&apos;" date="2025-04-07T07:04:01.402" /><!-- duration: 0ms -->
            <step title="Copying file: &apos;Domain.pdb&apos;" date="2025-04-07T07:04:01.418" /><!-- duration: 19ms -->
            <step title="Copying file: &apos;Infrastructure.dll&apos;" date="2025-04-07T07:04:01.449" /><!-- duration: 0ms -->
            <step title="Copying file: &apos;Infrastructure.pdb&apos;" date="2025-04-07T07:04:01.485" /><!-- duration: 10ms -->
            <step title="Copying file: &apos;WebApp&apos;" date="2025-04-07T07:04:01.514" /><!-- duration: 0ms -->
            <step title="Copying file: &apos;WebApp.dll&apos;" date="2025-04-07T07:04:01.543" /><!-- duration: 0ms -->
            <step title="Copying file: &apos;WebApp.pdb&apos;" date="2025-04-07T07:04:01.574" /><!-- duration: 16ms -->
            <step title="Deleting app_offline.htm" date="2025-04-07T07:04:01.605" /><!-- duration: 0ms -->
            <step title="Finished successfully." date="2025-04-07T07:04:01.621" /><!-- duration: 0ms -->
          </step><!-- duration: 6687ms -->
          <step title="Build completed succesfully." date="2025-04-07T07:04:01.668" /><!-- duration: 19ms -->
          <step title="Running post deployment command(s)..." date="2025-04-07T07:04:01.746" /><!-- duration: 0ms -->
          <step title="Requesting site restart" date="2025-04-07T07:04:01.793" /><!-- duration: 0ms -->
          <step title="Requesting site restart" date="2025-04-07T07:04:01.809" /><!-- duration: 0ms -->
          <step title="Requesting site restart. Attempt #1" date="2025-04-07T07:04:01.858" /><!-- duration: 13ms -->
          <step title="Requesting site restart. Attempt #1" date="2025-04-07T07:04:01.871" /><!-- duration: 16ms -->
          <step title="Successfully requested a restart. Attempt #1" date="2025-04-07T07:04:02.156" /><!-- duration: 0ms -->
          <step title="Successfully requested a restart. Attempt #1" date="2025-04-07T07:04:02.172" /><!-- duration: 0ms -->
          <step title="Deployment successful. DEPLOYMENTINFO: deploymentPath = OneDeploy, deployer = OneDeploy, os = windows, sku = Basic, siteName = iTrackerApp, siteHostName = itrackerapp.azurewebsites.net, deploymentStatus = Success" date="2025-04-07T07:04:02.219" /><!-- duration: 0ms -->
          <step title="Purge deployment items" date="2025-04-07T07:04:02.375" >
            <step title="Remove 2afa625be, Success, received at 4/3/2025 3:56:57 PM" date="2025-04-07T07:04:02.500" /><!-- duration: 18ms -->
          </step><!-- duration: 143ms -->
        </step><!-- duration: 8051ms -->
      </step><!-- duration: 8410ms -->
      <step title="Cleaning up temp files" date="2025-04-07T07:04:02.547" /><!-- duration: 0ms -->
      <step title="Skip function trigger and logicapp sync because function is not enabled." date="2025-04-07T07:04:02.567" /><!-- duration: 11ms -->
    </step><!-- duration: 14801ms -->
    <step title="LockFile &apos;C:\home\site\locks\deployments.lock&apos; released" date="2025-04-07T07:04:02.625" /><!-- duration: 0ms -->
    <step title="Deleting shutdown sentinel file" date="2025-04-07T07:04:02.625" SemaphoreCount="8" /><!-- duration: 19ms -->
  </step><!-- duration: 22373ms -->
  <step title="Outgoing response" date="2025-04-07T07:04:02.656" type="response" statusCode="200" statusText="OK" Server="Microsoft-IIS/10.0" x-ms-request-id="6aeab62a-137e-11f0-bad1-56d77f9ecf73" Cache-Control="private" X-AspNet-Version="4.0.30319" /><!-- duration: 17ms -->
</step><!-- duration: 22716ms -->
