<step title="Incoming Request" date="2025-04-07T09:33:35.585" instance="e8ad92" url="/api/publish?type=zip" method="POST" type="request" pid="6640,2,8" Cache-Control="no-cache" Connection="Keep-Alive" Content-Length="29753410" Content-Type="application/octet-stream" Accept="*/*" Accept-Encoding="gzip, deflate" Authorization="Bas..." Host="itrackerapp.scm.azurewebsites.net" User-Agent="AZURECLI/2.70.0 (HOMEBREW)" x-ms-client-request-id="59354e58-1393-11f0-a18d-56d77f9ecf73" X-ARR-LOG-ID="59354e58-1393-11f0-a18d-56d77f9ecf73" CLIENT-IP="58.84.61.149:20219" X-SITE-DEPLOYMENT-ID="iTrackerApp" WAS-DEFAULT-HOSTNAME="itrackerapp.scm.azurewebsites.net" X-Forwarded-Proto="https" X-AppService-Proto="https" X-Forwarded-TlsVersion="1.3" X-WAWS-Unencoded-URL="/api/publish?type=zip" X-MS-COLDSTART="1" >
  <step title="OneDeploy" date="2025-04-07T09:33:36.570" >
    <step title="Starting PushDeployAsync" date="2025-04-07T09:33:36.694" /><!-- duration: 17ms -->
    <step title="Updating shutdown sentinel last write time" date="2025-04-07T09:33:36.897" SemaphoreCount="7" /><!-- duration: 0ms -->
    <step title="LockFile &apos;C:\home\site\locks\deployments.lock&apos; acquired" date="2025-04-07T09:33:36.897" /><!-- duration: 0ms -->
    <step title="Saving request content to C:\local\Temp\zipdeploy\xcqph3gs.zip" date="2025-04-07T09:33:36.913" >
      <step title="Total 29,753,410 bytes written to C:\local\Temp\zipdeploy\xcqph3gs.zip" date="2025-04-07T09:33:42.663" /><!-- duration: 0ms -->
    </step><!-- duration: 5767ms -->
    <step title="LockFile &apos;C:\home\site\locks\deployments.lock&apos; released" date="2025-04-07T09:33:42.679" /><!-- duration: 15ms -->
    <step title="Deleting shutdown sentinel file" date="2025-04-07T09:33:42.694" SemaphoreCount="8" /><!-- duration: 0ms -->
    <step title="Starting FetchDeploy" date="2025-04-07T09:33:42.710" /><!-- duration: 0ms -->
    <step title="Attempting to fetch target branch HEAD" date="2025-04-07T09:33:42.725" /><!-- duration: 0ms -->
    <step title="Updating shutdown sentinel last write time" date="2025-04-07T09:33:42.741" SemaphoreCount="7" /><!-- duration: 0ms -->
    <step title="LockFile &apos;C:\home\site\locks\deployments.lock&apos; acquired" date="2025-04-07T09:33:42.741" /><!-- duration: 0ms -->
    <step title="Performing fetch based deployment" date="2025-04-07T09:33:42.772" >
      <step title="Creating temporary deployment" date="2025-04-07T09:33:42.772" /><!-- duration: 47ms -->
      <step title="Fetching changes." date="2025-04-07T09:33:42.944" /><!-- duration: 0ms -->
      <step title="Starting LocalZipHandler" date="2025-04-07T09:33:42.960" /><!-- duration: 0ms -->
      <step title="Starting LocalZipFetch" date="2025-04-07T09:33:42.975" /><!-- duration: 0ms -->
      <step title="Cleaning up temp folders from previous zip deployments and extracting pushed zip file C:\local\Temp\zipdeploy\xcqph3gs.zip (28.38 MB) to C:\local\Temp\zipdeploy\extracted" date="2025-04-07T09:33:42.991" /><!-- duration: 0ms -->
      <step title="Cleaning up temp folders from previous zip deployments and extracting pushed zip file C:\local\Temp\zipdeploy\xcqph3gs.zip (28.38 MB) to C:\local\Temp\zipdeploy\extracted" date="2025-04-07T09:33:42.991" >
        <step title="Extracting 512 entries to C:\local\Temp\zipdeploy\extracted directory" date="2025-04-07T09:33:43.022" >
          <step title="Extracting to C:\local\Temp\zipdeploy\extracted\Infrastructure.dll ..." date="2025-04-07T09:33:43.039" /><!-- duration: 0ms -->
          <step title="Extracting to C:\local\Temp\zipdeploy\extracted\Azure.Storage.Common.dll ..." date="2025-04-07T09:33:43.054" /><!-- duration: 16ms -->
          <step title="Extracting to C:\local\Temp\zipdeploy\extracted\zh-Hans\Microsoft.CodeAnalysis.resources.dll ..." date="2025-04-07T09:33:43.132" /><!-- duration: 0ms -->
          <step title="Extracting to C:\local\Temp\zipdeploy\extracted\zh-Hans\Microsoft.CodeAnalysis.CSharp.Workspaces.resources.dll ..." date="2025-04-07T09:33:43.147" /><!-- duration: 18ms -->
          <step title="Extracting to C:\local\Temp\zipdeploy\extracted\zh-Hans\Microsoft.CodeAnalysis.CSharp.resources.dll ..." date="2025-04-07T09:33:43.179" /><!-- duration: 34ms -->
          <step title="Omitting extracting file traces ..." date="2025-04-07T09:33:43.213" /><!-- duration: 0ms -->
        </step><!-- duration: 5220ms -->
      </step><!-- duration: 5266ms -->
      <step title="None repository commit" date="2025-04-07T09:33:48.257" >
        <step title="Commit id: de8f466028354c429222f2e6a83243d2" date="2025-04-07T09:33:48.257" Message="OneDeploy" AuthorName="N/A" AuthorEmail="N/A" /><!-- duration: 0ms -->
      </step><!-- duration: 16ms -->
      <step title="Before sending BuildRequestReceived status to /api/updatedeploystatus" date="2025-04-07T09:33:48.272" /><!-- duration: 0ms -->
      <step title="DeploymentManager.Deploy(id:de8f466028354c429222f2e6a83243d2)" date="2025-04-07T09:33:48.291" >
        <step title="Collecting changeset information" date="2025-04-07T09:33:48.291" /><!-- duration: 60ms -->
        <step title="Updating submodules" date="2025-04-07T09:33:48.351" >
          <step title="Updating submodules." date="2025-04-07T09:33:48.397" /><!-- duration: 0ms -->
        </step><!-- duration: 62ms -->
        <step title="Preparing deployment for commit id &apos;de8f466028&apos;." date="2025-04-07T09:33:48.460" /><!-- duration: 0ms -->
        <step title="Determining deployment builder" date="2025-04-07T09:33:48.507" >
          <step title="Builder is OneDeployBuilder" date="2025-04-07T09:33:48.507" /><!-- duration: 16ms -->
        </step><!-- duration: 16ms -->
        <step title="Copying SSH keys" date="2025-04-07T09:33:48.538" /><!-- duration: 16ms -->
        <step title="Building" date="2025-04-07T09:33:48.554" >
          <step title="Running build. Project type: OneDeploy" date="2025-04-07T09:33:48.616" /><!-- duration: 0ms -->
          <step title="Copying the manifest" date="2025-04-07T09:33:48.647" /><!-- duration: 0ms -->
          <step title="Clean deploying to C:\home\site\wwwroot" date="2025-04-07T09:33:48.694" /><!-- duration: 0ms -->
          <step title="Generating deployment script." date="2025-04-07T09:33:48.726" /><!-- duration: 16ms -->
          <step title="Generating deployment script" date="2025-04-07T09:33:48.741" >
            <step title="Using cached version of the deployment script for command: -y --no-dot-deployment -r &quot;C:\local\Temp\zipdeploy\extracted&quot; -o &quot;C:\home\site\deployments\tools&quot; --basic --sitePath &quot;C:\local\Temp\zipdeploy\extracted&quot;" date="2025-04-07T09:33:48.804" /><!-- duration: 0ms -->
            <step title="Using cached version of deployment script (command: &apos;azure -y --no-dot-deployment -r &quot;C:\local\Temp\zipdeploy\extracted&quot; -o &quot;C:\home\site\deployments\tools&quot; --basic --sitePath &quot;C:\local\Temp\zipdeploy\extracted&quot;&apos;)." date="2025-04-07T09:33:48.819" /><!-- duration: 0ms -->
          </step><!-- duration: 94ms -->
          <step title="Running deployment command..." date="2025-04-07T09:33:48.866" /><!-- duration: 0ms -->
          <step title="Command: &quot;C:\home\site\deployments\tools\deploy.cmd&quot;" date="2025-04-07T09:33:48.882" /><!-- duration: 0ms -->
          <step title="Executing external process" date="2025-04-07T09:33:48.916" type="process" path="starter.cmd" arguments="&quot;C:\home\site\deployments\tools\deploy.cmd&quot;" >
            <step title="Handling Basic Web Site deployment." date="2025-04-07T09:33:50.523" /><!-- duration: 0ms -->
            <step title="Creating app_offline.htm" date="2025-04-07T09:33:50.523" /><!-- duration: 16ms -->
            <step title="KuduSync.NET from: &apos;C:\local\Temp\zipdeploy\extracted&apos; to: &apos;C:\home\site\wwwroot&apos;" date="2025-04-07T09:33:50.538" /><!-- duration: 0ms -->
            <step title="Deleting file: &apos;Logs\log20250407.txt&apos;" date="2025-04-07T09:33:50.554" /><!-- duration: 16ms -->
            <step title="Deleting directory: &apos;Logs&apos;" date="2025-04-07T09:33:50.569" /><!-- duration: 0ms -->
            <step title="Copying file: &apos;app.db&apos;" date="2025-04-07T09:33:50.585" /><!-- duration: 0ms -->
            <step title="Copying file: &apos;Application.dll&apos;" date="2025-04-07T09:33:50.585" /><!-- duration: 0ms -->
            <step title="Copying file: &apos;Application.pdb&apos;" date="2025-04-07T09:33:50.601" /><!-- duration: 0ms -->
            <step title="Copying file: &apos;Domain.dll&apos;" date="2025-04-07T09:33:50.616" /><!-- duration: 0ms -->
            <step title="Copying file: &apos;Domain.pdb&apos;" date="2025-04-07T09:33:50.616" /><!-- duration: 16ms -->
            <step title="Copying file: &apos;Infrastructure.dll&apos;" date="2025-04-07T09:33:50.632" /><!-- duration: 0ms -->
            <step title="Copying file: &apos;Infrastructure.pdb&apos;" date="2025-04-07T09:33:50.649" /><!-- duration: 0ms -->
            <step title="Copying file: &apos;WebApp&apos;" date="2025-04-07T09:33:50.664" /><!-- duration: 0ms -->
            <step title="Copying file: &apos;WebApp.dll&apos;" date="2025-04-07T09:33:50.664" /><!-- duration: 0ms -->
            <step title="Copying file: &apos;WebApp.pdb&apos;" date="2025-04-07T09:33:50.680" /><!-- duration: 0ms -->
            <step title="Deleting app_offline.htm" date="2025-04-07T09:33:50.697" /><!-- duration: 0ms -->
            <step title="Finished successfully." date="2025-04-07T09:33:50.697" /><!-- duration: 0ms -->
          </step><!-- duration: 1796ms -->
          <step title="Build completed succesfully." date="2025-04-07T09:33:50.775" /><!-- duration: 0ms -->
          <step title="Running post deployment command(s)..." date="2025-04-07T09:33:50.822" /><!-- duration: 0ms -->
          <step title="Requesting site restart" date="2025-04-07T09:33:50.885" /><!-- duration: 0ms -->
          <step title="Requesting site restart" date="2025-04-07T09:33:50.900" /><!-- duration: 0ms -->
          <step title="Requesting site restart. Attempt #1" date="2025-04-07T09:33:50.963" /><!-- duration: 0ms -->
          <step title="Requesting site restart. Attempt #1" date="2025-04-07T09:33:50.963" /><!-- duration: 0ms -->
          <step title="Successfully requested a restart. Attempt #1" date="2025-04-07T09:33:51.385" /><!-- duration: 0ms -->
          <step title="Successfully requested a restart. Attempt #1" date="2025-04-07T09:33:51.385" /><!-- duration: 0ms -->
          <step title="Deployment successful. DEPLOYMENTINFO: deploymentPath = OneDeploy, deployer = OneDeploy, os = windows, sku = Basic, siteName = iTrackerApp, siteHostName = itrackerapp.azurewebsites.net, deploymentStatus = Success" date="2025-04-07T09:33:51.431" /><!-- duration: 16ms -->
          <step title="Purge deployment items" date="2025-04-07T09:33:51.666" >
            <step title="Remove 20e2dd38a, Success, received at 4/3/2025 5:00:39 PM" date="2025-04-07T09:33:51.761" /><!-- duration: 0ms -->
          </step><!-- duration: 94ms -->
        </step><!-- duration: 3223ms -->
      </step><!-- duration: 3485ms -->
      <step title="Cleaning up temp files" date="2025-04-07T09:33:51.792" /><!-- duration: 0ms -->
      <step title="Skip function trigger and logicapp sync because function is not enabled." date="2025-04-07T09:33:51.807" /><!-- duration: 0ms -->
    </step><!-- duration: 9066ms -->
    <step title="LockFile &apos;C:\home\site\locks\deployments.lock&apos; released" date="2025-04-07T09:33:51.839" /><!-- duration: 16ms -->
    <step title="Deleting shutdown sentinel file" date="2025-04-07T09:33:51.854" SemaphoreCount="8" /><!-- duration: 0ms -->
  </step><!-- duration: 15285ms -->
  <step title="Outgoing response" date="2025-04-07T09:33:51.950" type="response" statusCode="200" statusText="OK" Server="Microsoft-IIS/10.0" x-ms-request-id="59354e58-1393-11f0-a18d-56d77f9ecf73" Cache-Control="private" X-AspNet-Version="4.0.30319" /><!-- duration: 0ms -->
</step><!-- duration: 16365ms -->
