<step title="Incoming Request" date="2025-04-07T11:21:05.126" instance="e8ad92" url="/api/zipdeploy?isAsync=true" method="POST" type="request" pid="5088,2,18" Cache-Control="no-cache" Content-Length="32166194" Content-Type="application/octet-stream" Accept="*/*" Accept-Encoding="gzip, deflate" Authorization="Bas..." Host="itrackerapp.scm.azurewebsites.net" User-Agent="AZURECLI/2.70.0 (HOMEBREW)" x-ms-client-request-id="614b07c2-13a2-11f0-a10e-56d77f9ecf73" X-ARR-LOG-ID="614b07c2-13a2-11f0-a10e-56d77f9ecf73" CLIENT-IP="58.84.61.149:27509" X-SITE-DEPLOYMENT-ID="iTrackerApp" WAS-DEFAULT-HOSTNAME="itrackerapp.scm.azurewebsites.net" X-Forwarded-Proto="https" X-AppService-Proto="https" X-Forwarded-TlsVersion="1.3" X-WAWS-Unencoded-URL="/api/zipdeploy?isAsync=true" >
  <step title="Cleanup Xml Logs" date="2025-04-07T11:21:05.126" /><!-- duration: 31ms -->
  <step title="ZipPushDeploy" date="2025-04-07T11:21:06.173" >
    <step title="ZipDeploy. Extract zip. " date="2025-04-07T11:21:06.204" /><!-- duration: 16ms -->
    <step title="Starting PushDeployAsync" date="2025-04-07T11:21:06.239" /><!-- duration: 0ms -->
    <step title="Updating shutdown sentinel last write time" date="2025-04-07T11:21:06.282" SemaphoreCount="7" /><!-- duration: 0ms -->
    <step title="LockFile &apos;C:\home\site\locks\deployments.lock&apos; acquired" date="2025-04-07T11:21:06.298" /><!-- duration: 0ms -->
    <step title="Saving request content to C:\local\Temp\zipdeploy\oc0ujume.zip" date="2025-04-07T11:21:06.314" >
      <step title="Total 32,166,194 bytes written to C:\local\Temp\zipdeploy\oc0ujume.zip" date="2025-04-07T11:21:14.400" /><!-- duration: 0ms -->
    </step><!-- duration: 8102ms -->
    <step title="LockFile &apos;C:\home\site\locks\deployments.lock&apos; released" date="2025-04-07T11:21:14.432" /><!-- duration: 0ms -->
    <step title="Deleting shutdown sentinel file" date="2025-04-07T11:21:14.447" SemaphoreCount="8" /><!-- duration: 0ms -->
    <step title="Starting FetchDeploy" date="2025-04-07T11:21:14.447" /><!-- duration: 16ms -->
    <step title="Start deployment in the background" date="2025-04-07T11:21:14.479" /><!-- duration: 126ms -->
  </step><!-- duration: 8432ms -->
  <step title="Outgoing response" date="2025-04-07T11:21:14.666" type="response" statusCode="202" statusText="Accepted" Server="Microsoft-IIS/10.0" x-ms-request-id="614b07c2-13a2-11f0-a10e-56d77f9ecf73" Retry-After="30" Cache-Control="private" X-AspNet-Version="4.0.30319" Location="https://itrackerapp.scm.azurewebsites.net/api/deployments/latest?deployer=ZipDeploy&amp;time=2025-04-07_11-21-14Z" /><!-- duration: 47ms -->
</step><!-- duration: 9605ms -->
