<step title="Incoming Request" date="2025-04-07T14:37:47.535" instance="e8ad92" url="/api/publish?type=zip" method="POST" type="request" pid="340,2,13" Cache-Control="no-cache" Content-Length="32738735" Content-Type="application/octet-stream" Accept="*/*" Accept-Encoding="gzip, deflate" Authorization="Bas..." Host="itrackerapp.scm.azurewebsites.net" User-Agent="AZURECLI/2.70.0 (HOMEBREW)" x-ms-client-request-id="dbc7c6f0-13bd-11f0-adcb-56d77f9ecf73" X-ARR-LOG-ID="dbc7c6f0-13bd-11f0-adcb-56d77f9ecf73" CLIENT-IP="103.93.198.139:64490" X-SITE-DEPLOYMENT-ID="iTrackerApp" WAS-DEFAULT-HOSTNAME="itrackerapp.scm.azurewebsites.net" X-Forwarded-Proto="https" X-AppService-Proto="https" X-Forwarded-TlsVersion="1.3" X-WAWS-Unencoded-URL="/api/publish?type=zip" >
  <step title="Cleanup Xml Logs" date="2025-04-07T14:37:47.535" /><!-- duration: 0ms -->
  <step title="OneDeploy" date="2025-04-07T14:37:48.629" >
    <step title="Starting PushDeployAsync" date="2025-04-07T14:37:48.660" /><!-- duration: 0ms -->
    <step title="Updating shutdown sentinel last write time" date="2025-04-07T14:37:48.707" SemaphoreCount="7" /><!-- duration: 0ms -->
    <step title="LockFile &apos;C:\home\site\locks\deployments.lock&apos; acquired" date="2025-04-07T14:37:48.725" /><!-- duration: 0ms -->
    <step title="Saving request content to C:\local\Temp\zipdeploy\tjkrhd5j.zip" date="2025-04-07T14:37:48.738" >
      <step title="Writing 11,071,488 bytes to C:\local\Temp\zipdeploy\tjkrhd5j.zip" date="2025-04-07T14:38:18.817" /><!-- duration: 0ms -->
      <step title="Writing 23,212,032 bytes to C:\local\Temp\zipdeploy\tjkrhd5j.zip" date="2025-04-07T14:38:48.825" /><!-- duration: 0ms -->
      <step title="Writing 30,994,432 bytes to C:\local\Temp\zipdeploy\tjkrhd5j.zip" date="2025-04-07T14:39:19.314" /><!-- duration: 16ms -->
      <step title="Total 32,738,735 bytes written to C:\local\Temp\zipdeploy\tjkrhd5j.zip" date="2025-04-07T14:39:32.597" /><!-- duration: 19ms -->
    </step><!-- duration: 103888ms -->
    <step title="LockFile &apos;C:\home\site\locks\deployments.lock&apos; released" date="2025-04-07T14:39:32.627" /><!-- duration: 0ms -->
    <step title="Deleting shutdown sentinel file" date="2025-04-07T14:39:32.642" SemaphoreCount="8" /><!-- duration: 0ms -->
    <step title="Starting FetchDeploy" date="2025-04-07T14:39:32.658" /><!-- duration: 0ms -->
    <step title="Attempting to fetch target branch HEAD" date="2025-04-07T14:39:32.658" /><!-- duration: 0ms -->
    <step title="Updating shutdown sentinel last write time" date="2025-04-07T14:39:32.689" SemaphoreCount="7" /><!-- duration: 0ms -->
    <step title="LockFile &apos;C:\home\site\locks\deployments.lock&apos; acquired" date="2025-04-07T14:39:32.689" /><!-- duration: 0ms -->
    <step title="Performing fetch based deployment" date="2025-04-07T14:39:32.720" >
      <step title="Creating temporary deployment" date="2025-04-07T14:39:32.720" /><!-- duration: 31ms -->
      <step title="Fetching changes." date="2025-04-07T14:39:32.861" /><!-- duration: 0ms -->
      <step title="Starting LocalZipHandler" date="2025-04-07T14:39:32.877" /><!-- duration: 0ms -->
      <step title="Starting LocalZipFetch" date="2025-04-07T14:39:32.892" /><!-- duration: 0ms -->
      <step title="Cleaning up temp folders from previous zip deployments and extracting pushed zip file C:\local\Temp\zipdeploy\tjkrhd5j.zip (31.22 MB) to C:\local\Temp\zipdeploy\extracted" date="2025-04-07T14:39:32.908" /><!-- duration: 0ms -->
      <step title="Cleaning up temp folders from previous zip deployments and extracting pushed zip file C:\local\Temp\zipdeploy\tjkrhd5j.zip (31.22 MB) to C:\local\Temp\zipdeploy\extracted" date="2025-04-07T14:39:32.908" >
        <step title="Extracting 652 entries to C:\local\Temp\zipdeploy\extracted directory" date="2025-04-07T14:39:32.956" >
          <step title="Extracting to C:\local\Temp\zipdeploy\extracted\Infrastructure.dll ..." date="2025-04-07T14:39:32.956" /><!-- duration: 0ms -->
          <step title="Extracting to C:\local\Temp\zipdeploy\extracted\Azure.Storage.Common.dll ..." date="2025-04-07T14:39:32.970" /><!-- duration: 16ms -->
          <step title="Extracting to C:\local\Temp\zipdeploy\extracted\zh-Hans\Microsoft.CodeAnalysis.resources.dll ..." date="2025-04-07T14:39:32.986" /><!-- duration: 0ms -->
          <step title="Extracting to C:\local\Temp\zipdeploy\extracted\zh-Hans\Microsoft.CodeAnalysis.CSharp.Workspaces.resources.dll ..." date="2025-04-07T14:39:33.003" /><!-- duration: 0ms -->
          <step title="Extracting to C:\local\Temp\zipdeploy\extracted\zh-Hans\Microsoft.CodeAnalysis.CSharp.resources.dll ..." date="2025-04-07T14:39:33.003" /><!-- duration: 14ms -->
          <step title="Omitting extracting file traces ..." date="2025-04-07T14:39:33.033" /><!-- duration: 0ms -->
        </step><!-- duration: 6734ms -->
      </step><!-- duration: 6801ms -->
      <step title="None repository commit" date="2025-04-07T14:39:39.708" >
        <step title="Commit id: 2bf215d972d04ede9495898427a8906c" date="2025-04-07T14:39:39.720" Message="OneDeploy" AuthorName="N/A" AuthorEmail="N/A" /><!-- duration: 35ms -->
      </step><!-- duration: 47ms -->
      <step title="Before sending BuildRequestReceived status to /api/updatedeploystatus" date="2025-04-07T14:39:39.767" /><!-- duration: 0ms -->
      <step title="DeploymentManager.Deploy(id:2bf215d972d04ede9495898427a8906c)" date="2025-04-07T14:39:39.804" >
        <step title="Collecting changeset information" date="2025-04-07T14:39:39.833" /><!-- duration: 762ms -->
        <step title="Updating submodules" date="2025-04-07T14:39:40.689" >
          <step title="Updating submodules." date="2025-04-07T14:39:40.892" /><!-- duration: 0ms -->
        </step><!-- duration: 223ms -->
        <step title="Preparing deployment for commit id &apos;2bf215d972&apos;." date="2025-04-07T14:39:41.037" /><!-- duration: 0ms -->
        <step title="Determining deployment builder" date="2025-04-07T14:39:41.189" >
          <step title="Builder is OneDeployBuilder" date="2025-04-07T14:39:41.220" /><!-- duration: 47ms -->
        </step><!-- duration: 78ms -->
        <step title="Copying SSH keys" date="2025-04-07T14:39:41.299" /><!-- duration: 47ms -->
        <step title="Building" date="2025-04-07T14:39:41.345" >
          <step title="Running build. Project type: OneDeploy" date="2025-04-07T14:39:41.505" /><!-- duration: 0ms -->
          <step title="Copying the manifest" date="2025-04-07T14:39:41.614" /><!-- duration: 0ms -->
          <step title="Clean deploying to C:\home\site\wwwroot" date="2025-04-07T14:39:41.736" /><!-- duration: 0ms -->
          <step title="Generating deployment script." date="2025-04-07T14:39:41.864" /><!-- duration: 12ms -->
          <step title="Generating deployment script" date="2025-04-07T14:39:41.894" >
            <step title="Using cached version of the deployment script for command: -y --no-dot-deployment -r &quot;C:\local\Temp\zipdeploy\extracted&quot; -o &quot;C:\home\site\deployments\tools&quot; --basic --sitePath &quot;C:\local\Temp\zipdeploy\extracted&quot;" date="2025-04-07T14:39:41.986" /><!-- duration: 18ms -->
            <step title="Using cached version of deployment script (command: &apos;azure -y --no-dot-deployment -r &quot;C:\local\Temp\zipdeploy\extracted&quot; -o &quot;C:\home\site\deployments\tools&quot; --basic --sitePath &quot;C:\local\Temp\zipdeploy\extracted&quot;&apos;)." date="2025-04-07T14:39:42.034" /><!-- duration: 14ms -->
          </step><!-- duration: 201ms -->
          <step title="Running deployment command..." date="2025-04-07T14:39:42.236" /><!-- duration: 17ms -->
          <step title="Command: &quot;C:\home\site\deployments\tools\deploy.cmd&quot;" date="2025-04-07T14:39:42.272" /><!-- duration: 11ms -->
          <step title="Executing external process" date="2025-04-07T14:39:42.331" type="process" path="starter.cmd" arguments="&quot;C:\home\site\deployments\tools\deploy.cmd&quot;" >
            <step title="Handling Basic Web Site deployment." date="2025-04-07T14:39:45.737" /><!-- duration: 48ms -->
            <step title="Creating app_offline.htm" date="2025-04-07T14:39:45.815" /><!-- duration: 0ms -->
            <step title="KuduSync.NET from: &apos;C:\local\Temp\zipdeploy\extracted&apos; to: &apos;C:\home\site\wwwroot&apos;" date="2025-04-07T14:39:45.846" /><!-- duration: 0ms -->
            <step title="Deleting file: &apos;Logs\log20250407.txt&apos;" date="2025-04-07T14:39:45.893" /><!-- duration: 0ms -->
            <step title="Deleting directory: &apos;Logs&apos;" date="2025-04-07T14:39:45.941" /><!-- duration: 0ms -->
            <step title="Deleting file: &apos;app.db&apos;" date="2025-04-07T14:39:45.989" /><!-- duration: 12ms -->
            <step title="Copying file: &apos;Application.dll&apos;" date="2025-04-07T14:39:46.018" /><!-- duration: 30ms -->
            <step title="Copying file: &apos;Application.pdb&apos;" date="2025-04-07T14:39:46.096" /><!-- duration: 0ms -->
            <step title="Copying file: &apos;Domain.dll&apos;" date="2025-04-07T14:39:46.115" /><!-- duration: 0ms -->
            <step title="Copying file: &apos;Domain.pdb&apos;" date="2025-04-07T14:39:46.162" /><!-- duration: 0ms -->
            <step title="Copying file: &apos;Infrastructure.dll&apos;" date="2025-04-07T14:39:46.224" /><!-- duration: 0ms -->
            <step title="Copying file: &apos;Infrastructure.pdb&apos;" date="2025-04-07T14:39:46.272" /><!-- duration: 11ms -->
            <step title="Copying file: &apos;WebApp&apos;" date="2025-04-07T14:39:46.314" /><!-- duration: 16ms -->
            <step title="Copying file: &apos;WebApp.dll&apos;" date="2025-04-07T14:39:46.350" /><!-- duration: 11ms -->
            <step title="Copying file: &apos;WebApp.pdb&apos;" date="2025-04-07T14:39:46.428" /><!-- duration: 12ms -->
            <step title="Copying file: &apos;publish\publish\appsettings.json&apos;" date="2025-04-07T14:39:46.457" /><!-- duration: 29ms -->
            <step title="Copying file: &apos;publish\publish\appsettings.Production.json&apos;" date="2025-04-07T14:39:46.517" /><!-- duration: 17ms -->
            <step title="Copying file: &apos;publish\publish\WebApp.deps.json&apos;" date="2025-04-07T14:39:46.583" /><!-- duration: 13ms -->
            <step title="Copying file: &apos;publish\publish\WebApp.runtimeconfig.json&apos;" date="2025-04-07T14:39:46.661" /><!-- duration: 0ms -->
            <step title="Copying file: &apos;publish\publish\App_Data\settings.json&apos;" date="2025-04-07T14:39:46.691" /><!-- duration: 0ms -->
            <step title="Copying file: &apos;publish\publish\publish\appsettings.json&apos;" date="2025-04-07T14:39:46.740" /><!-- duration: 29ms -->
            <step title="Copying file: &apos;publish\publish\publish\appsettings.Production.json&apos;" date="2025-04-07T14:39:46.817" /><!-- duration: 13ms -->
            <step title="Copying file: &apos;publish\publish\publish\WebApp.deps.json&apos;" date="2025-04-07T14:39:46.846" /><!-- duration: 18ms -->
            <step title="Copying file: &apos;publish\publish\publish\WebApp.runtimeconfig.json&apos;" date="2025-04-07T14:39:46.912" /><!-- duration: 0ms -->
            <step title="Copying file: &apos;publish\publish\publish\App_Data\settings.json&apos;" date="2025-04-07T14:39:46.924" /><!-- duration: 18ms -->
            <step title="Copying file: &apos;publish\publish\publish\publish\appsettings.json&apos;" date="2025-04-07T14:39:47.002" /><!-- duration: 36ms -->
            <step title="Copying file: &apos;publish\publish\publish\publish\appsettings.Production.json&apos;" date="2025-04-07T14:39:47.175" /><!-- duration: 61ms -->
            <step title="Copying file: &apos;publish\publish\publish\publish\WebApp.deps.json&apos;" date="2025-04-07T14:39:47.361" /><!-- duration: 19ms -->
            <step title="Copying file: &apos;publish\publish\publish\publish\WebApp.runtimeconfig.json&apos;" date="2025-04-07T14:39:47.517" /><!-- duration: 63ms -->
            <step title="Copying file: &apos;publish\publish\publish\publish\App_Data\settings.json&apos;" date="2025-04-07T14:39:47.692" /><!-- duration: 60ms -->
            <step title="Copying file: &apos;publish\publish\publish\publish\publish\appsettings.json&apos;" date="2025-04-07T14:39:47.861" /><!-- duration: 36ms -->
            <step title="Copying file: &apos;publish\publish\publish\publish\publish\appsettings.Production.json&apos;" date="2025-04-07T14:39:48.004" /><!-- duration: 13ms -->
            <step title="Copying file: &apos;publish\publish\publish\publish\publish\WebApp.deps.json&apos;" date="2025-04-07T14:39:48.175" /><!-- duration: 78ms -->
            <step title="Copying file: &apos;publish\publish\publish\publish\publish\WebApp.runtimeconfig.json&apos;" date="2025-04-07T14:39:48.349" /><!-- duration: 12ms -->
            <step title="Copying file: &apos;publish\publish\publish\publish\publish\App_Data\settings.json&apos;" date="2025-04-07T14:39:48.398" /><!-- duration: 11ms -->
            <step title="Copying file: &apos;publish\publish\publish\publish\publish\publish\appsettings.json&apos;" date="2025-04-07T14:39:48.439" /><!-- duration: 16ms -->
            <step title="Copying file: &apos;publish\publish\publish\publish\publish\publish\appsettings.Production.json&apos;" date="2025-04-07T14:39:48.533" /><!-- duration: 0ms -->
            <step title="Copying file: &apos;publish\publish\publish\publish\publish\publish\WebApp.deps.json&apos;" date="2025-04-07T14:39:48.723" /><!-- duration: 29ms -->
            <step title="Copying file: &apos;publish\publish\publish\publish\publish\publish\WebApp.runtimeconfig.json&apos;" date="2025-04-07T14:39:48.971" /><!-- duration: 110ms -->
            <step title="Copying file: &apos;publish\publish\publish\publish\publish\publish\App_Data\settings.json&apos;" date="2025-04-07T14:39:49.409" /><!-- duration: 46ms -->
            <step title="Copying file: &apos;publish\publish\publish\publish\publish\publish\publish\appsettings.json&apos;" date="2025-04-07T14:39:49.690" /><!-- duration: 546ms -->
            <step title="Copying file: &apos;publish\publish\publish\publish\publish\publish\publish\appsettings.Production.json&apos;" date="2025-04-07T14:39:51.096" /><!-- duration: 16ms -->
            <step title="Copying file: &apos;publish\publish\publish\publish\publish\publish\publish\WebApp.deps.json&apos;" date="2025-04-07T14:39:51.252" /><!-- duration: 0ms -->
            <step title="Copying file: &apos;publish\publish\publish\publish\publish\publish\publish\WebApp.runtimeconfig.json&apos;" date="2025-04-07T14:39:51.320" /><!-- duration: 42ms -->
            <step title="Copying file: &apos;publish\publish\publish\publish\publish\publish\publish\App_Data\settings.json&apos;" date="2025-04-07T14:39:51.377" /><!-- duration: 15ms -->
            <step title="Copying file: &apos;publish\publish\publish\publish\publish\publish\publish\publish\Application.deps.json&apos;" date="2025-04-07T14:39:51.408" /><!-- duration: 47ms -->
            <step title="Copying file: &apos;publish\publish\publish\publish\publish\publish\publish\publish\appsettings.json&apos;" date="2025-04-07T14:39:51.471" /><!-- duration: 0ms -->
            <step title="Copying file: &apos;publish\publish\publish\publish\publish\publish\publish\publish\appsettings.Production.json&apos;" date="2025-04-07T14:39:51.486" /><!-- duration: 18ms -->
            <step title="Copying file: &apos;publish\publish\publish\publish\publish\publish\publish\publish\Domain.deps.json&apos;" date="2025-04-07T14:39:51.518" /><!-- duration: 0ms -->
            <step title="Copying file: &apos;publish\publish\publish\publish\publish\publish\publish\publish\Infrastructure.deps.json&apos;" date="2025-04-07T14:39:51.533" /><!-- duration: 19ms -->
            <step title="Copying file: &apos;publish\publish\publish\publish\publish\publish\publish\publish\Infrastructure.runtimeconfig.json&apos;" date="2025-04-07T14:39:51.564" /><!-- duration: 17ms -->
            <step title="Omitting next output lines..." date="2025-04-07T14:39:51.611" /><!-- duration: 0ms -->
            <step title="Finished successfully." date="2025-04-07T14:39:52.471" /><!-- duration: 0ms -->
          </step><!-- duration: 10206ms -->
          <step title="Build completed succesfully." date="2025-04-07T14:39:52.643" /><!-- duration: 0ms -->
          <step title="Running post deployment command(s)..." date="2025-04-07T14:39:52.689" /><!-- duration: 16ms -->
          <step title="Requesting site restart" date="2025-04-07T14:39:52.783" /><!-- duration: 16ms -->
          <step title="Requesting site restart" date="2025-04-07T14:39:52.799" /><!-- duration: 0ms -->
          <step title="Requesting site restart. Attempt #1" date="2025-04-07T14:39:52.896" /><!-- duration: 0ms -->
          <step title="Requesting site restart. Attempt #1" date="2025-04-07T14:39:52.908" /><!-- duration: 0ms -->
          <step title="Successfully requested a restart. Attempt #1" date="2025-04-07T14:39:53.346" /><!-- duration: 0ms -->
          <step title="Successfully requested a restart. Attempt #1" date="2025-04-07T14:39:53.362" /><!-- duration: 0ms -->
          <step title="Deployment successful. DEPLOYMENTINFO: deploymentPath = OneDeploy, deployer = OneDeploy, os = windows, sku = Basic, siteName = iTrackerApp, siteHostName = itrackerapp.azurewebsites.net, deploymentStatus = Success" date="2025-04-07T14:39:53.408" /><!-- duration: 0ms -->
          <step title="Purge deployment items" date="2025-04-07T14:39:53.658" >
            <step title="Remove b9e86441e, Success, received at 4/7/2025 1:25:48 PM" date="2025-04-07T14:39:53.721" /><!-- duration: 0ms -->
          </step><!-- duration: 79ms -->
        </step><!-- duration: 12422ms -->
      </step><!-- duration: 13982ms -->
      <step title="Cleaning up temp files" date="2025-04-07T14:39:53.799" /><!-- duration: 0ms -->
      <step title="Skip function trigger and logicapp sync because function is not enabled." date="2025-04-07T14:39:53.815" /><!-- duration: 19ms -->
    </step><!-- duration: 21141ms -->
    <step title="LockFile &apos;C:\home\site\locks\deployments.lock&apos; released" date="2025-04-07T14:39:53.877" /><!-- duration: 0ms -->
    <step title="Deleting shutdown sentinel file" date="2025-04-07T14:39:53.893" SemaphoreCount="8" /><!-- duration: 0ms -->
  </step><!-- duration: 125281ms -->
  <step title="Outgoing response" date="2025-04-07T14:39:53.940" type="response" statusCode="200" statusText="OK" Server="Microsoft-IIS/10.0" x-ms-request-id="dbc7c6f0-13bd-11f0-adcb-56d77f9ecf73" Cache-Control="private" X-AspNet-Version="4.0.30319" /><!-- duration: 15ms -->
</step><!-- duration: 126420ms -->
