<step title="Incoming Request" date="2025-04-08T04:37:23.556" instance="e8ad92" url="/api/publish?type=zip" method="POST" type="request" pid="2092,2,9" Cache-Control="no-cache" Content-Length="65655773" Content-Type="application/octet-stream" Accept="*/*" Accept-Encoding="gzip, deflate" Authorization="Bas..." Host="itrackerapp.scm.azurewebsites.net" User-Agent="AZURECLI/2.70.0 (HOMEBREW)" x-ms-client-request-id="259bc608-1433-11f0-b938-56d77f9ecf73" X-ARR-LOG-ID="259bc608-1433-11f0-b938-56d77f9ecf73" CLIENT-IP="103.93.198.139:56196" X-SITE-DEPLOYMENT-ID="iTrackerApp" WAS-DEFAULT-HOSTNAME="itrackerapp.scm.azurewebsites.net" X-Forwarded-Proto="https" X-AppService-Proto="https" X-Forwarded-TlsVersion="1.3" X-WAWS-Unencoded-URL="/api/publish?type=zip" >
  <step title="Cleanup Xml Logs" date="2025-04-08T04:37:23.556" /><!-- duration: 16ms -->
  <step title="OneDeploy" date="2025-04-08T04:37:24.076" >
    <step title="Starting PushDeployAsync" date="2025-04-08T04:37:24.215" /><!-- duration: 0ms -->
    <step title="Updating shutdown sentinel last write time" date="2025-04-08T04:37:24.371" SemaphoreCount="7" /><!-- duration: 19ms -->
    <step title="LockFile &apos;C:\home\site\locks\deployments.lock&apos; acquired" date="2025-04-08T04:37:24.417" /><!-- duration: 0ms -->
    <step title="Saving request content to C:\local\Temp\zipdeploy\iudzay0c.zip" date="2025-04-08T04:37:24.433" >
      <step title="Total 65,655,773 bytes written to C:\local\Temp\zipdeploy\iudzay0c.zip" date="2025-04-08T04:37:35.672" /><!-- duration: 19ms -->
    </step><!-- duration: 11270ms -->
    <step title="LockFile &apos;C:\home\site\locks\deployments.lock&apos; released" date="2025-04-08T04:37:35.703" /><!-- duration: 16ms -->
    <step title="Deleting shutdown sentinel file" date="2025-04-08T04:37:35.718" SemaphoreCount="8" /><!-- duration: 0ms -->
    <step title="Starting FetchDeploy" date="2025-04-08T04:37:35.734" /><!-- duration: 0ms -->
    <step title="Attempting to fetch target branch HEAD" date="2025-04-08T04:37:35.750" /><!-- duration: 0ms -->
    <step title="Updating shutdown sentinel last write time" date="2025-04-08T04:37:35.781" SemaphoreCount="7" /><!-- duration: 0ms -->
    <step title="LockFile &apos;C:\home\site\locks\deployments.lock&apos; acquired" date="2025-04-08T04:37:35.796" /><!-- duration: 0ms -->
    <step title="Performing fetch based deployment" date="2025-04-08T04:37:35.812" >
      <step title="Creating temporary deployment" date="2025-04-08T04:37:35.828" /><!-- duration: 31ms -->
      <step title="Fetching changes." date="2025-04-08T04:37:36.031" /><!-- duration: 0ms -->
      <step title="Starting LocalZipHandler" date="2025-04-08T04:37:36.046" /><!-- duration: 16ms -->
      <step title="Starting LocalZipFetch" date="2025-04-08T04:37:36.093" /><!-- duration: 16ms -->
      <step title="Cleaning up temp folders from previous zip deployments and extracting pushed zip file C:\local\Temp\zipdeploy\iudzay0c.zip (62.61 MB) to C:\local\Temp\zipdeploy\extracted" date="2025-04-08T04:37:36.109" /><!-- duration: 0ms -->
      <step title="Cleaning up temp folders from previous zip deployments and extracting pushed zip file C:\local\Temp\zipdeploy\iudzay0c.zip (62.61 MB) to C:\local\Temp\zipdeploy\extracted" date="2025-04-08T04:37:36.125" >
        <step title="Extracting 1112 entries to C:\local\Temp\zipdeploy\extracted directory" date="2025-04-08T04:37:36.175" >
          <step title="Extracting to C:\local\Temp\zipdeploy\extracted\publish\Infrastructure.dll ..." date="2025-04-08T04:37:36.187" /><!-- duration: 17ms -->
          <step title="Extracting to C:\local\Temp\zipdeploy\extracted\publish\Azure.Storage.Common.dll ..." date="2025-04-08T04:37:36.219" /><!-- duration: 15ms -->
          <step title="Extracting to C:\local\Temp\zipdeploy\extracted\publish\zh-Hans\Microsoft.CodeAnalysis.resources.dll ..." date="2025-04-08T04:37:36.251" /><!-- duration: 0ms -->
          <step title="Extracting to C:\local\Temp\zipdeploy\extracted\publish\zh-Hans\Microsoft.CodeAnalysis.CSharp.Workspaces.resources.dll ..." date="2025-04-08T04:37:36.251" /><!-- duration: 19ms -->
          <step title="Extracting to C:\local\Temp\zipdeploy\extracted\publish\zh-Hans\Microsoft.CodeAnalysis.CSharp.resources.dll ..." date="2025-04-08T04:37:36.281" /><!-- duration: 18ms -->
          <step title="Omitting extracting file traces ..." date="2025-04-08T04:37:36.298" /><!-- duration: 19ms -->
        </step><!-- duration: 12562ms -->
      </step><!-- duration: 12626ms -->
      <step title="None repository commit" date="2025-04-08T04:37:48.766" >
        <step title="Commit id: f7712f9ffe68466190bf538497408031" date="2025-04-08T04:37:48.766" Message="OneDeploy" AuthorName="N/A" AuthorEmail="N/A" /><!-- duration: 0ms -->
      </step><!-- duration: 19ms -->
      <step title="Before sending BuildRequestReceived status to /api/updatedeploystatus" date="2025-04-08T04:37:48.785" /><!-- duration: 0ms -->
      <step title="DeploymentManager.Deploy(id:f7712f9ffe68466190bf538497408031)" date="2025-04-08T04:37:48.814" >
        <step title="Collecting changeset information" date="2025-04-08T04:37:48.828" /><!-- duration: 65ms -->
        <step title="Updating submodules" date="2025-04-08T04:37:48.906" >
          <step title="Updating submodules." date="2025-04-08T04:37:48.969" /><!-- duration: 15ms -->
        </step><!-- duration: 111ms -->
        <step title="Preparing deployment for commit id &apos;f7712f9ffe&apos;." date="2025-04-08T04:37:49.078" /><!-- duration: 17ms -->
        <step title="Determining deployment builder" date="2025-04-08T04:37:49.172" >
          <step title="Builder is OneDeployBuilder" date="2025-04-08T04:37:49.191" /><!-- duration: 12ms -->
        </step><!-- duration: 31ms -->
        <step title="Copying SSH keys" date="2025-04-08T04:37:49.220" /><!-- duration: 14ms -->
        <step title="Building" date="2025-04-08T04:37:49.250" >
          <step title="Running build. Project type: OneDeploy" date="2025-04-08T04:37:49.298" /><!-- duration: 0ms -->
          <step title="Copying the manifest" date="2025-04-08T04:37:49.396" /><!-- duration: 0ms -->
          <step title="Clean deploying to C:\home\site\wwwroot" date="2025-04-08T04:37:49.516" /><!-- duration: 0ms -->
          <step title="Generating deployment script." date="2025-04-08T04:37:49.594" /><!-- duration: 16ms -->
          <step title="Generating deployment script" date="2025-04-08T04:37:49.610" >
            <step title="Using cached version of the deployment script for command: -y --no-dot-deployment -r &quot;C:\local\Temp\zipdeploy\extracted&quot; -o &quot;C:\home\site\deployments\tools&quot; --basic --sitePath &quot;C:\local\Temp\zipdeploy\extracted&quot;" date="2025-04-08T04:37:49.797" /><!-- duration: 0ms -->
            <step title="Using cached version of deployment script (command: &apos;azure -y --no-dot-deployment -r &quot;C:\local\Temp\zipdeploy\extracted&quot; -o &quot;C:\home\site\deployments\tools&quot; --basic --sitePath &quot;C:\local\Temp\zipdeploy\extracted&quot;&apos;)." date="2025-04-08T04:37:49.828" /><!-- duration: 0ms -->
          </step><!-- duration: 234ms -->
          <step title="Running deployment command..." date="2025-04-08T04:37:49.909" /><!-- duration: 0ms -->
          <step title="Command: &quot;C:\home\site\deployments\tools\deploy.cmd&quot;" date="2025-04-08T04:37:49.938" /><!-- duration: 0ms -->
          <step title="Executing external process" date="2025-04-08T04:37:49.985" type="process" path="starter.cmd" arguments="&quot;C:\home\site\deployments\tools\deploy.cmd&quot;" >
            <step title="Handling Basic Web Site deployment." date="2025-04-08T04:37:50.767" /><!-- duration: 19ms -->
            <step title="Creating app_offline.htm" date="2025-04-08T04:37:58.568" /><!-- duration: 18ms -->
            <step title="KuduSync.NET from: &apos;C:\local\Temp\zipdeploy\extracted&apos; to: &apos;C:\home\site\wwwroot&apos;" date="2025-04-08T04:37:58.615" /><!-- duration: 0ms -->
            <step title="Copying file: &apos;Application.Abstractions.deps.json&apos;" date="2025-04-08T04:37:58.651" /><!-- duration: 0ms -->
            <step title="Copying file: &apos;Application.Abstractions.dll&apos;" date="2025-04-08T04:37:58.679" /><!-- duration: 19ms -->
            <step title="Copying file: &apos;Application.Abstractions.pdb&apos;" date="2025-04-08T04:37:58.709" /><!-- duration: 0ms -->
            <step title="Copying file: &apos;Application.deps.json&apos;" date="2025-04-08T04:37:58.727" /><!-- duration: 13ms -->
            <step title="Copying file: &apos;Application.dll&apos;" date="2025-04-08T04:37:58.775" /><!-- duration: 0ms -->
            <step title="Copying file: &apos;Application.pdb&apos;" date="2025-04-08T04:37:58.804" /><!-- duration: 0ms -->
            <step title="Copying file: &apos;Domain.deps.json&apos;" date="2025-04-08T04:37:58.834" /><!-- duration: 0ms -->
            <step title="Copying file: &apos;Domain.dll&apos;" date="2025-04-08T04:37:58.852" /><!-- duration: 13ms -->
            <step title="Copying file: &apos;Domain.pdb&apos;" date="2025-04-08T04:37:58.865" /><!-- duration: 0ms -->
            <step title="Copying file: &apos;Infrastructure.deps.json&apos;" date="2025-04-08T04:37:58.881" /><!-- duration: 16ms -->
            <step title="Copying file: &apos;Infrastructure.dll&apos;" date="2025-04-08T04:37:58.912" /><!-- duration: 0ms -->
            <step title="Copying file: &apos;Infrastructure.pdb&apos;" date="2025-04-08T04:37:58.912" /><!-- duration: 16ms -->
            <step title="Copying file: &apos;Infrastructure.runtimeconfig.json&apos;" date="2025-04-08T04:37:58.928" /><!-- duration: 19ms -->
            <step title="Copying file: &apos;Microsoft.IdentityModel.Protocols.dll&apos;" date="2025-04-08T04:37:58.959" /><!-- duration: 0ms -->
            <step title="Copying file: &apos;Microsoft.IdentityModel.Protocols.OpenIdConnect.dll&apos;" date="2025-04-08T04:37:58.975" /><!-- duration: 19ms -->
            <step title="Copying file: &apos;WebApp&apos;" date="2025-04-08T04:37:59.006" /><!-- duration: 0ms -->
            <step title="Copying file: &apos;WebApp.deps.json&apos;" date="2025-04-08T04:37:59.022" /><!-- duration: 19ms -->
            <step title="Copying file: &apos;WebApp.dll&apos;" date="2025-04-08T04:37:59.053" /><!-- duration: 16ms -->
            <step title="Copying file: &apos;WebApp.pdb&apos;" date="2025-04-08T04:37:59.099" /><!-- duration: 0ms -->
            <step title="Copying file: &apos;WebApp.runtimeconfig.json&apos;" date="2025-04-08T04:37:59.118" /><!-- duration: 13ms -->
            <step title="Deleting file: &apos;Logs\log20250408.txt&apos;" date="2025-04-08T04:37:59.166" /><!-- duration: 0ms -->
            <step title="Copying file: &apos;Logs\log20250407.txt&apos;" date="2025-04-08T04:37:59.178" /><!-- duration: 0ms -->
            <step title="Deleting app_offline.htm" date="2025-04-08T04:37:59.195" /><!-- duration: 19ms -->
            <step title="Finished successfully." date="2025-04-08T04:37:59.224" /><!-- duration: 0ms -->
          </step><!-- duration: 9255ms -->
          <step title="Build completed succesfully." date="2025-04-08T04:37:59.368" /><!-- duration: 0ms -->
          <step title="Running post deployment command(s)..." date="2025-04-08T04:37:59.474" /><!-- duration: 0ms -->
          <step title="Requesting site restart" date="2025-04-08T04:37:59.599" /><!-- duration: 16ms -->
          <step title="Requesting site restart" date="2025-04-08T04:37:59.635" /><!-- duration: 0ms -->
          <step title="Requesting site restart. Attempt #1" date="2025-04-08T04:37:59.725" /><!-- duration: 0ms -->
          <step title="Requesting site restart. Attempt #1" date="2025-04-08T04:37:59.745" /><!-- duration: 0ms -->
          <step title="Successfully requested a restart. Attempt #1" date="2025-04-08T04:38:00.334" /><!-- duration: 0ms -->
          <step title="Successfully requested a restart. Attempt #1" date="2025-04-08T04:38:00.334" /><!-- duration: 0ms -->
          <step title="Deployment successful. DEPLOYMENTINFO: deploymentPath = OneDeploy, deployer = OneDeploy, os = windows, sku = Basic, siteName = iTrackerApp, siteHostName = itrackerapp.azurewebsites.net, deploymentStatus = Success" date="2025-04-08T04:38:00.400" /><!-- duration: 0ms -->
          <step title="Purge deployment items" date="2025-04-08T04:38:00.631" >
            <step title="Remove 9b6a05317, Success, received at 4/7/2025 1:52:14 PM" date="2025-04-08T04:38:00.724" /><!-- duration: 0ms -->
          </step><!-- duration: 94ms -->
        </step><!-- duration: 11490ms -->
      </step><!-- duration: 11942ms -->
      <step title="Cleaning up temp files" date="2025-04-08T04:38:00.775" /><!-- duration: 12ms -->
      <step title="Skip function trigger and logicapp sync because function is not enabled." date="2025-04-08T04:38:00.804" /><!-- duration: 0ms -->
    </step><!-- duration: 25053ms -->
    <step title="LockFile &apos;C:\home\site\locks\deployments.lock&apos; released" date="2025-04-08T04:38:00.865" /><!-- duration: 0ms -->
    <step title="Deleting shutdown sentinel file" date="2025-04-08T04:38:00.881" SemaphoreCount="8" /><!-- duration: 0ms -->
  </step><!-- duration: 36820ms -->
  <step title="Outgoing response" date="2025-04-08T04:38:00.912" type="response" statusCode="200" statusText="OK" Server="Microsoft-IIS/10.0" x-ms-request-id="259bc608-1433-11f0-b938-56d77f9ecf73" Cache-Control="private" X-AspNet-Version="4.0.30319" /><!-- duration: 0ms -->
</step><!-- duration: 37356ms -->
