<step title="Incoming Request" date="2025-04-07T13:56:11.878" instance="e8ad92" url="/api/publish?type=zip" method="POST" type="request" pid="3444,2,8" Cache-Control="no-cache" Connection="Keep-Alive" Content-Length="32340759" Content-Type="application/octet-stream" Accept="*/*" Accept-Encoding="gzip, deflate" Authorization="Bas..." Host="itrackerapp.scm.azurewebsites.net" User-Agent="AZURECLI/2.70.0 (HOMEBREW)" x-ms-client-request-id="09841dce-13b8-11f0-b537-56d77f9ecf73" X-ARR-LOG-ID="09841dce-13b8-11f0-b537-56d77f9ecf73" CLIENT-IP="103.93.198.139:63349" X-SITE-DEPLOYMENT-ID="iTrackerApp" WAS-DEFAULT-HOSTNAME="itrackerapp.scm.azurewebsites.net" X-Forwarded-Proto="https" X-AppService-Proto="https" X-Forwarded-TlsVersion="1.3" X-WAWS-Unencoded-URL="/api/publish?type=zip" X-MS-COLDSTART="1" >
  <step title="OneDeploy" date="2025-04-07T13:56:12.784" >
    <step title="Starting PushDeployAsync" date="2025-04-07T13:56:12.880" /><!-- duration: 14ms -->
    <step title="Updating shutdown sentinel last write time" date="2025-04-07T13:56:13.128" SemaphoreCount="7" /><!-- duration: 0ms -->
    <step title="LockFile &apos;C:\home\site\locks\deployments.lock&apos; acquired" date="2025-04-07T13:56:13.128" /><!-- duration: 0ms -->
    <step title="Saving request content to C:\local\Temp\zipdeploy\s14ates0.zip" date="2025-04-07T13:56:13.146" >
      <step title="Total 32,340,759 bytes written to C:\local\Temp\zipdeploy\s14ates0.zip" date="2025-04-07T13:56:21.239" /><!-- duration: 0ms -->
    </step><!-- duration: 8093ms -->
    <step title="LockFile &apos;C:\home\site\locks\deployments.lock&apos; released" date="2025-04-07T13:56:21.255" /><!-- duration: 0ms -->
    <step title="Deleting shutdown sentinel file" date="2025-04-07T13:56:21.270" SemaphoreCount="8" /><!-- duration: 0ms -->
    <step title="Starting FetchDeploy" date="2025-04-07T13:56:21.270" /><!-- duration: 31ms -->
    <step title="Attempting to fetch target branch HEAD" date="2025-04-07T13:56:21.301" /><!-- duration: 0ms -->
    <step title="Updating shutdown sentinel last write time" date="2025-04-07T13:56:21.333" SemaphoreCount="7" /><!-- duration: 0ms -->
    <step title="LockFile &apos;C:\home\site\locks\deployments.lock&apos; acquired" date="2025-04-07T13:56:21.333" /><!-- duration: 0ms -->
    <step title="Performing fetch based deployment" date="2025-04-07T13:56:21.348" >
      <step title="Creating temporary deployment" date="2025-04-07T13:56:21.364" /><!-- duration: 62ms -->
      <step title="Fetching changes." date="2025-04-07T13:56:21.551" /><!-- duration: 16ms -->
      <step title="Starting LocalZipHandler" date="2025-04-07T13:56:21.598" /><!-- duration: 0ms -->
      <step title="Starting LocalZipFetch" date="2025-04-07T13:56:21.645" /><!-- duration: 0ms -->
      <step title="Cleaning up temp folders from previous zip deployments and extracting pushed zip file C:\local\Temp\zipdeploy\s14ates0.zip (30.84 MB) to C:\local\Temp\zipdeploy\extracted" date="2025-04-07T13:56:21.662" /><!-- duration: 0ms -->
      <step title="Cleaning up temp folders from previous zip deployments and extracting pushed zip file C:\local\Temp\zipdeploy\s14ates0.zip (30.84 MB) to C:\local\Temp\zipdeploy\extracted" date="2025-04-07T13:56:21.662" >
        <step title="Extracting 548 entries to C:\local\Temp\zipdeploy\extracted directory" date="2025-04-07T13:56:21.710" >
          <step title="Extracting to C:\local\Temp\zipdeploy\extracted\Infrastructure.dll ..." date="2025-04-07T13:56:21.710" /><!-- duration: 0ms -->
          <step title="Extracting to C:\local\Temp\zipdeploy\extracted\Azure.Storage.Common.dll ..." date="2025-04-07T13:56:21.723" /><!-- duration: 16ms -->
          <step title="Extracting to C:\local\Temp\zipdeploy\extracted\zh-Hans\Microsoft.CodeAnalysis.resources.dll ..." date="2025-04-07T13:56:21.739" /><!-- duration: 0ms -->
          <step title="Extracting to C:\local\Temp\zipdeploy\extracted\zh-Hans\Microsoft.CodeAnalysis.CSharp.Workspaces.resources.dll ..." date="2025-04-07T13:56:21.757" /><!-- duration: 0ms -->
          <step title="Extracting to C:\local\Temp\zipdeploy\extracted\zh-Hans\Microsoft.CodeAnalysis.CSharp.resources.dll ..." date="2025-04-07T13:56:21.770" /><!-- duration: 16ms -->
          <step title="Omitting extracting file traces ..." date="2025-04-07T13:56:21.786" /><!-- duration: 16ms -->
        </step><!-- duration: 5971ms -->
      </step><!-- duration: 6018ms -->
      <step title="None repository commit" date="2025-04-07T13:56:27.692" >
        <step title="Commit id: ed32ea70b6f648ae8bfc0073eb45f3a6" date="2025-04-07T13:56:27.692" Message="OneDeploy" AuthorName="N/A" AuthorEmail="N/A" /><!-- duration: 17ms -->
      </step><!-- duration: 17ms -->
      <step title="Before sending BuildRequestReceived status to /api/updatedeploystatus" date="2025-04-07T13:56:27.728" /><!-- duration: 11ms -->
      <step title="DeploymentManager.Deploy(id:ed32ea70b6f648ae8bfc0073eb45f3a6)" date="2025-04-07T13:56:27.757" >
        <step title="Collecting changeset information" date="2025-04-07T13:56:27.787" /><!-- duration: 80ms -->
        <step title="Updating submodules" date="2025-04-07T13:56:27.867" >
          <step title="Updating submodules." date="2025-04-07T13:56:27.945" /><!-- duration: 0ms -->
        </step><!-- duration: 91ms -->
        <step title="Preparing deployment for commit id &apos;ed32ea70b6&apos;." date="2025-04-07T13:56:28.036" /><!-- duration: 0ms -->
        <step title="Determining deployment builder" date="2025-04-07T13:56:28.145" >
          <step title="Builder is OneDeployBuilder" date="2025-04-07T13:56:28.161" /><!-- duration: 0ms -->
        </step><!-- duration: 34ms -->
        <step title="Copying SSH keys" date="2025-04-07T13:56:28.208" /><!-- duration: 16ms -->
        <step title="Building" date="2025-04-07T13:56:28.239" >
          <step title="Running build. Project type: OneDeploy" date="2025-04-07T13:56:28.270" /><!-- duration: 0ms -->
          <step title="Copying the manifest" date="2025-04-07T13:56:28.333" /><!-- duration: 0ms -->
          <step title="Clean deploying to C:\home\site\wwwroot" date="2025-04-07T13:56:28.458" /><!-- duration: 0ms -->
          <step title="Generating deployment script." date="2025-04-07T13:56:28.536" /><!-- duration: 0ms -->
          <step title="Generating deployment script" date="2025-04-07T13:56:28.536" >
            <step title="Using cached version of the deployment script for command: -y --no-dot-deployment -r &quot;C:\local\Temp\zipdeploy\extracted&quot; -o &quot;C:\home\site\deployments\tools&quot; --basic --sitePath &quot;C:\local\Temp\zipdeploy\extracted&quot;" date="2025-04-07T13:56:28.646" /><!-- duration: 0ms -->
            <step title="Using cached version of deployment script (command: &apos;azure -y --no-dot-deployment -r &quot;C:\local\Temp\zipdeploy\extracted&quot; -o &quot;C:\home\site\deployments\tools&quot; --basic --sitePath &quot;C:\local\Temp\zipdeploy\extracted&quot;&apos;)." date="2025-04-07T13:56:28.661" /><!-- duration: 0ms -->
          </step><!-- duration: 141ms -->
          <step title="Running deployment command..." date="2025-04-07T13:56:28.739" /><!-- duration: 0ms -->
          <step title="Command: &quot;C:\home\site\deployments\tools\deploy.cmd&quot;" date="2025-04-07T13:56:28.755" /><!-- duration: 0ms -->
          <step title="Executing external process" date="2025-04-07T13:56:28.817" type="process" path="starter.cmd" arguments="&quot;C:\home\site\deployments\tools\deploy.cmd&quot;" >
            <step title="Handling Basic Web Site deployment." date="2025-04-07T13:56:32.724" /><!-- duration: 109ms -->
            <step title="Creating app_offline.htm" date="2025-04-07T13:56:35.162" >
            <step title="Error: Failed to change file that is currently being used &quot;C:\home\site\wwwroot\Logs\log20250407.txt&quot;" date="2025-04-07T13:56:35.177" /><!-- duration: 16ms -->
/><!-- duration: 0ms -->
            <step title="KuduSync.NET from: &apos;C:\local\Temp\zipdeploy\extracted&apos; to: &apos;C:\home\site\wwwroot&apos;" date="2025-04-07T13:56:35.195" /><!-- duration: 0ms -->
            <step title="Deleting file: &apos;Logs\log20250407.txt&apos;" date="2025-04-07T13:56:35.224" /><!-- duration: 0ms -->
            <step title="Failed exitCode=1, command=&quot;kudusync&quot; -v 50 -x -f &quot;C:\local\Temp\zipdeploy\extracted&quot; -t &quot;C:\home\site\wwwroot&quot; -n &quot;C:\local\Temp\tmp87B7.tmp&quot; -p &quot;C:\local\Temp\tmp87B7.tmp&quot; -i &quot;.git;.hg;.deployment;deploy.cmd&quot;" date="2025-04-07T13:56:35.255" /><!-- duration: 0ms -->
            <step title="An error has occurred during web site deployment." date="2025-04-07T13:56:35.272" /><!-- duration: 0ms -->
            <step title="Process dump" date="2025-04-07T13:56:35.334" exitCode="255" type="processOutput" /><!-- duration: 0ms -->
          </step><!-- duration: 6516ms -->
          <step title="Error: Failed to change file that is currently being used &quot;C:\home\site\wwwroot\Logs\log20250407.txt&quot;
C:\Program Files (x86)\SiteExtensions\Kudu\103.110221.001\bin\Scripts\starter.cmd &quot;C:\home\site\deployments\tools\deploy.cmd&quot; DEPLOYMENTINFO: deploymentPath = OneDeploy, deployer = OneDeploy, os = windows, sku = Basic, siteName = iTrackerApp, siteHostName = itrackerapp.azurewebsites.net, deploymentStatus = Error" date="2025-04-07T13:56:35.350" /><!-- duration: 0ms -->
          <step title="Error occurred" date="2025-04-07T13:56:35.365" type="error" text="Error: Failed to change file that is currently being used &quot;C:\home\site\wwwroot\Logs\log20250407.txt&quot;
C:\Program Files (x86)\SiteExtensions\Kudu\103.110221.001\bin\Scripts\starter.cmd &quot;C:\home\site\deployments\tools\deploy.cmd&quot;" stackTrace="   at Kudu.Core.Infrastructure.Executable.ExecuteInternal(ITracer tracer, Func`2 onWriteOutput, Func`2 onWriteError, Encoding encoding, String arguments, Object[] args)
   at Kudu.Core.Infrastructure.Executable.ExecuteWithProgressWriter(ILogger logger, ITracer tracer, String arguments, Object[] args)
   at Kudu.Core.Deployment.Generator.ExternalCommandBuilder.RunCommand(DeploymentContext context, String command, Boolean ignoreManifest, String message)" /><!-- duration: 0ms -->
          <step title="Build completed succesfully." date="2025-04-07T13:56:35.427" /><!-- duration: 0ms -->
          <step title="Running post deployment command(s)..." date="2025-04-07T13:56:35.505" /><!-- duration: 0ms -->
          <step title="Requesting site restart" date="2025-04-07T13:56:35.584" /><!-- duration: 16ms -->
          <step title="Requesting site restart" date="2025-04-07T13:56:35.599" /><!-- duration: 0ms -->
          <step title="Requesting site restart. Attempt #1" date="2025-04-07T13:56:35.678" /><!-- duration: 15ms -->
          <step title="Requesting site restart. Attempt #1" date="2025-04-07T13:56:35.693" /><!-- duration: 0ms -->
          <step title="Successfully requested a restart. Attempt #1" date="2025-04-07T13:56:36.226" /><!-- duration: 16ms -->
          <step title="Successfully requested a restart. Attempt #1" date="2025-04-07T13:56:36.242" /><!-- duration: 16ms -->
          <step title="Deployment successful. DEPLOYMENTINFO: deploymentPath = OneDeploy, deployer = OneDeploy, os = windows, sku = Basic, siteName = iTrackerApp, siteHostName = itrackerapp.azurewebsites.net, deploymentStatus = Success" date="2025-04-07T13:56:36.289" /><!-- duration: 0ms -->
          <step title="Purge deployment items" date="2025-04-07T13:56:36.570" >
            <step title="Remove 69a0e0e4e, Success, received at 4/7/2025 8:32:00 AM" date="2025-04-07T13:56:36.633" /><!-- duration: 16ms -->
          </step><!-- duration: 78ms -->
        </step><!-- duration: 8444ms -->
      </step><!-- duration: 8938ms -->
      <step title="Cleaning up temp files" date="2025-04-07T13:56:36.695" /><!-- duration: 0ms -->
      <step title="Skip function trigger and logicapp sync because function is not enabled." date="2025-04-07T13:56:36.726" /><!-- duration: 0ms -->
    </step><!-- duration: 15425ms -->
    <step title="LockFile &apos;C:\home\site\locks\deployments.lock&apos; released" date="2025-04-07T13:56:36.773" /><!-- duration: 0ms -->
    <step title="Deleting shutdown sentinel file" date="2025-04-07T13:56:36.789" SemaphoreCount="8" /><!-- duration: 0ms -->
  </step><!-- duration: 24025ms -->
  <step title="Outgoing response" date="2025-04-07T13:56:36.945" type="response" statusCode="200" statusText="OK" Server="Microsoft-IIS/10.0" x-ms-request-id="09841dce-13b8-11f0-b537-56d77f9ecf73" Cache-Control="private" X-AspNet-Version="4.0.30319" /><!-- duration: 0ms -->
</step><!-- duration: 25067ms -->
