<step title="Incoming Request" date="2025-04-03T09:31:30.996" instance="e8ad92" url="/api/zipdeploy?isAsync=true" method="POST" type="request" pid="7400,2,8" Cache-Control="no-cache" Connection="Keep-Alive" Content-Length="29295451" Content-Type="application/octet-stream" Accept="*/*" Accept-Encoding="gzip, deflate" Authorization="Bas..." Host="itrackerapp.scm.azurewebsites.net" User-Agent="AZURECLI/2.70.0 (HOMEBREW)" x-ms-client-request-id="66644692-106e-11f0-9af6-56d77f9ecf73" X-ARR-LOG-ID="66644692-106e-11f0-9af6-56d77f9ecf73" CLIENT-IP="58.84.60.25:19800" X-SITE-DEPLOYMENT-ID="iTrackerApp" WAS-DEFAULT-HOSTNAME="itrackerapp.scm.azurewebsites.net" X-Forwarded-Proto="https" X-AppService-Proto="https" X-Forwarded-TlsVersion="1.3" X-WAWS-Unencoded-URL="/api/zipdeploy?isAsync=true" X-MS-COLDSTART="1" >
  <step title="ZipPushDeploy" date="2025-04-03T09:31:31.876" >
    <step title="ZipDeploy. Extract zip. " date="2025-04-03T09:31:31.965" /><!-- duration: 0ms -->
    <step title="Starting PushDeployAsync" date="2025-04-03T09:31:31.981" /><!-- duration: 0ms -->
    <step title="Updating shutdown sentinel last write time" date="2025-04-03T09:31:32.137" SemaphoreCount="7" /><!-- duration: 19ms -->
    <step title="LockFile &apos;C:\home\site\locks\deployments.lock&apos; acquired" date="2025-04-03T09:31:32.155" /><!-- duration: 13ms -->
    <step title="Saving request content to C:\local\Temp\zipdeploy\0xech5x4.zip" date="2025-04-03T09:31:32.168" >
      <step title="Total 29,295,451 bytes written to C:\local\Temp\zipdeploy\0xech5x4.zip" date="2025-04-03T09:31:49.221" /><!-- duration: 0ms -->
    </step><!-- duration: 17069ms -->
    <step title="LockFile &apos;C:\home\site\locks\deployments.lock&apos; released" date="2025-04-03T09:31:49.237" /><!-- duration: 0ms -->
    <step title="Deleting shutdown sentinel file" date="2025-04-03T09:31:49.253" SemaphoreCount="8" /><!-- duration: 0ms -->
    <step title="Starting FetchDeploy" date="2025-04-03T09:31:49.268" /><!-- duration: 0ms -->
    <step title="Start deployment in the background" date="2025-04-03T09:31:49.268" /><!-- duration: 173ms -->
  </step><!-- duration: 17596ms -->
  <step title="Outgoing response" date="2025-04-03T09:31:49.538" type="response" statusCode="202" statusText="Accepted" Server="Microsoft-IIS/10.0" x-ms-request-id="66644692-106e-11f0-9af6-56d77f9ecf73" Retry-After="30" Cache-Control="private" X-AspNet-Version="4.0.30319" Location="https://itrackerapp.scm.azurewebsites.net/api/deployments/latest?deployer=ZipDeploy&amp;time=2025-04-03_09-31-49Z" /><!-- duration: 29ms -->
</step><!-- duration: 18585ms -->
