<step title="BackgroundTrace" date="2025-04-03T09:31:49.300" instance="e8ad92" url="/api/zipdeploy" method="POST" >
  <step title="Cleanup Xml Logs" date="2025-04-03T09:31:49.300" /><!-- duration: 0ms -->
  <step title="Updating shutdown sentinel last write time" date="2025-04-03T09:31:49.346" SemaphoreCount="7" /><!-- duration: 0ms -->
  <step title="LockFile &apos;C:\home\site\locks\deployments.lock&apos; acquired" date="2025-04-03T09:31:49.346" /><!-- duration: 0ms -->
  <step title="Creating temporary deployment" date="2025-04-03T09:31:49.362" /><!-- duration: 62ms -->
  <step title="Performing fetch based deployment" date="2025-04-03T09:31:49.441" >
    <step title="Fetching changes." date="2025-04-03T09:31:49.675" /><!-- duration: 48ms -->
    <step title="Starting LocalZipHandler" date="2025-04-03T09:31:49.723" /><!-- duration: 19ms -->
    <step title="Cleaning up temp folders from previous zip deployments and extracting pushed zip file C:\local\Temp\zipdeploy\0xech5x4.zip (27.94 MB) to C:\local\Temp\zipdeploy\extracted" date="2025-04-03T09:31:49.800" /><!-- duration: 0ms -->
    <step title="Cleaning up temp folders from previous zip deployments and extracting pushed zip file C:\local\Temp\zipdeploy\0xech5x4.zip (27.94 MB) to C:\local\Temp\zipdeploy\extracted" date="2025-04-03T09:31:49.815" >
      <step title="Extracting 421 entries to C:\local\Temp\zipdeploy\extracted directory" date="2025-04-03T09:31:49.831" >
        <step title="Extracting to C:\local\Temp\zipdeploy\extracted\Application.Abstractions.dll ..." date="2025-04-03T09:31:49.849" /><!-- duration: 0ms -->
        <step title="Extracting to C:\local\Temp\zipdeploy\extracted\Application.Abstractions.pdb ..." date="2025-04-03T09:31:49.862" /><!-- duration: 0ms -->
        <step title="Extracting to C:\local\Temp\zipdeploy\extracted\Application.Common.dll ..." date="2025-04-03T09:31:49.862" /><!-- duration: 0ms -->
        <step title="Extracting to C:\local\Temp\zipdeploy\extracted\Application.Common.pdb ..." date="2025-04-03T09:31:49.878" /><!-- duration: 0ms -->
        <step title="Extracting to C:\local\Temp\zipdeploy\extracted\Application.dll ..." date="2025-04-03T09:31:49.878" /><!-- duration: 16ms -->
        <step title="Omitting extracting file traces ..." date="2025-04-03T09:31:49.894" /><!-- duration: 16ms -->
      </step><!-- duration: 4845ms -->
    </step><!-- duration: 4880ms -->
    <step title="Before sending BuildRequestReceived status to /api/updatedeploystatus" date="2025-04-03T09:31:54.706" /><!-- duration: 20ms -->
    <step title="DeploymentManager.Deploy(id:434f7f78b91446c58c7f9269b105fb25)" date="2025-04-03T09:31:54.756" >
      <step title="Collecting changeset information" date="2025-04-03T09:31:54.768" /><!-- duration: 47ms -->
      <step title="Updating submodules" date="2025-04-03T09:31:54.847" >
        <step title="Updating submodules." date="2025-04-03T09:31:54.940" /><!-- duration: 18ms -->
      </step><!-- duration: 125ms -->
      <step title="Preparing deployment for commit id &apos;434f7f78b9&apos;." date="2025-04-03T09:31:55.112" /><!-- duration: 0ms -->
      <step title="Determining deployment builder" date="2025-04-03T09:31:55.190" >
        <step title="Builder is BasicBuilder" date="2025-04-03T09:31:55.206" /><!-- duration: 0ms -->
      </step><!-- duration: 34ms -->
      <step title="Copying SSH keys" date="2025-04-03T09:31:55.253" /><!-- duration: 15ms -->
      <step title="Building" date="2025-04-03T09:31:55.284" >
        <step title="Generating deployment script." date="2025-04-03T09:31:55.393" /><!-- duration: 0ms -->
        <step title="Generating deployment script" date="2025-04-03T09:31:55.412" >
          <step title="Using cached version of the deployment script for command: -y --no-dot-deployment -r &quot;C:\local\Temp\zipdeploy\extracted&quot; -o &quot;C:\home\site\deployments\tools&quot; --basic --sitePath &quot;C:\local\Temp\zipdeploy\extracted&quot;" date="2025-04-03T09:31:55.886" /><!-- duration: 12ms -->
          <step title="Using cached version of deployment script (command: &apos;azure -y --no-dot-deployment -r &quot;C:\local\Temp\zipdeploy\extracted&quot; -o &quot;C:\home\site\deployments\tools&quot; --basic --sitePath &quot;C:\local\Temp\zipdeploy\extracted&quot;&apos;)." date="2025-04-03T09:31:55.899" /><!-- duration: 0ms -->
        </step><!-- duration: 504ms -->
        <step title="Running deployment command..." date="2025-04-03T09:31:55.993" /><!-- duration: 19ms -->
        <step title="Command: &quot;C:\home\site\deployments\tools\deploy.cmd&quot;" date="2025-04-03T09:31:56.060" /><!-- duration: 11ms -->
        <step title="Executing external process" date="2025-04-03T09:31:56.137" type="process" path="starter.cmd" arguments="&quot;C:\home\site\deployments\tools\deploy.cmd&quot;" >
          <step title="Handling Basic Web Site deployment." date="2025-04-03T09:31:56.857" /><!-- duration: 11ms -->
          <step title="Creating app_offline.htm" date="2025-04-03T09:31:59.072" /><!-- duration: 0ms -->
          <step title="KuduSync.NET from: &apos;C:\local\Temp\zipdeploy\extracted&apos; to: &apos;C:\home\site\wwwroot&apos;" date="2025-04-03T09:31:59.102" /><!-- duration: 19ms -->
          <step title="Copying file: &apos;Application.Abstractions.dll&apos;" date="2025-04-03T09:31:59.133" /><!-- duration: 0ms -->
          <step title="Copying file: &apos;Application.Abstractions.pdb&apos;" date="2025-04-03T09:31:59.151" /><!-- duration: 0ms -->
          <step title="Copying file: &apos;Application.Common.dll&apos;" date="2025-04-03T09:31:59.165" /><!-- duration: 16ms -->
          <step title="Copying file: &apos;Application.Common.pdb&apos;" date="2025-04-03T09:31:59.181" /><!-- duration: 20ms -->
          <step title="Copying file: &apos;Application.dll&apos;" date="2025-04-03T09:31:59.212" /><!-- duration: 0ms -->
          <step title="Copying file: &apos;Application.pdb&apos;" date="2025-04-03T09:31:59.231" /><!-- duration: 30ms -->
          <step title="Copying file: &apos;appsettings.Development.json&apos;" date="2025-04-03T09:31:59.274" /><!-- duration: 0ms -->
          <step title="Copying file: &apos;appsettings.json&apos;" date="2025-04-03T09:31:59.290" /><!-- duration: 0ms -->
          <step title="Copying file: &apos;Ardalis.Result.dll&apos;" date="2025-04-03T09:31:59.321" /><!-- duration: 0ms -->
          <step title="Copying file: &apos;Ardalis.Result.FluentValidation.dll&apos;" date="2025-04-03T09:31:59.339" /><!-- duration: 0ms -->
          <step title="Copying file: &apos;Azure.Core.dll&apos;" date="2025-04-03T09:31:59.352" /><!-- duration: 0ms -->
          <step title="Copying file: &apos;Azure.Storage.Blobs.dll&apos;" date="2025-04-03T09:31:59.368" /><!-- duration: 0ms -->
          <step title="Copying file: &apos;Azure.Storage.Common.dll&apos;" date="2025-04-03T09:31:59.388" /><!-- duration: 0ms -->
          <step title="Copying file: &apos;Azure.Storage.Queues.dll&apos;" date="2025-04-03T09:31:59.399" /><!-- duration: 0ms -->
          <step title="Copying file: &apos;BCrypt.Net-Next.dll&apos;" date="2025-04-03T09:31:59.417" /><!-- duration: 0ms -->
          <step title="Copying file: &apos;Ben.Demystifier.dll&apos;" date="2025-04-03T09:31:59.430" /><!-- duration: 16ms -->
          <step title="Copying file: &apos;CsvHelper.dll&apos;" date="2025-04-03T09:31:59.446" /><!-- duration: 19ms -->
          <step title="Copying file: &apos;Domain.dll&apos;" date="2025-04-03T09:31:59.477" /><!-- duration: 0ms -->
          <step title="Copying file: &apos;Domain.pdb&apos;" date="2025-04-03T09:31:59.495" /><!-- duration: 0ms -->
          <step title="Copying file: &apos;FastExpressionCompiler.dll&apos;" date="2025-04-03T09:31:59.543" /><!-- duration: 0ms -->
          <step title="Copying file: &apos;FluentValidation.AspNetCore.dll&apos;" date="2025-04-03T09:31:59.665" /><!-- duration: 15ms -->
          <step title="Copying file: &apos;FluentValidation.DependencyInjectionExtensions.dll&apos;" date="2025-04-03T09:31:59.761" /><!-- duration: 13ms -->
          <step title="Copying file: &apos;FluentValidation.dll&apos;" date="2025-04-03T09:31:59.821" /><!-- duration: 16ms -->
          <step title="Copying file: &apos;Flurl.dll&apos;" date="2025-04-03T09:31:59.868" /><!-- duration: 0ms -->
          <step title="Copying file: &apos;Humanizer.dll&apos;" date="2025-04-03T09:31:59.886" /><!-- duration: 0ms -->
          <step title="Copying file: &apos;Infrastructure.dll&apos;" date="2025-04-03T09:31:59.899" /><!-- duration: 0ms -->
          <step title="Copying file: &apos;Infrastructure.pdb&apos;" date="2025-04-03T09:31:59.915" /><!-- duration: 0ms -->
          <step title="Copying file: &apos;Mapster.Core.dll&apos;" date="2025-04-03T09:31:59.934" /><!-- duration: 12ms -->
          <step title="Copying file: &apos;Mapster.dll&apos;" date="2025-04-03T09:31:59.964" /><!-- duration: 0ms -->
          <step title="Copying file: &apos;Mapster.EFCore.dll&apos;" date="2025-04-03T09:31:59.977" /><!-- duration: 16ms -->
          <step title="Copying file: &apos;MediatR.Contracts.dll&apos;" date="2025-04-03T09:31:59.993" /><!-- duration: 19ms -->
          <step title="Copying file: &apos;MediatR.dll&apos;" date="2025-04-03T09:32:00.041" /><!-- duration: 0ms -->
          <step title="Copying file: &apos;Microsoft.AspNetCore.Authentication.JwtBearer.dll&apos;" date="2025-04-03T09:32:00.055" /><!-- duration: 16ms -->
          <step title="Copying file: &apos;Microsoft.AspNetCore.Cryptography.Internal.dll&apos;" date="2025-04-03T09:32:00.089" /><!-- duration: 0ms -->
          <step title="Copying file: &apos;Microsoft.AspNetCore.Cryptography.KeyDerivation.dll&apos;" date="2025-04-03T09:32:00.102" /><!-- duration: 16ms -->
          <step title="Copying file: &apos;Microsoft.AspNetCore.Identity.EntityFrameworkCore.dll&apos;" date="2025-04-03T09:32:00.136" /><!-- duration: 13ms -->
          <step title="Copying file: &apos;Microsoft.AspNetCore.Identity.UI.dll&apos;" date="2025-04-03T09:32:00.165" /><!-- duration: 0ms -->
          <step title="Copying file: &apos;Microsoft.Bcl.AsyncInterfaces.dll&apos;" date="2025-04-03T09:32:00.184" /><!-- duration: 12ms -->
          <step title="Copying file: &apos;Microsoft.CodeAnalysis.CSharp.dll&apos;" date="2025-04-03T09:32:00.214" /><!-- duration: 13ms -->
          <step title="Copying file: &apos;Microsoft.CodeAnalysis.CSharp.Workspaces.dll&apos;" date="2025-04-03T09:32:00.243" /><!-- duration: 19ms -->
          <step title="Copying file: &apos;Microsoft.CodeAnalysis.dll&apos;" date="2025-04-03T09:32:00.274" /><!-- duration: 18ms -->
          <step title="Copying file: &apos;Microsoft.CodeAnalysis.Workspaces.dll&apos;" date="2025-04-03T09:32:00.321" /><!-- duration: 0ms -->
          <step title="Copying file: &apos;Microsoft.Data.Sqlite.dll&apos;" date="2025-04-03T09:32:00.352" /><!-- duration: 78ms -->
          <step title="Copying file: &apos;Microsoft.EntityFrameworkCore.Abstractions.dll&apos;" date="2025-04-03T09:32:00.684" /><!-- duration: 12ms -->
          <step title="Copying file: &apos;Microsoft.EntityFrameworkCore.Design.dll&apos;" date="2025-04-03T09:32:00.714" /><!-- duration: 13ms -->
          <step title="Copying file: &apos;Microsoft.EntityFrameworkCore.dll&apos;" date="2025-04-03T09:32:00.744" /><!-- duration: 20ms -->
          <step title="Copying file: &apos;Microsoft.EntityFrameworkCore.Relational.dll&apos;" date="2025-04-03T09:32:00.774" /><!-- duration: 0ms -->
          <step title="Copying file: &apos;Microsoft.EntityFrameworkCore.Sqlite.dll&apos;" date="2025-04-03T09:32:00.793" /><!-- duration: 13ms -->
          <step title="Omitting next output lines..." date="2025-04-03T09:32:00.822" /><!-- duration: 0ms -->
          <step title="Finished successfully." date="2025-04-03T09:32:06.712" /><!-- duration: 19ms -->
        </step><!-- duration: 10670ms -->
        <step title="Running post deployment command(s)..." date="2025-04-03T09:32:06.899" /><!-- duration: 0ms -->
        <step title="Triggering recycle (preview mode disabled)." date="2025-04-03T09:32:07.009" /><!-- duration: 0ms -->
        <step title="Ignoring FS watcher based recycle request as this is a classic Windows app." date="2025-04-03T09:32:07.009" /><!-- duration: 16ms -->
        <step title="Deployment successful. DEPLOYMENTINFO: deploymentPath = ZipDeploy. Extract zip. , deployer = ZipDeploy, os = windows, sku = Basic, siteName = iTrackerApp, siteHostName = itrackerapp.azurewebsites.net, deploymentStatus = Success" date="2025-04-03T09:32:07.120" /><!-- duration: 0ms -->
        <step title="Purge deployment items" date="2025-04-03T09:32:07.259" >
          <step title="Remove 1c46c642c, Success, received at 4/3/2025 7:20:40 AM" date="2025-04-03T09:32:07.368" /><!-- duration: 0ms -->
        </step><!-- duration: 125ms -->
      </step><!-- duration: 12131ms -->
    </step><!-- duration: 12676ms -->
    <step title="Cleaning up temp files" date="2025-04-03T09:32:07.431" /><!-- duration: 15ms -->
    <step title="Skip function trigger and logicapp sync because function is not enabled." date="2025-04-03T09:32:07.482" /><!-- duration: 0ms -->
  </step><!-- duration: 18083ms -->
  <step title="LockFile &apos;C:\home\site\locks\deployments.lock&apos; released" date="2025-04-03T09:32:07.541" /><!-- duration: 0ms -->
  <step title="Deleting shutdown sentinel file" date="2025-04-03T09:32:07.560" SemaphoreCount="8" /><!-- duration: 11ms -->
</step><!-- duration: 18271ms -->
