<step title="Incoming Request" date="2025-04-03T11:19:25.645" instance="e8ad92" url="/api/publish?type=zip" method="POST" type="request" pid="4020,2,8" Cache-Control="no-cache" Content-Length="29262332" Content-Type="application/octet-stream" Accept="*/*" Accept-Encoding="gzip, deflate" Authorization="Bas..." Host="itrackerapp.scm.azurewebsites.net" User-Agent="AZURECLI/2.70.0 (HOMEBREW)" x-ms-client-request-id="784c6006-107d-11f0-ab61-56d77f9ecf73" X-ARR-LOG-ID="784c6006-107d-11f0-ab61-56d77f9ecf73" CLIENT-IP="58.84.60.25:18557" X-SITE-DEPLOYMENT-ID="iTrackerApp" WAS-DEFAULT-HOSTNAME="itrackerapp.scm.azurewebsites.net" X-Forwarded-Proto="https" X-AppService-Proto="https" X-Forwarded-TlsVersion="1.3" X-WAWS-Unencoded-URL="/api/publish?type=zip" >
  <step title="OneDeploy" date="2025-04-03T11:19:26.754" >
    <step title="Starting PushDeployAsync" date="2025-04-03T11:19:26.992" /><!-- duration: 12ms -->
    <step title="Updating shutdown sentinel last write time" date="2025-04-03T11:19:27.348" SemaphoreCount="7" /><!-- duration: 0ms -->
    <step title="LockFile &apos;C:\home\site\locks\deployments.lock&apos; acquired" date="2025-04-03T11:19:27.398" /><!-- duration: 13ms -->
    <step title="Saving request content to C:\local\Temp\zipdeploy\nfuf03o4.zip" date="2025-04-03T11:19:27.428" >
      <step title="Total 29,262,332 bytes written to C:\local\Temp\zipdeploy\nfuf03o4.zip" date="2025-04-03T11:19:37.512" /><!-- duration: 0ms -->
    </step><!-- duration: 10084ms -->
    <step title="LockFile &apos;C:\home\site\locks\deployments.lock&apos; released" date="2025-04-03T11:19:37.527" /><!-- duration: 0ms -->
    <step title="Deleting shutdown sentinel file" date="2025-04-03T11:19:37.527" SemaphoreCount="8" /><!-- duration: 0ms -->
    <step title="Starting FetchDeploy" date="2025-04-03T11:19:37.543" /><!-- duration: 16ms -->
    <step title="Attempting to fetch target branch HEAD" date="2025-04-03T11:19:37.559" /><!-- duration: 16ms -->
    <step title="Updating shutdown sentinel last write time" date="2025-04-03T11:19:37.590" SemaphoreCount="7" /><!-- duration: 0ms -->
    <step title="LockFile &apos;C:\home\site\locks\deployments.lock&apos; acquired" date="2025-04-03T11:19:37.590" /><!-- duration: 16ms -->
    <step title="Performing fetch based deployment" date="2025-04-03T11:19:37.622" >
      <step title="Creating temporary deployment" date="2025-04-03T11:19:37.641" /><!-- duration: 43ms -->
      <step title="Fetching changes." date="2025-04-03T11:19:37.918" /><!-- duration: 19ms -->
      <step title="Starting LocalZipHandler" date="2025-04-03T11:19:37.949" /><!-- duration: 0ms -->
      <step title="Starting LocalZipFetch" date="2025-04-03T11:19:37.967" /><!-- duration: 0ms -->
      <step title="Cleaning up temp folders from previous zip deployments and extracting pushed zip file C:\local\Temp\zipdeploy\nfuf03o4.zip (27.91 MB) to C:\local\Temp\zipdeploy\extracted" date="2025-04-03T11:19:37.981" /><!-- duration: 0ms -->
      <step title="Cleaning up temp folders from previous zip deployments and extracting pushed zip file C:\local\Temp\zipdeploy\nfuf03o4.zip (27.91 MB) to C:\local\Temp\zipdeploy\extracted" date="2025-04-03T11:19:37.981" >
        <step title="Extracting 433 entries to C:\local\Temp\zipdeploy\extracted directory" date="2025-04-03T11:19:38.027" >
          <step title="Extracting to C:\local\Temp\zipdeploy\extracted\Infrastructure.dll ..." date="2025-04-03T11:19:38.027" /><!-- duration: 16ms -->
          <step title="Extracting to C:\local\Temp\zipdeploy\extracted\Azure.Storage.Common.dll ..." date="2025-04-03T11:19:38.044" /><!-- duration: 31ms -->
          <step title="Extracting to C:\local\Temp\zipdeploy\extracted\zh-Hans\Microsoft.CodeAnalysis.resources.dll ..." date="2025-04-03T11:19:38.074" /><!-- duration: 0ms -->
          <step title="Extracting to C:\local\Temp\zipdeploy\extracted\zh-Hans\Microsoft.CodeAnalysis.CSharp.Workspaces.resources.dll ..." date="2025-04-03T11:19:38.074" /><!-- duration: 16ms -->
          <step title="Extracting to C:\local\Temp\zipdeploy\extracted\zh-Hans\Microsoft.CodeAnalysis.CSharp.resources.dll ..." date="2025-04-03T11:19:38.090" /><!-- duration: 21ms -->
          <step title="Omitting extracting file traces ..." date="2025-04-03T11:19:38.111" /><!-- duration: 10ms -->
        </step><!-- duration: 5032ms -->
      </step><!-- duration: 5079ms -->
      <step title="None repository commit" date="2025-04-03T11:19:43.079" >
        <step title="Commit id: c0467ad0911f44b289d40b62290162f7" date="2025-04-03T11:19:43.079" Message="OneDeploy" AuthorName="N/A" AuthorEmail="N/A" /><!-- duration: 11ms -->
      </step><!-- duration: 11ms -->
      <step title="Before sending BuildRequestReceived status to /api/updatedeploystatus" date="2025-04-03T11:19:43.090" /><!-- duration: 18ms -->
      <step title="DeploymentManager.Deploy(id:c0467ad0911f44b289d40b62290162f7)" date="2025-04-03T11:19:43.121" >
        <step title="Collecting changeset information" date="2025-04-03T11:19:43.137" /><!-- duration: 313ms -->
        <step title="Updating submodules" date="2025-04-03T11:19:43.449" >
          <step title="Updating submodules." date="2025-04-03T11:19:43.543" /><!-- duration: 16ms -->
        </step><!-- duration: 110ms -->
        <step title="Preparing deployment for commit id &apos;c0467ad091&apos;." date="2025-04-03T11:19:43.655" /><!-- duration: 13ms -->
        <step title="Determining deployment builder" date="2025-04-03T11:19:43.762" >
          <step title="Builder is OneDeployBuilder" date="2025-04-03T11:19:43.779" /><!-- duration: 0ms -->
        </step><!-- duration: 17ms -->
        <step title="Copying SSH keys" date="2025-04-03T11:19:43.828" /><!-- duration: 12ms -->
        <step title="Building" date="2025-04-03T11:19:43.857" >
          <step title="Running build. Project type: OneDeploy" date="2025-04-03T11:19:43.887" /><!-- duration: 0ms -->
          <step title="Copying the manifest" date="2025-04-03T11:19:43.950" /><!-- duration: 0ms -->
          <step title="Clean deploying to C:\home\site\wwwroot" date="2025-04-03T11:19:44.012" /><!-- duration: 17ms -->
          <step title="Generating deployment script." date="2025-04-03T11:19:44.107" /><!-- duration: 19ms -->
          <step title="Generating deployment script" date="2025-04-03T11:19:44.137" >
            <step title="Using cached version of the deployment script for command: -y --no-dot-deployment -r &quot;C:\local\Temp\zipdeploy\extracted&quot; -o &quot;C:\home\site\deployments\tools&quot; --basic --sitePath &quot;C:\local\Temp\zipdeploy\extracted&quot;" date="2025-04-03T11:19:44.262" /><!-- duration: 16ms -->
            <step title="Using cached version of deployment script (command: &apos;azure -y --no-dot-deployment -r &quot;C:\local\Temp\zipdeploy\extracted&quot; -o &quot;C:\home\site\deployments\tools&quot; --basic --sitePath &quot;C:\local\Temp\zipdeploy\extracted&quot;&apos;)." date="2025-04-03T11:19:44.278" /><!-- duration: 16ms -->
          </step><!-- duration: 156ms -->
          <step title="Running deployment command..." date="2025-04-03T11:19:44.340" /><!-- duration: 0ms -->
          <step title="Command: &quot;C:\home\site\deployments\tools\deploy.cmd&quot;" date="2025-04-03T11:19:44.371" /><!-- duration: 0ms -->
          <step title="Executing external process" date="2025-04-03T11:19:44.418" type="process" path="starter.cmd" arguments="&quot;C:\home\site\deployments\tools\deploy.cmd&quot;" >
            <step title="Handling Basic Web Site deployment." date="2025-04-03T11:19:46.668" /><!-- duration: 0ms -->
            <step title="Creating app_offline.htm" date="2025-04-03T11:19:47.622" /><!-- duration: 0ms -->
            <step title="KuduSync.NET from: &apos;C:\local\Temp\zipdeploy\extracted&apos; to: &apos;C:\home\site\wwwroot&apos;" date="2025-04-03T11:19:47.637" /><!-- duration: 16ms -->
            <step title="Deleting file: &apos;Logs\log20250403.txt&apos;" date="2025-04-03T11:19:47.670" /><!-- duration: 18ms -->
            <step title="Deleting directory: &apos;Logs&apos;" date="2025-04-03T11:19:47.700" /><!-- duration: 0ms -->
            <step title="Deleting file: &apos;app.db&apos;" date="2025-04-03T11:19:47.736" /><!-- duration: 0ms -->
            <step title="Copying file: &apos;Application.Abstractions.dll&apos;" date="2025-04-03T11:19:47.746" /><!-- duration: 19ms -->
            <step title="Copying file: &apos;Application.Abstractions.pdb&apos;" date="2025-04-03T11:19:47.778" /><!-- duration: 17ms -->
            <step title="Copying file: &apos;Application.Common.dll&apos;" date="2025-04-03T11:19:47.795" /><!-- duration: 19ms -->
            <step title="Copying file: &apos;Application.Common.pdb&apos;" date="2025-04-03T11:19:47.825" /><!-- duration: 18ms -->
            <step title="Copying file: &apos;Application.dll&apos;" date="2025-04-03T11:19:47.856" /><!-- duration: 0ms -->
            <step title="Copying file: &apos;Application.pdb&apos;" date="2025-04-03T11:19:47.872" /><!-- duration: 19ms -->
            <step title="Copying file: &apos;appsettings.json&apos;" date="2025-04-03T11:19:47.903" /><!-- duration: 0ms -->
            <step title="Copying file: &apos;Domain.dll&apos;" date="2025-04-03T11:19:47.920" /><!-- duration: 0ms -->
            <step title="Copying file: &apos;Domain.pdb&apos;" date="2025-04-03T11:19:47.950" /><!-- duration: 0ms -->
            <step title="Copying file: &apos;Infrastructure.dll&apos;" date="2025-04-03T11:19:47.968" /><!-- duration: 13ms -->
            <step title="Copying file: &apos;Infrastructure.pdb&apos;" date="2025-04-03T11:19:47.996" /><!-- duration: 0ms -->
            <step title="Copying file: &apos;WebApp&apos;" date="2025-04-03T11:19:48.015" /><!-- duration: 12ms -->
            <step title="Copying file: &apos;WebApp.deps.json&apos;" date="2025-04-03T11:19:48.153" /><!-- duration: 17ms -->
            <step title="Copying file: &apos;WebApp.dll&apos;" date="2025-04-03T11:19:48.309" /><!-- duration: 19ms -->
            <step title="Copying file: &apos;WebApp.pdb&apos;" date="2025-04-03T11:19:48.405" /><!-- duration: 29ms -->
            <step title="Copying file: &apos;WebApp.runtimeconfig.json&apos;" date="2025-04-03T11:19:48.512" /><!-- duration: 0ms -->
            <step title="Deleting file: &apos;publish\cs\Microsoft.CodeAnalysis.CSharp.resources.dll&apos;" date="2025-04-03T11:19:48.590" /><!-- duration: 0ms -->
            <step title="Deleting file: &apos;publish\cs\Microsoft.CodeAnalysis.CSharp.Workspaces.resources.dll&apos;" date="2025-04-03T11:19:48.637" /><!-- duration: 0ms -->
            <step title="Deleting file: &apos;publish\cs\Microsoft.CodeAnalysis.resources.dll&apos;" date="2025-04-03T11:19:48.668" /><!-- duration: 0ms -->
            <step title="Deleting file: &apos;publish\cs\Microsoft.CodeAnalysis.Workspaces.resources.dll&apos;" date="2025-04-03T11:19:48.686" /><!-- duration: 14ms -->
            <step title="Deleting directory: &apos;publish\cs&apos;" date="2025-04-03T11:19:48.716" /><!-- duration: 0ms -->
            <step title="Deleting file: &apos;publish\de\Microsoft.CodeAnalysis.CSharp.resources.dll&apos;" date="2025-04-03T11:19:48.731" /><!-- duration: 0ms -->
            <step title="Deleting file: &apos;publish\de\Microsoft.CodeAnalysis.CSharp.Workspaces.resources.dll&apos;" date="2025-04-03T11:19:48.747" /><!-- duration: 19ms -->
            <step title="Deleting file: &apos;publish\de\Microsoft.CodeAnalysis.resources.dll&apos;" date="2025-04-03T11:19:48.778" /><!-- duration: 0ms -->
            <step title="Deleting file: &apos;publish\de\Microsoft.CodeAnalysis.Workspaces.resources.dll&apos;" date="2025-04-03T11:19:48.795" /><!-- duration: 13ms -->
            <step title="Deleting directory: &apos;publish\de&apos;" date="2025-04-03T11:19:48.825" /><!-- duration: 15ms -->
            <step title="Deleting file: &apos;publish\es\Microsoft.CodeAnalysis.CSharp.resources.dll&apos;" date="2025-04-03T11:19:48.856" /><!-- duration: 0ms -->
            <step title="Deleting file: &apos;publish\es\Microsoft.CodeAnalysis.CSharp.Workspaces.resources.dll&apos;" date="2025-04-03T11:19:48.887" /><!-- duration: 0ms -->
            <step title="Deleting file: &apos;publish\es\Microsoft.CodeAnalysis.resources.dll&apos;" date="2025-04-03T11:19:48.905" /><!-- duration: 13ms -->
            <step title="Deleting file: &apos;publish\es\Microsoft.CodeAnalysis.Workspaces.resources.dll&apos;" date="2025-04-03T11:19:48.935" /><!-- duration: 0ms -->
            <step title="Deleting directory: &apos;publish\es&apos;" date="2025-04-03T11:19:48.965" /><!-- duration: 0ms -->
            <step title="Deleting file: &apos;publish\fr\Microsoft.CodeAnalysis.CSharp.resources.dll&apos;" date="2025-04-03T11:19:49.015" /><!-- duration: 13ms -->
            <step title="Deleting file: &apos;publish\fr\Microsoft.CodeAnalysis.CSharp.Workspaces.resources.dll&apos;" date="2025-04-03T11:19:49.045" /><!-- duration: 14ms -->
            <step title="Deleting file: &apos;publish\fr\Microsoft.CodeAnalysis.resources.dll&apos;" date="2025-04-03T11:19:49.095" /><!-- duration: 11ms -->
            <step title="Deleting file: &apos;publish\fr\Microsoft.CodeAnalysis.Workspaces.resources.dll&apos;" date="2025-04-03T11:19:49.137" /><!-- duration: 68ms -->
            <step title="Deleting directory: &apos;publish\fr&apos;" date="2025-04-03T11:19:49.246" /><!-- duration: 0ms -->
            <step title="Deleting file: &apos;publish\it\Microsoft.CodeAnalysis.CSharp.resources.dll&apos;" date="2025-04-03T11:19:49.309" /><!-- duration: 0ms -->
            <step title="Deleting file: &apos;publish\it\Microsoft.CodeAnalysis.CSharp.Workspaces.resources.dll&apos;" date="2025-04-03T11:19:49.325" /><!-- duration: 20ms -->
            <step title="Deleting file: &apos;publish\it\Microsoft.CodeAnalysis.resources.dll&apos;" date="2025-04-03T11:19:49.356" /><!-- duration: 0ms -->
            <step title="Deleting file: &apos;publish\it\Microsoft.CodeAnalysis.Workspaces.resources.dll&apos;" date="2025-04-03T11:19:49.387" /><!-- duration: 0ms -->
            <step title="Deleting directory: &apos;publish\it&apos;" date="2025-04-03T11:19:49.404" /><!-- duration: 0ms -->
            <step title="Deleting file: &apos;publish\ja\Microsoft.CodeAnalysis.CSharp.resources.dll&apos;" date="2025-04-03T11:19:49.434" /><!-- duration: 0ms -->
            <step title="Deleting file: &apos;publish\ja\Microsoft.CodeAnalysis.CSharp.Workspaces.resources.dll&apos;" date="2025-04-03T11:19:49.501" /><!-- duration: 11ms -->
            <step title="Deleting file: &apos;publish\ja\Microsoft.CodeAnalysis.resources.dll&apos;" date="2025-04-03T11:19:49.543" /><!-- duration: 0ms -->
            <step title="Deleting file: &apos;publish\ja\Microsoft.CodeAnalysis.Workspaces.resources.dll&apos;" date="2025-04-03T11:19:49.559" /><!-- duration: 19ms -->
            <step title="Omitting next output lines..." date="2025-04-03T11:19:49.590" /><!-- duration: 0ms -->
            <step title="Finished successfully." date="2025-04-03T11:19:57.330" /><!-- duration: 0ms -->
          </step><!-- duration: 12942ms -->
          <step title="Build completed succesfully." date="2025-04-03T11:19:57.407" /><!-- duration: 20ms -->
          <step title="Running post deployment command(s)..." date="2025-04-03T11:19:57.486" /><!-- duration: 15ms -->
          <step title="Requesting site restart" date="2025-04-03T11:19:57.579" /><!-- duration: 16ms -->
          <step title="Requesting site restart" date="2025-04-03T11:19:57.614" /><!-- duration: 12ms -->
          <step title="Requesting site restart. Attempt #1" date="2025-04-03T11:19:57.673" /><!-- duration: 0ms -->
          <step title="Requesting site restart. Attempt #1" date="2025-04-03T11:19:57.691" /><!-- duration: 13ms -->
          <step title="Successfully requested a restart. Attempt #1" date="2025-04-03T11:19:58.346" /><!-- duration: 19ms -->
          <step title="Successfully requested a restart. Attempt #1" date="2025-04-03T11:19:58.376" /><!-- duration: 0ms -->
          <step title="Deployment successful. DEPLOYMENTINFO: deploymentPath = OneDeploy, deployer = OneDeploy, os = windows, sku = Basic, siteName = iTrackerApp, siteHostName = itrackerapp.azurewebsites.net, deploymentStatus = Success" date="2025-04-03T11:19:58.423" /><!-- duration: 0ms -->
          <step title="Purge deployment items" date="2025-04-03T11:19:58.704" >
            <step title="Remove 8ad3dfd2f, Success, received at 4/3/2025 7:31:35 AM" date="2025-04-03T11:19:58.767" /><!-- duration: 16ms -->
          </step><!-- duration: 94ms -->
        </step><!-- duration: 14978ms -->
      </step><!-- duration: 15724ms -->
      <step title="Cleaning up temp files" date="2025-04-03T11:19:58.845" /><!-- duration: 0ms -->
      <step title="Skip function trigger and logicapp sync because function is not enabled." date="2025-04-03T11:19:58.863" /><!-- duration: 13ms -->
    </step><!-- duration: 21286ms -->
    <step title="LockFile &apos;C:\home\site\locks\deployments.lock&apos; released" date="2025-04-03T11:19:58.923" /><!-- duration: 16ms -->
    <step title="Deleting shutdown sentinel file" date="2025-04-03T11:19:58.939" SemaphoreCount="8" /><!-- duration: 19ms -->
  </step><!-- duration: 32216ms -->
  <step title="Outgoing response" date="2025-04-03T11:19:59.081" type="response" statusCode="200" statusText="OK" Server="Microsoft-IIS/10.0" x-ms-request-id="784c6006-107d-11f0-ab61-56d77f9ecf73" Cache-Control="private" X-AspNet-Version="4.0.30319" /><!-- duration: 0ms -->
</step><!-- duration: 33437ms -->
