<step title="BackgroundTrace" date="2025-04-05T06:59:25.508" instance="e8ad92" url="/api/zipdeploy" method="POST" >
  <step title="Updating shutdown sentinel last write time" date="2025-04-05T06:59:25.538" SemaphoreCount="7" /><!-- duration: 16ms -->
  <step title="LockFile &apos;C:\home\site\locks\deployments.lock&apos; acquired" date="2025-04-05T06:59:25.553" /><!-- duration: 0ms -->
  <step title="Creating temporary deployment" date="2025-04-05T06:59:25.553" /><!-- duration: 47ms -->
  <step title="Performing fetch based deployment" date="2025-04-05T06:59:25.616" >
    <step title="Fetching changes." date="2025-04-05T06:59:25.819" /><!-- duration: 0ms -->
    <step title="Starting LocalZipHandler" date="2025-04-05T06:59:25.835" /><!-- duration: 0ms -->
    <step title="Cleaning up temp folders from previous zip deployments and extracting pushed zip file C:\local\Temp\zipdeploy\22jxetbk.zip (28.37 MB) to C:\local\Temp\zipdeploy\extracted" date="2025-04-05T06:59:25.867" /><!-- duration: 0ms -->
    <step title="Cleaning up temp folders from previous zip deployments and extracting pushed zip file C:\local\Temp\zipdeploy\22jxetbk.zip (28.37 MB) to C:\local\Temp\zipdeploy\extracted" date="2025-04-05T06:59:25.867" >
      <step title="Extracting 511 entries to C:\local\Temp\zipdeploy\extracted directory" date="2025-04-05T06:59:26.616" >
        <step title="Extracting to C:\local\Temp\zipdeploy\extracted\Infrastructure.dll ..." date="2025-04-05T06:59:26.647" /><!-- duration: 17ms -->
        <step title="Extracting to C:\local\Temp\zipdeploy\extracted\Azure.Storage.Common.dll ..." date="2025-04-05T06:59:26.683" /><!-- duration: 28ms -->
        <step title="Extracting to C:\local\Temp\zipdeploy\extracted\zh-Hans\Microsoft.CodeAnalysis.resources.dll ..." date="2025-04-05T06:59:26.712" /><!-- duration: 18ms -->
        <step title="Extracting to C:\local\Temp\zipdeploy\extracted\zh-Hans\Microsoft.CodeAnalysis.CSharp.Workspaces.resources.dll ..." date="2025-04-05T06:59:26.741" /><!-- duration: 17ms -->
        <step title="Extracting to C:\local\Temp\zipdeploy\extracted\zh-Hans\Microsoft.CodeAnalysis.CSharp.resources.dll ..." date="2025-04-05T06:59:26.776" /><!-- duration: 12ms -->
        <step title="Omitting extracting file traces ..." date="2025-04-05T06:59:26.788" /><!-- duration: 16ms -->
      </step><!-- duration: 5281ms -->
    </step><!-- duration: 6047ms -->
    <step title="Before sending BuildRequestReceived status to /api/updatedeploystatus" date="2025-04-05T06:59:31.929" /><!-- duration: 0ms -->
    <step title="DeploymentManager.Deploy(id:db21bf6f4a5942f4b3fe4fa8e37b6da8)" date="2025-04-05T06:59:31.944" >
      <step title="Collecting changeset information" date="2025-04-05T06:59:31.960" /><!-- duration: 64ms -->
      <step title="Updating submodules" date="2025-04-05T06:59:32.023" >
        <step title="Updating submodules." date="2025-04-05T06:59:32.132" /><!-- duration: 0ms -->
      </step><!-- duration: 108ms -->
      <step title="Preparing deployment for commit id &apos;db21bf6f4a&apos;." date="2025-04-05T06:59:32.210" /><!-- duration: 16ms -->
      <step title="Determining deployment builder" date="2025-04-05T06:59:32.304" >
        <step title="Builder is BasicBuilder" date="2025-04-05T06:59:32.323" /><!-- duration: 12ms -->
      </step><!-- duration: 31ms -->
      <step title="Copying SSH keys" date="2025-04-05T06:59:32.400" /><!-- duration: 44ms -->
      <step title="Building" date="2025-04-05T06:59:32.444" >
        <step title="Generating deployment script." date="2025-04-05T06:59:32.491" /><!-- duration: 0ms -->
        <step title="Generating deployment script" date="2025-04-05T06:59:32.508" >
          <step title="Using cached version of the deployment script for command: -y --no-dot-deployment -r &quot;C:\local\Temp\zipdeploy\extracted&quot; -o &quot;C:\home\site\deployments\tools&quot; --basic --sitePath &quot;C:\local\Temp\zipdeploy\extracted&quot;" date="2025-04-05T06:59:32.600" /><!-- duration: 0ms -->
          <step title="Using cached version of deployment script (command: &apos;azure -y --no-dot-deployment -r &quot;C:\local\Temp\zipdeploy\extracted&quot; -o &quot;C:\home\site\deployments\tools&quot; --basic --sitePath &quot;C:\local\Temp\zipdeploy\extracted&quot;&apos;)." date="2025-04-05T06:59:32.600" /><!-- duration: 16ms -->
        </step><!-- duration: 108ms -->
        <step title="Running deployment command..." date="2025-04-05T06:59:32.647" /><!-- duration: 0ms -->
        <step title="Command: &quot;C:\home\site\deployments\tools\deploy.cmd&quot;" date="2025-04-05T06:59:32.663" /><!-- duration: 0ms -->
        <step title="Executing external process" date="2025-04-05T06:59:32.710" type="process" path="starter.cmd" arguments="&quot;C:\home\site\deployments\tools\deploy.cmd&quot;" >
          <step title="Handling Basic Web Site deployment." date="2025-04-05T06:59:35.241" /><!-- duration: 19ms -->
          <step title="Creating app_offline.htm" date="2025-04-05T06:59:35.647" /><!-- duration: 16ms -->
          <step title="KuduSync.NET from: &apos;C:\local\Temp\zipdeploy\extracted&apos; to: &apos;C:\home\site\wwwroot&apos;" date="2025-04-05T06:59:35.663" /><!-- duration: 0ms -->
          <step title="Copying file: &apos;Application.Abstractions.dll&apos;" date="2025-04-05T06:59:35.679" /><!-- duration: 16ms -->
          <step title="Copying file: &apos;Application.Abstractions.pdb&apos;" date="2025-04-05T06:59:35.694" /><!-- duration: 19ms -->
          <step title="Copying file: &apos;Application.Common.dll&apos;" date="2025-04-05T06:59:35.726" /><!-- duration: 0ms -->
          <step title="Copying file: &apos;Application.Common.pdb&apos;" date="2025-04-05T06:59:35.743" /><!-- duration: 0ms -->
          <step title="Copying file: &apos;Application.dll&apos;" date="2025-04-05T06:59:35.757" /><!-- duration: 0ms -->
          <step title="Copying file: &apos;Application.pdb&apos;" date="2025-04-05T06:59:35.757" /><!-- duration: 16ms -->
          <step title="Copying file: &apos;Domain.dll&apos;" date="2025-04-05T06:59:35.791" /><!-- duration: 0ms -->
          <step title="Copying file: &apos;Domain.pdb&apos;" date="2025-04-05T06:59:35.804" /><!-- duration: 0ms -->
          <step title="Copying file: &apos;Infrastructure.dll&apos;" date="2025-04-05T06:59:35.820" /><!-- duration: 0ms -->
          <step title="Copying file: &apos;Infrastructure.pdb&apos;" date="2025-04-05T06:59:35.820" /><!-- duration: 15ms -->
          <step title="Copying file: &apos;WebApp&apos;" date="2025-04-05T06:59:35.835" /><!-- duration: 0ms -->
          <step title="Copying file: &apos;WebApp.deps.json&apos;" date="2025-04-05T06:59:35.851" /><!-- duration: 0ms -->
          <step title="Copying file: &apos;WebApp.dll&apos;" date="2025-04-05T06:59:35.868" /><!-- duration: 0ms -->
          <step title="Copying file: &apos;WebApp.pdb&apos;" date="2025-04-05T06:59:35.882" /><!-- duration: 16ms -->
          <step title="Copying file: &apos;WebApp.runtimeconfig.json&apos;" date="2025-04-05T06:59:35.897" /><!-- duration: 19ms -->
          <step title="Copying file: &apos;App_Data\settings.json&apos;" date="2025-04-05T06:59:35.929" /><!-- duration: 0ms -->
          <step title="Copying file: &apos;publish\publish\publish\publish\publish\publish\Application.deps.json&apos;" date="2025-04-05T06:59:35.946" /><!-- duration: 0ms -->
          <step title="Copying file: &apos;publish\publish\publish\publish\publish\publish\Domain.deps.json&apos;" date="2025-04-05T06:59:35.965" /><!-- duration: 0ms -->
          <step title="Copying file: &apos;publish\publish\publish\publish\publish\publish\Infrastructure.deps.json&apos;" date="2025-04-05T06:59:35.976" /><!-- duration: 18ms -->
          <step title="Copying file: &apos;publish\publish\publish\publish\publish\publish\Infrastructure.runtimeconfig.json&apos;" date="2025-04-05T06:59:37.288" /><!-- duration: 0ms -->
          <step title="Copying file: &apos;publish\publish\publish\publish\publish\publish\publish\publish\appsettings.json&apos;" date="2025-04-05T06:59:37.319" /><!-- duration: 0ms -->
          <step title="Copying file: &apos;publish\publish\publish\publish\publish\publish\publish\publish\WebApp.runtimeconfig.json&apos;" date="2025-04-05T06:59:37.339" /><!-- duration: 12ms -->
          <step title="Copying file: &apos;publish\publish\publish\publish\publish\publish\publish\publish\publish\WebApp.deps.json&apos;" date="2025-04-05T06:59:37.368" /><!-- duration: 14ms -->
          <step title="Copying file: &apos;publish\publish\publish\publish\publish\publish\publish\publish\publish\publish\appsettings.Development.json&apos;" date="2025-04-05T06:59:37.398" /><!-- duration: 0ms -->
          <step title="Copying file: &apos;publish\publish\publish\publish\publish\publish\publish\publish\publish\publish\appsettings.json&apos;" date="2025-04-05T06:59:37.429" /><!-- duration: 20ms -->
          <step title="Copying file: &apos;publish\publish\publish\publish\publish\publish\publish\publish\publish\publish\WebApp.deps.json&apos;" date="2025-04-05T06:59:37.478" /><!-- duration: 13ms -->
          <step title="Copying file: &apos;publish\publish\publish\publish\publish\publish\publish\publish\publish\publish\WebApp.runtimeconfig.json&apos;" date="2025-04-05T06:59:37.508" /><!-- duration: 0ms -->
          <step title="Copying file: &apos;wwwroot\css\site.css&apos;" date="2025-04-05T06:59:37.528" /><!-- duration: 10ms -->
          <step title="Copying file: &apos;publish\publish\publish\publish\publish\publish\publish\publish\publish\publish\web.config&apos;" date="2025-04-05T06:59:37.587" /><!-- duration: 61ms -->
          <step title="Deleting app_offline.htm" date="2025-04-05T06:59:37.664" /><!-- duration: 19ms -->
          <step title="Finished successfully." date="2025-04-05T06:59:37.726" /><!-- duration: 36ms -->
        </step><!-- duration: 5063ms -->
        <step title="Running post deployment command(s)..." date="2025-04-05T06:59:38.024" /><!-- duration: 0ms -->
        <step title="Triggering recycle (preview mode disabled)." date="2025-04-05T06:59:38.194" /><!-- duration: 19ms -->
        <step title="Ignoring FS watcher based recycle request as this is a classic Windows app." date="2025-04-05T06:59:38.213" /><!-- duration: 12ms -->
        <step title="Deployment successful. DEPLOYMENTINFO: deploymentPath = ZipDeploy. Extract zip. , deployer = ZipDeploy, os = windows, sku = Basic, siteName = iTrackerApp, siteHostName = itrackerapp.azurewebsites.net, deploymentStatus = Success" date="2025-04-05T06:59:38.807" /><!-- duration: 12ms -->
        <step title="Purge deployment items" date="2025-04-05T06:59:38.944" >
          <step title="Remove 434f7f78b, Success, received at 4/3/2025 9:31:54 AM" date="2025-04-05T06:59:39.116" /><!-- duration: 0ms -->
        </step><!-- duration: 172ms -->
      </step><!-- duration: 6707ms -->
    </step><!-- duration: 7219ms -->
    <step title="Cleaning up temp files" date="2025-04-05T06:59:39.163" /><!-- duration: 18ms -->
    <step title="Skip function trigger and logicapp sync because function is not enabled." date="2025-04-05T06:59:39.194" /><!-- duration: 17ms -->
  </step><!-- duration: 13625ms -->
  <step title="LockFile &apos;C:\home\site\locks\deployments.lock&apos; released" date="2025-04-05T06:59:39.261" /><!-- duration: 11ms -->
  <step title="Deleting shutdown sentinel file" date="2025-04-05T06:59:39.272" SemaphoreCount="8" /><!-- duration: 0ms -->
</step><!-- duration: 13765ms -->
