<step title="Incoming Request" date="2025-04-03T09:13:27.183" instance="e8ad92" url="/api/publish?type=zip" method="POST" type="request" pid="7700,2,8" Cache-Control="no-cache" Connection="Keep-Alive" Content-Length="29305743" Content-Type="application/octet-stream" Accept="*/*" Accept-Encoding="gzip, deflate" Authorization="Bas..." Host="itrackerapp.scm.azurewebsites.net" User-Agent="AZURECLI/2.70.0 (HOMEBREW)" x-ms-client-request-id="dfba6bc8-106b-11f0-a8d5-56d77f9ecf73" X-ARR-LOG-ID="dfba6bc8-106b-11f0-a8d5-56d77f9ecf73" CLIENT-IP="58.84.60.25:22240" X-SITE-DEPLOYMENT-ID="iTrackerApp" WAS-DEFAULT-HOSTNAME="itrackerapp.scm.azurewebsites.net" X-Forwarded-Proto="https" X-AppService-Proto="https" X-Forwarded-TlsVersion="1.3" X-WAWS-Unencoded-URL="/api/publish?type=zip" X-MS-COLDSTART="1" >
  <step title="OneDeploy" date="2025-04-03T09:13:28.061" >
    <step title="Starting PushDeployAsync" date="2025-04-03T09:13:28.183" /><!-- duration: 16ms -->
    <step title="Updating shutdown sentinel last write time" date="2025-04-03T09:13:28.403" SemaphoreCount="7" /><!-- duration: 0ms -->
    <step title="LockFile &apos;C:\home\site\locks\deployments.lock&apos; acquired" date="2025-04-03T09:13:28.417" /><!-- duration: 16ms -->
    <step title="Saving request content to C:\local\Temp\zipdeploy\5qorn3u2.zip" date="2025-04-03T09:13:28.453" >
      <step title="Total 29,305,743 bytes written to C:\local\Temp\zipdeploy\5qorn3u2.zip" date="2025-04-03T09:13:45.842" /><!-- duration: 0ms -->
    </step><!-- duration: 17389ms -->
    <step title="LockFile &apos;C:\home\site\locks\deployments.lock&apos; released" date="2025-04-03T09:13:45.857" /><!-- duration: 0ms -->
    <step title="Deleting shutdown sentinel file" date="2025-04-03T09:13:45.873" SemaphoreCount="8" /><!-- duration: 0ms -->
    <step title="Starting FetchDeploy" date="2025-04-03T09:13:45.873" /><!-- duration: 33ms -->
    <step title="Attempting to fetch target branch HEAD" date="2025-04-03T09:13:45.906" /><!-- duration: 14ms -->
    <step title="Updating shutdown sentinel last write time" date="2025-04-03T09:13:45.967" SemaphoreCount="7" /><!-- duration: 0ms -->
    <step title="LockFile &apos;C:\home\site\locks\deployments.lock&apos; acquired" date="2025-04-03T09:13:45.967" /><!-- duration: 16ms -->
    <step title="Performing fetch based deployment" date="2025-04-03T09:13:46.001" >
      <step title="Creating temporary deployment" date="2025-04-03T09:13:46.014" /><!-- duration: 47ms -->
      <step title="Fetching changes." date="2025-04-03T09:13:46.248" /><!-- duration: 17ms -->
      <step title="Starting LocalZipHandler" date="2025-04-03T09:13:46.279" /><!-- duration: 16ms -->
      <step title="Starting LocalZipFetch" date="2025-04-03T09:13:46.315" /><!-- duration: 0ms -->
      <step title="Cleaning up temp folders from previous zip deployments and extracting pushed zip file C:\local\Temp\zipdeploy\5qorn3u2.zip (27.95 MB) to C:\local\Temp\zipdeploy\extracted" date="2025-04-03T09:13:46.326" /><!-- duration: 0ms -->
      <step title="Cleaning up temp folders from previous zip deployments and extracting pushed zip file C:\local\Temp\zipdeploy\5qorn3u2.zip (27.95 MB) to C:\local\Temp\zipdeploy\extracted" date="2025-04-03T09:13:46.326" >
        <step title="Extracting 422 entries to C:\local\Temp\zipdeploy\extracted directory" date="2025-04-03T09:13:46.375" >
          <step title="Extracting to C:\local\Temp\zipdeploy\extracted\publish\Application.Abstractions.dll ..." date="2025-04-03T09:13:46.375" /><!-- duration: 14ms -->
          <step title="Extracting to C:\local\Temp\zipdeploy\extracted\publish\Application.Abstractions.pdb ..." date="2025-04-03T09:13:46.389" /><!-- duration: 0ms -->
          <step title="Extracting to C:\local\Temp\zipdeploy\extracted\publish\Application.Common.dll ..." date="2025-04-03T09:13:46.389" /><!-- duration: 16ms -->
          <step title="Extracting to C:\local\Temp\zipdeploy\extracted\publish\Application.Common.pdb ..." date="2025-04-03T09:13:46.404" /><!-- duration: 16ms -->
          <step title="Extracting to C:\local\Temp\zipdeploy\extracted\publish\Application.dll ..." date="2025-04-03T09:13:46.420" /><!-- duration: 16ms -->
          <step title="Omitting extracting file traces ..." date="2025-04-03T09:13:46.435" /><!-- duration: 0ms -->
        </step><!-- duration: 4735ms -->
      </step><!-- duration: 4813ms -->
      <step title="None repository commit" date="2025-04-03T09:13:51.188" >
        <step title="Commit id: 4ca858f108e64ef0981c3644fd0dbd0b" date="2025-04-03T09:13:51.188" Message="OneDeploy" AuthorName="N/A" AuthorEmail="N/A" /><!-- duration: 14ms -->
      </step><!-- duration: 14ms -->
      <step title="Before sending BuildRequestReceived status to /api/updatedeploystatus" date="2025-04-03T09:13:51.201" /><!-- duration: 0ms -->
      <step title="DeploymentManager.Deploy(id:4ca858f108e64ef0981c3644fd0dbd0b)" date="2025-04-03T09:13:51.217" >
        <step title="Collecting changeset information" date="2025-04-03T09:13:51.236" /><!-- duration: 78ms -->
        <step title="Updating submodules" date="2025-04-03T09:13:51.314" >
          <step title="Updating submodules." date="2025-04-03T09:13:51.357" /><!-- duration: 0ms -->
        </step><!-- duration: 59ms -->
        <step title="Preparing deployment for commit id &apos;4ca858f108&apos;." date="2025-04-03T09:13:51.451" /><!-- duration: 0ms -->
        <step title="Determining deployment builder" date="2025-04-03T09:13:51.529" >
          <step title="Builder is OneDeployBuilder" date="2025-04-03T09:13:51.529" /><!-- duration: 0ms -->
        </step><!-- duration: 18ms -->
        <step title="Copying SSH keys" date="2025-04-03T09:13:51.561" /><!-- duration: 16ms -->
        <step title="Building" date="2025-04-03T09:13:51.576" >
          <step title="Running build. Project type: OneDeploy" date="2025-04-03T09:13:51.625" /><!-- duration: 14ms -->
          <step title="Copying the manifest" date="2025-04-03T09:13:51.703" /><!-- duration: 14ms -->
          <step title="Clean deploying to C:\home\site\wwwroot" date="2025-04-03T09:13:51.795" /><!-- duration: 16ms -->
          <step title="Generating deployment script." date="2025-04-03T09:13:51.873" /><!-- duration: 0ms -->
          <step title="Generating deployment script" date="2025-04-03T09:13:51.889" >
            <step title="Using cached version of the deployment script for command: -y --no-dot-deployment -r &quot;C:\local\Temp\zipdeploy\extracted&quot; -o &quot;C:\home\site\deployments\tools&quot; --basic --sitePath &quot;C:\local\Temp\zipdeploy\extracted&quot;" date="2025-04-03T09:13:51.951" /><!-- duration: 16ms -->
            <step title="Using cached version of deployment script (command: &apos;azure -y --no-dot-deployment -r &quot;C:\local\Temp\zipdeploy\extracted&quot; -o &quot;C:\home\site\deployments\tools&quot; --basic --sitePath &quot;C:\local\Temp\zipdeploy\extracted&quot;&apos;)." date="2025-04-03T09:13:51.983" /><!-- duration: 0ms -->
          </step><!-- duration: 109ms -->
          <step title="Running deployment command..." date="2025-04-03T09:13:52.029" /><!-- duration: 0ms -->
          <step title="Command: &quot;C:\home\site\deployments\tools\deploy.cmd&quot;" date="2025-04-03T09:13:52.047" /><!-- duration: 14ms -->
          <step title="Executing external process" date="2025-04-03T09:13:52.107" type="process" path="starter.cmd" arguments="&quot;C:\home\site\deployments\tools\deploy.cmd&quot;" >
            <step title="Handling Basic Web Site deployment." date="2025-04-03T09:13:53.595" /><!-- duration: 0ms -->
            <step title="Creating app_offline.htm" date="2025-04-03T09:13:53.607" /><!-- duration: 0ms -->
            <step title="KuduSync.NET from: &apos;C:\local\Temp\zipdeploy\extracted&apos; to: &apos;C:\home\site\wwwroot&apos;" date="2025-04-03T09:13:53.607" /><!-- duration: 16ms -->
            <step title="Copying file: &apos;publish\web.config&apos;" date="2025-04-03T09:13:53.623" /><!-- duration: 16ms -->
            <step title="Deleting app_offline.htm" date="2025-04-03T09:13:53.639" /><!-- duration: 0ms -->
            <step title="Finished successfully." date="2025-04-03T09:13:53.654" /><!-- duration: 0ms -->
          </step><!-- duration: 1547ms -->
          <step title="Build completed succesfully." date="2025-04-03T09:13:53.722" /><!-- duration: 11ms -->
          <step title="Running post deployment command(s)..." date="2025-04-03T09:13:53.861" /><!-- duration: 0ms -->
          <step title="Requesting site restart" date="2025-04-03T09:13:53.951" /><!-- duration: 0ms -->
          <step title="Requesting site restart" date="2025-04-03T09:13:53.967" /><!-- duration: 0ms -->
          <step title="Requesting site restart. Attempt #1" date="2025-04-03T09:13:54.094" /><!-- duration: 14ms -->
          <step title="Requesting site restart. Attempt #1" date="2025-04-03T09:13:54.123" /><!-- duration: 0ms -->
          <step title="Successfully requested a restart. Attempt #1" date="2025-04-03T09:13:54.545" /><!-- duration: 16ms -->
          <step title="Successfully requested a restart. Attempt #1" date="2025-04-03T09:13:54.561" /><!-- duration: 0ms -->
          <step title="Deployment successful. DEPLOYMENTINFO: deploymentPath = OneDeploy, deployer = OneDeploy, os = windows, sku = Basic, siteName = iTrackerApp, siteHostName = itrackerapp.azurewebsites.net, deploymentStatus = Success" date="2025-04-03T09:13:54.639" /><!-- duration: 0ms -->
          <step title="Purge deployment items" date="2025-04-03T09:13:54.892" >
            <step title="Remove 25b334fd6, Success, received at 4/3/2025 7:09:39 AM" date="2025-04-03T09:13:54.967" /><!-- duration: 0ms -->
          </step><!-- duration: 75ms -->
        </step><!-- duration: 3406ms -->
      </step><!-- duration: 3766ms -->
      <step title="Cleaning up temp files" date="2025-04-03T09:13:54.998" /><!-- duration: 0ms -->
      <step title="Skip function trigger and logicapp sync because function is not enabled." date="2025-04-03T09:13:55.014" /><!-- duration: 19ms -->
    </step><!-- duration: 9106ms -->
    <step title="LockFile &apos;C:\home\site\locks\deployments.lock&apos; released" date="2025-04-03T09:13:55.123" /><!-- duration: 0ms -->
    <step title="Deleting shutdown sentinel file" date="2025-04-03T09:13:55.123" SemaphoreCount="8" /><!-- duration: 31ms -->
  </step><!-- duration: 27093ms -->
  <step title="Outgoing response" date="2025-04-03T09:13:55.252" type="response" statusCode="200" statusText="OK" Server="Microsoft-IIS/10.0" x-ms-request-id="dfba6bc8-106b-11f0-a8d5-56d77f9ecf73" Cache-Control="private" X-AspNet-Version="4.0.30319" /><!-- duration: 12ms -->
</step><!-- duration: 28081ms -->
