<step title="Incoming Request" date="2025-04-03T17:00:21.547" instance="e8ad92" url="/api/publish?type=zip" method="POST" type="request" pid="8156,2,33" Cache-Control="no-cache" Content-Length="29510793" Content-Type="application/octet-stream" Accept="*/*" Accept-Encoding="gzip, deflate" Authorization="Bas..." Host="itrackerapp.scm.azurewebsites.net" User-Agent="AZURECLI/2.70.0 (HOMEBREW)" x-ms-client-request-id="17a8b4d6-10ad-11f0-8aff-56d77f9ecf73" X-ARR-LOG-ID="17a8b4d6-10ad-11f0-8aff-56d77f9ecf73" CLIENT-IP="103.93.198.139:53426" X-SITE-DEPLOYMENT-ID="iTrackerApp" WAS-DEFAULT-HOSTNAME="itrackerapp.scm.azurewebsites.net" X-Forwarded-Proto="https" X-AppService-Proto="https" X-Forwarded-TlsVersion="1.3" X-WAWS-Unencoded-URL="/api/publish?type=zip" >
  <step title="Cleanup Xml Logs" date="2025-04-03T17:00:21.547" /><!-- duration: 0ms -->
  <step title="OneDeploy" date="2025-04-03T17:00:21.843" >
    <step title="Starting PushDeployAsync" date="2025-04-03T17:00:21.843" /><!-- duration: 16ms -->
    <step title="Updating shutdown sentinel last write time" date="2025-04-03T17:00:21.874" SemaphoreCount="7" /><!-- duration: 0ms -->
    <step title="LockFile &apos;C:\home\site\locks\deployments.lock&apos; acquired" date="2025-04-03T17:00:21.874" /><!-- duration: 15ms -->
    <step title="Saving request content to C:\local\Temp\zipdeploy\c2u5lken.zip" date="2025-04-03T17:00:21.890" >
      <step title="Total 29,510,793 bytes written to C:\local\Temp\zipdeploy\c2u5lken.zip" date="2025-04-03T17:00:32.856" /><!-- duration: 16ms -->
    </step><!-- duration: 10982ms -->
    <step title="LockFile &apos;C:\home\site\locks\deployments.lock&apos; released" date="2025-04-03T17:00:32.887" /><!-- duration: 0ms -->
    <step title="Deleting shutdown sentinel file" date="2025-04-03T17:00:32.919" SemaphoreCount="8" /><!-- duration: 141ms -->
    <step title="Starting FetchDeploy" date="2025-04-03T17:00:33.093" /><!-- duration: 123ms -->
    <step title="Attempting to fetch target branch HEAD" date="2025-04-03T17:00:33.232" /><!-- duration: 0ms -->
    <step title="Updating shutdown sentinel last write time" date="2025-04-03T17:00:33.232" SemaphoreCount="7" /><!-- duration: 14ms -->
    <step title="LockFile &apos;C:\home\site\locks\deployments.lock&apos; acquired" date="2025-04-03T17:00:33.247" /><!-- duration: 0ms -->
    <step title="Performing fetch based deployment" date="2025-04-03T17:00:33.262" >
      <step title="Creating temporary deployment" date="2025-04-03T17:00:33.262" /><!-- duration: 31ms -->
      <step title="Fetching changes." date="2025-04-03T17:00:33.372" /><!-- duration: 0ms -->
      <step title="Starting LocalZipHandler" date="2025-04-03T17:00:33.387" /><!-- duration: 0ms -->
      <step title="Starting LocalZipFetch" date="2025-04-03T17:00:33.403" /><!-- duration: 0ms -->
      <step title="Cleaning up temp folders from previous zip deployments and extracting pushed zip file C:\local\Temp\zipdeploy\c2u5lken.zip (28.14 MB) to C:\local\Temp\zipdeploy\extracted" date="2025-04-03T17:00:33.403" /><!-- duration: 16ms -->
      <step title="Cleaning up temp folders from previous zip deployments and extracting pushed zip file C:\local\Temp\zipdeploy\c2u5lken.zip (28.14 MB) to C:\local\Temp\zipdeploy\extracted" date="2025-04-03T17:00:33.434" >
        <step title="Renaming extractTargetDirectory(C:\local\Temp\zipdeploy\extracted) to tempDirectory(C:\local\Temp\zipdeploy\1pxahkoe.1ul)" date="2025-04-03T17:00:33.434" /><!-- duration: 0ms -->
        <step title="Extracting 489 entries to C:\local\Temp\zipdeploy\extracted directory" date="2025-04-03T17:00:33.578" >
          <step title="Extracting to C:\local\Temp\zipdeploy\extracted\Infrastructure.dll ..." date="2025-04-03T17:00:33.669" /><!-- duration: 16ms -->
          <step title="Extracting to C:\local\Temp\zipdeploy\extracted\Azure.Storage.Common.dll ..." date="2025-04-03T17:00:33.684" /><!-- duration: 31ms -->
          <step title="Extracting to C:\local\Temp\zipdeploy\extracted\zh-Hans\Microsoft.CodeAnalysis.resources.dll ..." date="2025-04-03T17:00:33.715" /><!-- duration: 17ms -->
          <step title="Extracting to C:\local\Temp\zipdeploy\extracted\zh-Hans\Microsoft.CodeAnalysis.CSharp.Workspaces.resources.dll ..." date="2025-04-03T17:00:33.733" /><!-- duration: 30ms -->
          <step title="Extracting to C:\local\Temp\zipdeploy\extracted\zh-Hans\Microsoft.CodeAnalysis.CSharp.resources.dll ..." date="2025-04-03T17:00:33.762" /><!-- duration: 31ms -->
          <step title="Omitting extracting file traces ..." date="2025-04-03T17:00:33.810" /><!-- duration: 0ms -->
        </step><!-- duration: 5626ms -->
      </step><!-- duration: 5800ms -->
      <step title="None repository commit" date="2025-04-03T17:00:39.234" >
        <step title="Commit id: 20e2dd38afbe433d8781f7cc7c3e4d7c" date="2025-04-03T17:00:39.247" Message="OneDeploy" AuthorName="N/A" AuthorEmail="N/A" /><!-- duration: 0ms -->
      </step><!-- duration: 12ms -->
      <step title="Before sending BuildRequestReceived status to /api/updatedeploystatus" date="2025-04-03T17:00:39.263" /><!-- duration: 0ms -->
      <step title="DeploymentManager.Deploy(id:20e2dd38afbe433d8781f7cc7c3e4d7c)" date="2025-04-03T17:00:39.263" >
        <step title="Collecting changeset information" date="2025-04-03T17:00:39.263" /><!-- duration: 62ms -->
        <step title="Updating submodules" date="2025-04-03T17:00:39.341" >
          <step title="Updating submodules." date="2025-04-03T17:00:39.405" /><!-- duration: 18ms -->
        </step><!-- duration: 82ms -->
        <step title="Preparing deployment for commit id &apos;20e2dd38af&apos;." date="2025-04-03T17:00:39.515" /><!-- duration: 0ms -->
        <step title="Determining deployment builder" date="2025-04-03T17:00:39.637" >
          <step title="Builder is OneDeployBuilder" date="2025-04-03T17:00:39.637" /><!-- duration: 0ms -->
        </step><!-- duration: 18ms -->
        <step title="Copying SSH keys" date="2025-04-03T17:00:39.669" /><!-- duration: 16ms -->
        <step title="Building" date="2025-04-03T17:00:39.684" >
          <step title="Running build. Project type: OneDeploy" date="2025-04-03T17:00:39.732" /><!-- duration: 0ms -->
          <step title="Copying the manifest" date="2025-04-03T17:00:39.794" /><!-- duration: 0ms -->
          <step title="Clean deploying to C:\home\site\wwwroot" date="2025-04-03T17:00:39.858" /><!-- duration: 0ms -->
          <step title="Generating deployment script." date="2025-04-03T17:00:39.919" /><!-- duration: 0ms -->
          <step title="Generating deployment script" date="2025-04-03T17:00:39.919" >
            <step title="Using cached version of the deployment script for command: -y --no-dot-deployment -r &quot;C:\local\Temp\zipdeploy\extracted&quot; -o &quot;C:\home\site\deployments\tools&quot; --basic --sitePath &quot;C:\local\Temp\zipdeploy\extracted&quot;" date="2025-04-03T17:00:39.955" /><!-- duration: 11ms -->
            <step title="Using cached version of deployment script (command: &apos;azure -y --no-dot-deployment -r &quot;C:\local\Temp\zipdeploy\extracted&quot; -o &quot;C:\home\site\deployments\tools&quot; --basic --sitePath &quot;C:\local\Temp\zipdeploy\extracted&quot;&apos;)." date="2025-04-03T17:00:40.012" /><!-- duration: 16ms -->
          </step><!-- duration: 109ms -->
          <step title="Running deployment command..." date="2025-04-03T17:00:40.075" /><!-- duration: 0ms -->
          <step title="Command: &quot;C:\home\site\deployments\tools\deploy.cmd&quot;" date="2025-04-03T17:00:40.091" /><!-- duration: 0ms -->
          <step title="Executing external process" date="2025-04-03T17:00:40.106" type="process" path="starter.cmd" arguments="&quot;C:\home\site\deployments\tools\deploy.cmd&quot;" >
            <step title="Handling Basic Web Site deployment." date="2025-04-03T17:00:40.689" /><!-- duration: 11ms -->
            <step title="Creating app_offline.htm" date="2025-04-03T17:00:44.044" /><!-- duration: 16ms -->
            <step title="KuduSync.NET from: &apos;C:\local\Temp\zipdeploy\extracted&apos; to: &apos;C:\home\site\wwwroot&apos;" date="2025-04-03T17:00:44.091" /><!-- duration: 0ms -->
            <step title="Deleting file: &apos;Logs\log20250403.txt&apos;" date="2025-04-03T17:00:44.127" /><!-- duration: 0ms -->
            <step title="Deleting directory: &apos;Logs&apos;" date="2025-04-03T17:00:44.138" /><!-- duration: 0ms -->
            <step title="Deleting file: &apos;app.db&apos;" date="2025-04-03T17:00:44.155" /><!-- duration: 14ms -->
            <step title="Deleting file: &apos;app.db-shm&apos;" date="2025-04-03T17:00:44.184" /><!-- duration: 0ms -->
            <step title="Deleting file: &apos;app.db-wal&apos;" date="2025-04-03T17:00:44.216" /><!-- duration: 0ms -->
            <step title="Copying file: &apos;Application.dll&apos;" date="2025-04-03T17:00:44.233" /><!-- duration: 0ms -->
            <step title="Copying file: &apos;Application.pdb&apos;" date="2025-04-03T17:00:44.263" /><!-- duration: 0ms -->
            <step title="Copying file: &apos;Domain.dll&apos;" date="2025-04-03T17:00:44.281" /><!-- duration: 0ms -->
            <step title="Copying file: &apos;Domain.pdb&apos;" date="2025-04-03T17:00:44.311" /><!-- duration: 0ms -->
            <step title="Copying file: &apos;Infrastructure.dll&apos;" date="2025-04-03T17:00:44.330" /><!-- duration: 11ms -->
            <step title="Copying file: &apos;Infrastructure.pdb&apos;" date="2025-04-03T17:00:44.359" /><!-- duration: 0ms -->
            <step title="Copying file: &apos;WebApp&apos;" date="2025-04-03T17:00:44.372" /><!-- duration: 17ms -->
            <step title="Copying file: &apos;WebApp.dll&apos;" date="2025-04-03T17:00:44.403" /><!-- duration: 0ms -->
            <step title="Copying file: &apos;WebApp.pdb&apos;" date="2025-04-03T17:00:44.419" /><!-- duration: 0ms -->
            <step title="Copying file: &apos;publish\publish\publish\publish\Application.deps.json&apos;" date="2025-04-03T17:00:44.437" /><!-- duration: 13ms -->
            <step title="Copying file: &apos;publish\publish\publish\publish\Domain.deps.json&apos;" date="2025-04-03T17:00:44.466" /><!-- duration: 0ms -->
            <step title="Copying file: &apos;publish\publish\publish\publish\Infrastructure.deps.json&apos;" date="2025-04-03T17:00:44.481" /><!-- duration: 16ms -->
            <step title="Copying file: &apos;publish\publish\publish\publish\Infrastructure.runtimeconfig.json&apos;" date="2025-04-03T17:00:44.497" /><!-- duration: 18ms -->
            <step title="Copying file: &apos;publish\publish\publish\publish\publish\publish\appsettings.json&apos;" date="2025-04-03T17:00:44.528" /><!-- duration: 0ms -->
            <step title="Copying file: &apos;publish\publish\publish\publish\publish\publish\WebApp.runtimeconfig.json&apos;" date="2025-04-03T17:00:44.545" /><!-- duration: 19ms -->
            <step title="Copying file: &apos;publish\publish\publish\publish\publish\publish\publish\WebApp.deps.json&apos;" date="2025-04-03T17:00:47.138" /><!-- duration: 16ms -->
            <step title="Copying file: &apos;publish\publish\publish\publish\publish\publish\publish\publish\appsettings.Development.json&apos;" date="2025-04-03T17:00:47.172" /><!-- duration: 0ms -->
            <step title="Copying file: &apos;publish\publish\publish\publish\publish\publish\publish\publish\appsettings.json&apos;" date="2025-04-03T17:00:47.201" /><!-- duration: 0ms -->
            <step title="Copying file: &apos;publish\publish\publish\publish\publish\publish\publish\publish\WebApp.deps.json&apos;" date="2025-04-03T17:00:47.220" /><!-- duration: 0ms -->
            <step title="Copying file: &apos;publish\publish\publish\publish\publish\publish\publish\publish\WebApp.runtimeconfig.json&apos;" date="2025-04-03T17:00:47.249" /><!-- duration: 0ms -->
            <step title="Copying file: &apos;publish\publish\publish\publish\publish\publish\publish\publish\web.config&apos;" date="2025-04-03T17:00:47.268" /><!-- duration: 11ms -->
            <step title="Deleting app_offline.htm" date="2025-04-03T17:00:47.297" /><!-- duration: 0ms -->
            <step title="Finished successfully." date="2025-04-03T17:00:47.310" /><!-- duration: 0ms -->
          </step><!-- duration: 7220ms -->
          <step title="Build completed succesfully." date="2025-04-03T17:00:47.375" /><!-- duration: 0ms -->
          <step title="Running post deployment command(s)..." date="2025-04-03T17:00:47.420" /><!-- duration: 0ms -->
          <step title="Requesting site restart" date="2025-04-03T17:00:47.500" /><!-- duration: 0ms -->
          <step title="Requesting site restart" date="2025-04-03T17:00:47.500" /><!-- duration: 0ms -->
          <step title="Requesting site restart. Attempt #1" date="2025-04-03T17:00:47.545" /><!-- duration: 16ms -->
          <step title="Requesting site restart. Attempt #1" date="2025-04-03T17:00:47.560" /><!-- duration: 0ms -->
          <step title="Successfully requested a restart. Attempt #1" date="2025-04-03T17:00:47.779" /><!-- duration: 0ms -->
          <step title="Successfully requested a restart. Attempt #1" date="2025-04-03T17:00:47.795" /><!-- duration: 0ms -->
          <step title="Deployment successful. DEPLOYMENTINFO: deploymentPath = OneDeploy, deployer = OneDeploy, os = windows, sku = Basic, siteName = iTrackerApp, siteHostName = itrackerapp.azurewebsites.net, deploymentStatus = Success" date="2025-04-03T17:00:47.841" /><!-- duration: 0ms -->
          <step title="Purge deployment items" date="2025-04-03T17:00:47.998" >
            <step title="Remove 56e43e1ac, Success, received at 4/3/2025 9:02:00 AM" date="2025-04-03T17:00:48.077" /><!-- duration: 0ms -->
          </step><!-- duration: 99ms -->
        </step><!-- duration: 8441ms -->
      </step><!-- duration: 8881ms -->
      <step title="Cleaning up temp files" date="2025-04-03T17:00:48.154" /><!-- duration: 0ms -->
      <step title="Skip function trigger and logicapp sync because function is not enabled." date="2025-04-03T17:00:48.172" /><!-- duration: 0ms -->
    </step><!-- duration: 14954ms -->
    <step title="LockFile &apos;C:\home\site\locks\deployments.lock&apos; released" date="2025-04-03T17:00:48.232" /><!-- duration: 0ms -->
    <step title="Deleting shutdown sentinel file" date="2025-04-03T17:00:48.250" SemaphoreCount="8" /><!-- duration: 0ms -->
  </step><!-- duration: 26423ms -->
  <step title="Outgoing response" date="2025-04-03T17:00:48.266" type="response" statusCode="200" statusText="OK" Server="Microsoft-IIS/10.0" x-ms-request-id="17a8b4d6-10ad-11f0-8aff-56d77f9ecf73" Cache-Control="private" X-AspNet-Version="4.0.30319" /><!-- duration: 0ms -->
</step><!-- duration: 26719ms -->
