<step title="Incoming Request" date="2025-04-07T14:07:40.853" instance="e8ad92" url="/api/publish?type=zip" method="POST" type="request" pid="6340,2,8" Cache-Control="no-cache" Content-Length="32488278" Content-Type="application/octet-stream" Accept="*/*" Accept-Encoding="gzip, deflate" Authorization="Bas..." Host="itrackerapp.scm.azurewebsites.net" User-Agent="AZURECLI/2.70.0 (HOMEBREW)" x-ms-client-request-id="a6cacd70-13b9-11f0-accc-56d77f9ecf73" X-ARR-LOG-ID="a6cacd70-13b9-11f0-accc-56d77f9ecf73" CLIENT-IP="103.93.198.139:63620" X-SITE-DEPLOYMENT-ID="iTrackerApp" WAS-DEFAULT-HOSTNAME="itrackerapp.scm.azurewebsites.net" X-Forwarded-Proto="https" X-AppService-Proto="https" X-Forwarded-TlsVersion="1.3" X-WAWS-Unencoded-URL="/api/publish?type=zip" >
  <step title="Cleanup Xml Logs" date="2025-04-07T14:07:40.853" /><!-- duration: 16ms -->
  <step title="OneDeploy" date="2025-04-07T14:07:42.539" >
    <step title="Starting PushDeployAsync" date="2025-04-07T14:07:42.569" /><!-- duration: 13ms -->
    <step title="Updating shutdown sentinel last write time" date="2025-04-07T14:07:42.629" SemaphoreCount="7" /><!-- duration: 0ms -->
    <step title="LockFile &apos;C:\home\site\locks\deployments.lock&apos; acquired" date="2025-04-07T14:07:42.629" /><!-- duration: 15ms -->
    <step title="Saving request content to C:\local\Temp\zipdeploy\p5on31ud.zip" date="2025-04-07T14:07:42.660" >
      <step title="Total 32,488,278 bytes written to C:\local\Temp\zipdeploy\p5on31ud.zip" date="2025-04-07T14:07:47.533" /><!-- duration: 0ms -->
    </step><!-- duration: 4888ms -->
    <step title="LockFile &apos;C:\home\site\locks\deployments.lock&apos; released" date="2025-04-07T14:07:47.548" /><!-- duration: 0ms -->
    <step title="Deleting shutdown sentinel file" date="2025-04-07T14:07:47.548" SemaphoreCount="8" /><!-- duration: 16ms -->
    <step title="Starting FetchDeploy" date="2025-04-07T14:07:47.564" /><!-- duration: 0ms -->
    <step title="Attempting to fetch target branch HEAD" date="2025-04-07T14:07:47.582" /><!-- duration: 14ms -->
    <step title="Updating shutdown sentinel last write time" date="2025-04-07T14:07:47.611" SemaphoreCount="7" /><!-- duration: 0ms -->
    <step title="LockFile &apos;C:\home\site\locks\deployments.lock&apos; acquired" date="2025-04-07T14:07:47.627" /><!-- duration: 16ms -->
    <step title="Performing fetch based deployment" date="2025-04-07T14:07:47.659" >
      <step title="Creating temporary deployment" date="2025-04-07T14:07:47.659" /><!-- duration: 61ms -->
      <step title="Fetching changes." date="2025-04-07T14:07:47.845" /><!-- duration: 0ms -->
      <step title="Starting LocalZipHandler" date="2025-04-07T14:07:47.892" /><!-- duration: 0ms -->
      <step title="Starting LocalZipFetch" date="2025-04-07T14:07:47.910" /><!-- duration: 0ms -->
      <step title="Cleaning up temp folders from previous zip deployments and extracting pushed zip file C:\local\Temp\zipdeploy\p5on31ud.zip (30.98 MB) to C:\local\Temp\zipdeploy\extracted" date="2025-04-07T14:07:47.910" /><!-- duration: 0ms -->
      <step title="Cleaning up temp folders from previous zip deployments and extracting pushed zip file C:\local\Temp\zipdeploy\p5on31ud.zip (30.98 MB) to C:\local\Temp\zipdeploy\extracted" date="2025-04-07T14:07:47.923" >
        <step title="Extracting 587 entries to C:\local\Temp\zipdeploy\extracted directory" date="2025-04-07T14:07:47.957" >
          <step title="Extracting to C:\local\Temp\zipdeploy\extracted\Infrastructure.dll ..." date="2025-04-07T14:07:47.970" /><!-- duration: 16ms -->
          <step title="Extracting to C:\local\Temp\zipdeploy\extracted\Azure.Storage.Common.dll ..." date="2025-04-07T14:07:47.986" /><!-- duration: 0ms -->
          <step title="Extracting to C:\local\Temp\zipdeploy\extracted\zh-Hans\Microsoft.CodeAnalysis.resources.dll ..." date="2025-04-07T14:07:48.006" /><!-- duration: 0ms -->
          <step title="Extracting to C:\local\Temp\zipdeploy\extracted\zh-Hans\Microsoft.CodeAnalysis.CSharp.Workspaces.resources.dll ..." date="2025-04-07T14:07:48.017" /><!-- duration: 0ms -->
          <step title="Extracting to C:\local\Temp\zipdeploy\extracted\zh-Hans\Microsoft.CodeAnalysis.CSharp.resources.dll ..." date="2025-04-07T14:07:48.017" /><!-- duration: 18ms -->
          <step title="Omitting extracting file traces ..." date="2025-04-07T14:07:48.036" /><!-- duration: 0ms -->
        </step><!-- duration: 5580ms -->
      </step><!-- duration: 5625ms -->
      <step title="None repository commit" date="2025-04-07T14:07:53.549" >
        <step title="Commit id: e2d495ae1e5542a69b545cba209fc30e" date="2025-04-07T14:07:53.549" Message="OneDeploy" AuthorName="N/A" AuthorEmail="N/A" /><!-- duration: 19ms -->
      </step><!-- duration: 31ms -->
      <step title="Before sending BuildRequestReceived status to /api/updatedeploystatus" date="2025-04-07T14:07:53.596" /><!-- duration: 0ms -->
      <step title="DeploymentManager.Deploy(id:e2d495ae1e5542a69b545cba209fc30e)" date="2025-04-07T14:07:53.615" >
        <step title="Collecting changeset information" date="2025-04-07T14:07:53.627" /><!-- duration: 234ms -->
        <step title="Updating submodules" date="2025-04-07T14:07:53.878" >
          <step title="Updating submodules." date="2025-04-07T14:07:53.955" /><!-- duration: 19ms -->
        </step><!-- duration: 108ms -->
        <step title="Preparing deployment for commit id &apos;e2d495ae1e&apos;." date="2025-04-07T14:07:54.142" /><!-- duration: 0ms -->
        <step title="Determining deployment builder" date="2025-04-07T14:07:54.189" >
          <step title="Builder is OneDeployBuilder" date="2025-04-07T14:07:54.205" /><!-- duration: 0ms -->
        </step><!-- duration: 47ms -->
        <step title="Copying SSH keys" date="2025-04-07T14:07:54.284" /><!-- duration: 0ms -->
        <step title="Building" date="2025-04-07T14:07:54.299" >
          <step title="Running build. Project type: OneDeploy" date="2025-04-07T14:07:54.345" /><!-- duration: 0ms -->
          <step title="Copying the manifest" date="2025-04-07T14:07:54.392" /><!-- duration: 0ms -->
          <step title="Clean deploying to C:\home\site\wwwroot" date="2025-04-07T14:07:54.517" /><!-- duration: 0ms -->
          <step title="Generating deployment script." date="2025-04-07T14:07:54.580" /><!-- duration: 0ms -->
          <step title="Generating deployment script" date="2025-04-07T14:07:54.595" >
            <step title="Using cached version of the deployment script for command: -y --no-dot-deployment -r &quot;C:\local\Temp\zipdeploy\extracted&quot; -o &quot;C:\home\site\deployments\tools&quot; --basic --sitePath &quot;C:\local\Temp\zipdeploy\extracted&quot;" date="2025-04-07T14:07:54.678" /><!-- duration: 0ms -->
            <step title="Using cached version of deployment script (command: &apos;azure -y --no-dot-deployment -r &quot;C:\local\Temp\zipdeploy\extracted&quot; -o &quot;C:\home\site\deployments\tools&quot; --basic --sitePath &quot;C:\local\Temp\zipdeploy\extracted&quot;&apos;)." date="2025-04-07T14:07:54.689" /><!-- duration: 0ms -->
          </step><!-- duration: 109ms -->
          <step title="Running deployment command..." date="2025-04-07T14:07:54.799" /><!-- duration: 0ms -->
          <step title="Command: &quot;C:\home\site\deployments\tools\deploy.cmd&quot;" date="2025-04-07T14:07:54.814" /><!-- duration: 16ms -->
          <step title="Executing external process" date="2025-04-07T14:07:54.864" type="process" path="starter.cmd" arguments="&quot;C:\home\site\deployments\tools\deploy.cmd&quot;" >
            <step title="Handling Basic Web Site deployment." date="2025-04-07T14:07:55.409" /><!-- duration: 19ms -->
            <step title="Creating app_offline.htm" date="2025-04-07T14:08:01.052" >
            <step title="Error: Failed to change file that is currently being used &quot;C:\home\site\wwwroot\Logs\log20250407.txt&quot;" date="2025-04-07T14:08:01.068" /><!-- duration: 16ms -->
/><!-- duration: 0ms -->
            <step title="KuduSync.NET from: &apos;C:\local\Temp\zipdeploy\extracted&apos; to: &apos;C:\home\site\wwwroot&apos;" date="2025-04-07T14:08:01.104" /><!-- duration: 11ms -->
            <step title="Deleting file: &apos;Logs\log20250407.txt&apos;" date="2025-04-07T14:08:01.133" /><!-- duration: 0ms -->
            <step title="Failed exitCode=1, command=&quot;kudusync&quot; -v 50 -x -f &quot;C:\local\Temp\zipdeploy\extracted&quot; -t &quot;C:\home\site\wwwroot&quot; -n &quot;C:\local\Temp\tmpFF95.tmp&quot; -p &quot;C:\local\Temp\tmpFF95.tmp&quot; -i &quot;.git;.hg;.deployment;deploy.cmd&quot;" date="2025-04-07T14:08:01.162" /><!-- duration: 0ms -->
            <step title="An error has occurred during web site deployment." date="2025-04-07T14:08:01.180" /><!-- duration: 13ms -->
            <step title="Process dump" date="2025-04-07T14:08:01.228" exitCode="255" type="processOutput" /><!-- duration: 12ms -->
          </step><!-- duration: 6376ms -->
          <step title="Error: Failed to change file that is currently being used &quot;C:\home\site\wwwroot\Logs\log20250407.txt&quot;
C:\Program Files (x86)\SiteExtensions\Kudu\103.110221.001\bin\Scripts\starter.cmd &quot;C:\home\site\deployments\tools\deploy.cmd&quot; DEPLOYMENTINFO: deploymentPath = OneDeploy, deployer = OneDeploy, os = windows, sku = Basic, siteName = iTrackerApp, siteHostName = itrackerapp.azurewebsites.net, deploymentStatus = Error" date="2025-04-07T14:08:01.240" /><!-- duration: 0ms -->
          <step title="Error occurred" date="2025-04-07T14:08:01.255" type="error" text="Error: Failed to change file that is currently being used &quot;C:\home\site\wwwroot\Logs\log20250407.txt&quot;
C:\Program Files (x86)\SiteExtensions\Kudu\103.110221.001\bin\Scripts\starter.cmd &quot;C:\home\site\deployments\tools\deploy.cmd&quot;" stackTrace="   at Kudu.Core.Infrastructure.Executable.ExecuteInternal(ITracer tracer, Func`2 onWriteOutput, Func`2 onWriteError, Encoding encoding, String arguments, Object[] args)
   at Kudu.Core.Infrastructure.Executable.ExecuteWithProgressWriter(ILogger logger, ITracer tracer, String arguments, Object[] args)
   at Kudu.Core.Deployment.Generator.ExternalCommandBuilder.RunCommand(DeploymentContext context, String command, Boolean ignoreManifest, String message)" /><!-- duration: 0ms -->
          <step title="Build completed succesfully." date="2025-04-07T14:08:01.380" /><!-- duration: 0ms -->
          <step title="Running post deployment command(s)..." date="2025-04-07T14:08:01.427" /><!-- duration: 0ms -->
          <step title="Requesting site restart" date="2025-04-07T14:08:01.537" /><!-- duration: 0ms -->
          <step title="Requesting site restart" date="2025-04-07T14:08:01.537" /><!-- duration: 0ms -->
          <step title="Requesting site restart. Attempt #1" date="2025-04-07T14:08:01.603" /><!-- duration: 0ms -->
          <step title="Requesting site restart. Attempt #1" date="2025-04-07T14:08:01.615" /><!-- duration: 0ms -->
          <step title="Successfully requested a restart. Attempt #1" date="2025-04-07T14:08:02.209" /><!-- duration: 16ms -->
          <step title="Successfully requested a restart. Attempt #1" date="2025-04-07T14:08:02.255" /><!-- duration: 17ms -->
          <step title="Deployment successful. DEPLOYMENTINFO: deploymentPath = OneDeploy, deployer = OneDeploy, os = windows, sku = Basic, siteName = iTrackerApp, siteHostName = itrackerapp.azurewebsites.net, deploymentStatus = Success" date="2025-04-07T14:08:02.349" /><!-- duration: 0ms -->
          <step title="Purge deployment items" date="2025-04-07T14:08:02.693" >
            <step title="Remove de8f46602, Success, received at 4/7/2025 9:33:48 AM" date="2025-04-07T14:08:02.834" /><!-- duration: 0ms -->
          </step><!-- duration: 141ms -->
        </step><!-- duration: 8585ms -->
      </step><!-- duration: 9281ms -->
      <step title="Cleaning up temp files" date="2025-04-07T14:08:02.896" /><!-- duration: 16ms -->
      <step title="Skip function trigger and logicapp sync because function is not enabled." date="2025-04-07T14:08:02.943" /><!-- duration: 18ms -->
    </step><!-- duration: 15401ms -->
    <step title="LockFile &apos;C:\home\site\locks\deployments.lock&apos; released" date="2025-04-07T14:08:03.072" /><!-- duration: 30ms -->
    <step title="Deleting shutdown sentinel file" date="2025-04-07T14:08:03.150" SemaphoreCount="8" /><!-- duration: 12ms -->
  </step><!-- duration: 20641ms -->
  <step title="Outgoing response" date="2025-04-07T14:08:03.386" type="response" statusCode="200" statusText="OK" Server="Microsoft-IIS/10.0" x-ms-request-id="a6cacd70-13b9-11f0-accc-56d77f9ecf73" Cache-Control="private" X-AspNet-Version="4.0.30319" /><!-- duration: 10ms -->
</step><!-- duration: 22543ms -->
