<step title="Incoming Request" date="2025-04-07T13:40:19.435" instance="e8ad92" url="/api/publish?type=zip" method="POST" type="request" pid="5116,2,8" Cache-Control="no-cache" Connection="Keep-Alive" Content-Length="32242428" Content-Type="application/octet-stream" Accept="*/*" Accept-Encoding="gzip, deflate" Authorization="Bas..." Host="itrackerapp.scm.azurewebsites.net" User-Agent="AZURECLI/2.70.0 (HOMEBREW)" x-ms-client-request-id="d06b23ea-13b5-11f0-89d2-56d77f9ecf73" X-ARR-LOG-ID="d06b23ea-13b5-11f0-89d2-56d77f9ecf73" CLIENT-IP="103.93.198.139:62971" X-SITE-DEPLOYMENT-ID="iTrackerApp" WAS-DEFAULT-HOSTNAME="itrackerapp.scm.azurewebsites.net" X-Forwarded-Proto="https" X-AppService-Proto="https" X-Forwarded-TlsVersion="1.3" X-WAWS-Unencoded-URL="/api/publish?type=zip" X-MS-COLDSTART="1" >
  <step title="OneDeploy" date="2025-04-07T13:40:20.435" >
    <step title="Starting PushDeployAsync" date="2025-04-07T13:40:20.546" /><!-- duration: 30ms -->
    <step title="Updating shutdown sentinel last write time" date="2025-04-07T13:40:20.779" SemaphoreCount="7" /><!-- duration: 17ms -->
    <step title="LockFile &apos;C:\home\site\locks\deployments.lock&apos; acquired" date="2025-04-07T13:40:20.810" /><!-- duration: 0ms -->
    <step title="Saving request content to C:\local\Temp\zipdeploy\3e2uvv3f.zip" date="2025-04-07T13:40:20.826" >
      <step title="Writing 31,010,816 bytes to C:\local\Temp\zipdeploy\3e2uvv3f.zip" date="2025-04-07T13:40:50.834" /><!-- duration: 0ms -->
      <step title="Total 32,242,428 bytes written to C:\local\Temp\zipdeploy\3e2uvv3f.zip" date="2025-04-07T13:40:51.811" /><!-- duration: 3ms -->
    </step><!-- duration: 30988ms -->
    <step title="LockFile &apos;C:\home\site\locks\deployments.lock&apos; released" date="2025-04-07T13:40:51.830" /><!-- duration: 0ms -->
    <step title="Deleting shutdown sentinel file" date="2025-04-07T13:40:51.830" SemaphoreCount="8" /><!-- duration: 16ms -->
    <step title="Starting FetchDeploy" date="2025-04-07T13:40:51.861" /><!-- duration: 0ms -->
    <step title="Attempting to fetch target branch HEAD" date="2025-04-07T13:40:51.877" /><!-- duration: 0ms -->
    <step title="Updating shutdown sentinel last write time" date="2025-04-07T13:40:51.895" SemaphoreCount="7" /><!-- duration: 0ms -->
    <step title="LockFile &apos;C:\home\site\locks\deployments.lock&apos; acquired" date="2025-04-07T13:40:51.895" /><!-- duration: 12ms -->
    <step title="Performing fetch based deployment" date="2025-04-07T13:40:51.924" >
      <step title="Creating temporary deployment" date="2025-04-07T13:40:51.924" /><!-- duration: 48ms -->
      <step title="Fetching changes." date="2025-04-07T13:40:52.142" /><!-- duration: 16ms -->
      <step title="Starting LocalZipHandler" date="2025-04-07T13:40:52.173" /><!-- duration: 0ms -->
      <step title="Starting LocalZipFetch" date="2025-04-07T13:40:52.189" /><!-- duration: 16ms -->
      <step title="Cleaning up temp folders from previous zip deployments and extracting pushed zip file C:\local\Temp\zipdeploy\3e2uvv3f.zip (30.75 MB) to C:\local\Temp\zipdeploy\extracted" date="2025-04-07T13:40:52.205" /><!-- duration: 0ms -->
      <step title="Cleaning up temp folders from previous zip deployments and extracting pushed zip file C:\local\Temp\zipdeploy\3e2uvv3f.zip (30.75 MB) to C:\local\Temp\zipdeploy\extracted" date="2025-04-07T13:40:52.205" >
        <step title="Extracting 522 entries to C:\local\Temp\zipdeploy\extracted directory" date="2025-04-07T13:40:52.252" >
          <step title="Extracting to C:\local\Temp\zipdeploy\extracted\Infrastructure.dll ..." date="2025-04-07T13:40:52.267" /><!-- duration: 0ms -->
          <step title="Extracting to C:\local\Temp\zipdeploy\extracted\Azure.Storage.Common.dll ..." date="2025-04-07T13:40:52.283" /><!-- duration: 18ms -->
          <step title="Extracting to C:\local\Temp\zipdeploy\extracted\zh-Hans\Microsoft.CodeAnalysis.resources.dll ..." date="2025-04-07T13:40:52.301" /><!-- duration: 0ms -->
          <step title="Extracting to C:\local\Temp\zipdeploy\extracted\zh-Hans\Microsoft.CodeAnalysis.CSharp.Workspaces.resources.dll ..." date="2025-04-07T13:40:52.301" /><!-- duration: 13ms -->
          <step title="Extracting to C:\local\Temp\zipdeploy\extracted\zh-Hans\Microsoft.CodeAnalysis.CSharp.resources.dll ..." date="2025-04-07T13:40:52.314" /><!-- duration: 16ms -->
          <step title="Omitting extracting file traces ..." date="2025-04-07T13:40:52.330" /><!-- duration: 15ms -->
        </step><!-- duration: 5503ms -->
      </step><!-- duration: 5550ms -->
      <step title="None repository commit" date="2025-04-07T13:40:57.767" >
        <step title="Commit id: 75171ddbcc3c4255ac9c95aba55251ce" date="2025-04-07T13:40:57.767" Message="OneDeploy" AuthorName="N/A" AuthorEmail="N/A" /><!-- duration: 0ms -->
      </step><!-- duration: 0ms -->
      <step title="Before sending BuildRequestReceived status to /api/updatedeploystatus" date="2025-04-07T13:40:57.767" /><!-- duration: 0ms -->
      <step title="DeploymentManager.Deploy(id:75171ddbcc3c4255ac9c95aba55251ce)" date="2025-04-07T13:40:57.783" >
        <step title="Collecting changeset information" date="2025-04-07T13:40:57.814" /><!-- duration: 47ms -->
        <step title="Updating submodules" date="2025-04-07T13:40:57.861" >
          <step title="Updating submodules." date="2025-04-07T13:40:57.957" /><!-- duration: 0ms -->
        </step><!-- duration: 109ms -->
        <step title="Preparing deployment for commit id &apos;75171ddbcc&apos;." date="2025-04-07T13:40:58.033" /><!-- duration: 0ms -->
        <step title="Determining deployment builder" date="2025-04-07T13:40:58.114" >
          <step title="Builder is OneDeployBuilder" date="2025-04-07T13:40:58.127" /><!-- duration: 17ms -->
        </step><!-- duration: 29ms -->
        <step title="Copying SSH keys" date="2025-04-07T13:40:58.174" /><!-- duration: 0ms -->
        <step title="Building" date="2025-04-07T13:40:58.174" >
          <step title="Running build. Project type: OneDeploy" date="2025-04-07T13:40:58.220" /><!-- duration: 0ms -->
          <step title="Copying the manifest" date="2025-04-07T13:40:58.287" /><!-- duration: 12ms -->
          <step title="Clean deploying to C:\home\site\wwwroot" date="2025-04-07T13:40:58.361" /><!-- duration: 0ms -->
          <step title="Generating deployment script." date="2025-04-07T13:40:58.439" /><!-- duration: 0ms -->
          <step title="Generating deployment script" date="2025-04-07T13:40:58.439" >
            <step title="Using cached version of the deployment script for command: -y --no-dot-deployment -r &quot;C:\local\Temp\zipdeploy\extracted&quot; -o &quot;C:\home\site\deployments\tools&quot; --basic --sitePath &quot;C:\local\Temp\zipdeploy\extracted&quot;" date="2025-04-07T13:40:58.533" /><!-- duration: 0ms -->
            <step title="Using cached version of deployment script (command: &apos;azure -y --no-dot-deployment -r &quot;C:\local\Temp\zipdeploy\extracted&quot; -o &quot;C:\home\site\deployments\tools&quot; --basic --sitePath &quot;C:\local\Temp\zipdeploy\extracted&quot;&apos;)." date="2025-04-07T13:40:58.549" /><!-- duration: 0ms -->
          </step><!-- duration: 141ms -->
          <step title="Running deployment command..." date="2025-04-07T13:40:58.627" /><!-- duration: 0ms -->
          <step title="Command: &quot;C:\home\site\deployments\tools\deploy.cmd&quot;" date="2025-04-07T13:40:58.642" /><!-- duration: 0ms -->
          <step title="Executing external process" date="2025-04-07T13:40:58.676" type="process" path="starter.cmd" arguments="&quot;C:\home\site\deployments\tools\deploy.cmd&quot;" >
            <step title="Handling Basic Web Site deployment." date="2025-04-07T13:40:59.284" /><!-- duration: 0ms -->
            <step title="Creating app_offline.htm" date="2025-04-07T13:41:00.049" /><!-- duration: 0ms -->
            <step title="KuduSync.NET from: &apos;C:\local\Temp\zipdeploy\extracted&apos; to: &apos;C:\home\site\wwwroot&apos;" date="2025-04-07T13:41:00.095" /><!-- duration: 18ms -->
            <step title="Deleting file: &apos;Logs\log20250407.txt&apos;" date="2025-04-07T13:41:00.127" /><!-- duration: 16ms -->
            <step title="Deleting directory: &apos;Logs&apos;" date="2025-04-07T13:41:00.158" /><!-- duration: 0ms -->
            <step title="Deleting file: &apos;app.db&apos;" date="2025-04-07T13:41:00.190" /><!-- duration: 0ms -->
            <step title="Copying file: &apos;Application.dll&apos;" date="2025-04-07T13:41:00.220" /><!-- duration: 0ms -->
            <step title="Copying file: &apos;Application.pdb&apos;" date="2025-04-07T13:41:00.239" /><!-- duration: 13ms -->
            <step title="Copying file: &apos;Domain.dll&apos;" date="2025-04-07T13:41:00.268" /><!-- duration: 31ms -->
            <step title="Copying file: &apos;Domain.pdb&apos;" date="2025-04-07T13:41:00.345" /><!-- duration: 0ms -->
            <step title="Copying file: &apos;Infrastructure.dll&apos;" date="2025-04-07T13:41:00.364" /><!-- duration: 12ms -->
            <step title="Copying file: &apos;Infrastructure.pdb&apos;" date="2025-04-07T13:41:00.393" /><!-- duration: 15ms -->
            <step title="Copying file: &apos;WebApp&apos;" date="2025-04-07T13:41:00.442" /><!-- duration: 0ms -->
            <step title="Copying file: &apos;WebApp.dll&apos;" date="2025-04-07T13:41:00.455" /><!-- duration: 16ms -->
            <step title="Copying file: &apos;WebApp.pdb&apos;" date="2025-04-07T13:41:00.489" /><!-- duration: 12ms -->
            <step title="Copying file: &apos;publish\appsettings.json&apos;" date="2025-04-07T13:41:00.536" /><!-- duration: 13ms -->
            <step title="Copying file: &apos;publish\appsettings.Production.json&apos;" date="2025-04-07T13:41:00.564" /><!-- duration: 16ms -->
            <step title="Copying file: &apos;publish\WebApp.deps.json&apos;" date="2025-04-07T13:41:00.611" /><!-- duration: 0ms -->
            <step title="Copying file: &apos;publish\WebApp.runtimeconfig.json&apos;" date="2025-04-07T13:41:00.720" /><!-- duration: 18ms -->
            <step title="Copying file: &apos;publish\App_Data\settings.json&apos;" date="2025-04-07T13:41:00.752" /><!-- duration: 0ms -->
            <step title="Copying file: &apos;publish\publish\publish\publish\publish\publish\publish\Application.deps.json&apos;" date="2025-04-07T13:41:00.783" /><!-- duration: 0ms -->
            <step title="Copying file: &apos;publish\publish\publish\publish\publish\publish\publish\Domain.deps.json&apos;" date="2025-04-07T13:41:00.783" /><!-- duration: 0ms -->
            <step title="Copying file: &apos;publish\publish\publish\publish\publish\publish\publish\Infrastructure.deps.json&apos;" date="2025-04-07T13:41:00.799" /><!-- duration: 0ms -->
            <step title="Copying file: &apos;publish\publish\publish\publish\publish\publish\publish\Infrastructure.runtimeconfig.json&apos;" date="2025-04-07T13:41:00.814" /><!-- duration: 0ms -->
            <step title="Copying file: &apos;publish\publish\publish\publish\publish\publish\publish\publish\publish\appsettings.json&apos;" date="2025-04-07T13:41:00.814" /><!-- duration: 16ms -->
            <step title="Copying file: &apos;publish\publish\publish\publish\publish\publish\publish\publish\publish\WebApp.runtimeconfig.json&apos;" date="2025-04-07T13:41:00.845" /><!-- duration: 0ms -->
            <step title="Copying file: &apos;publish\publish\publish\publish\publish\publish\publish\publish\publish\publish\WebApp.deps.json&apos;" date="2025-04-07T13:41:00.845" /><!-- duration: 0ms -->
            <step title="Copying file: &apos;publish\publish\publish\publish\publish\publish\publish\publish\publish\publish\publish\appsettings.Development.json&apos;" date="2025-04-07T13:41:00.863" /><!-- duration: 0ms -->
            <step title="Copying file: &apos;publish\publish\publish\publish\publish\publish\publish\publish\publish\publish\publish\appsettings.json&apos;" date="2025-04-07T13:41:00.879" /><!-- duration: 0ms -->
            <step title="Copying file: &apos;publish\publish\publish\publish\publish\publish\publish\publish\publish\publish\publish\WebApp.deps.json&apos;" date="2025-04-07T13:41:00.894" /><!-- duration: 0ms -->
            <step title="Copying file: &apos;publish\publish\publish\publish\publish\publish\publish\publish\publish\publish\publish\WebApp.runtimeconfig.json&apos;" date="2025-04-07T13:41:00.957" /><!-- duration: 0ms -->
            <step title="Copying file: &apos;publish\web.config&apos;" date="2025-04-07T13:41:00.973" /><!-- duration: 0ms -->
            <step title="Copying file: &apos;publish\publish\publish\publish\publish\publish\publish\publish\publish\publish\publish\web.config&apos;" date="2025-04-07T13:41:00.988" /><!-- duration: 0ms -->
            <step title="Deleting app_offline.htm" date="2025-04-07T13:41:01.004" /><!-- duration: 0ms -->
            <step title="Finished successfully." date="2025-04-07T13:41:01.004" /><!-- duration: 16ms -->
          </step><!-- duration: 2343ms -->
          <step title="Build completed succesfully." date="2025-04-07T13:41:01.067" /><!-- duration: 19ms -->
          <step title="Running post deployment command(s)..." date="2025-04-07T13:41:01.144" /><!-- duration: 0ms -->
          <step title="Requesting site restart" date="2025-04-07T13:41:01.269" /><!-- duration: 0ms -->
          <step title="Requesting site restart" date="2025-04-07T13:41:01.269" /><!-- duration: 0ms -->
          <step title="Requesting site restart. Attempt #1" date="2025-04-07T13:41:01.332" /><!-- duration: 16ms -->
          <step title="Requesting site restart. Attempt #1" date="2025-04-07T13:41:01.348" /><!-- duration: 0ms -->
          <step title="Successfully requested a restart. Attempt #1" date="2025-04-07T13:41:01.974" /><!-- duration: 0ms -->
          <step title="Successfully requested a restart. Attempt #1" date="2025-04-07T13:41:01.990" /><!-- duration: 0ms -->
          <step title="Deployment successful. DEPLOYMENTINFO: deploymentPath = OneDeploy, deployer = OneDeploy, os = windows, sku = Basic, siteName = iTrackerApp, siteHostName = itrackerapp.azurewebsites.net, deploymentStatus = Success" date="2025-04-07T13:41:02.037" /><!-- duration: 16ms -->
          <step title="Purge deployment items" date="2025-04-07T13:41:02.302" >
            <step title="Remove aed30788d, Success, received at 4/7/2025 7:27:15 AM" date="2025-04-07T13:41:02.398" /><!-- duration: 14ms -->
          </step><!-- duration: 109ms -->
        </step><!-- duration: 4254ms -->
      </step><!-- duration: 4660ms -->
      <step title="Cleaning up temp files" date="2025-04-07T13:41:02.443" /><!-- duration: 0ms -->
      <step title="Skip function trigger and logicapp sync because function is not enabled." date="2025-04-07T13:41:02.476" /><!-- duration: 0ms -->
    </step><!-- duration: 10582ms -->
    <step title="LockFile &apos;C:\home\site\locks\deployments.lock&apos; released" date="2025-04-07T13:41:02.521" /><!-- duration: 0ms -->
    <step title="Deleting shutdown sentinel file" date="2025-04-07T13:41:02.552" SemaphoreCount="8" /><!-- duration: 0ms -->
  </step><!-- duration: 42117ms -->
  <step title="Outgoing response" date="2025-04-07T13:41:02.648" type="response" statusCode="200" statusText="OK" Server="Microsoft-IIS/10.0" x-ms-request-id="d06b23ea-13b5-11f0-89d2-56d77f9ecf73" Cache-Control="private" X-AspNet-Version="4.0.30319" /><!-- duration: 0ms -->
</step><!-- duration: 43227ms -->
