<step title="Incoming Request" date="2025-04-07T11:02:52.309" instance="e8ad92" url="/api/zipdeploy?isAsync=true" method="POST" type="request" pid="6400,2,8" Cache-Control="no-cache" Content-Length="33249512" Content-Type="application/octet-stream" Accept="*/*" Accept-Encoding="gzip, deflate" Authorization="Bas..." Host="itrackerapp.scm.azurewebsites.net" User-Agent="AZURECLI/2.70.0 (HOMEBREW)" x-ms-client-request-id="d3849e14-139f-11f0-b4ec-56d77f9ecf73" X-ARR-LOG-ID="d3849e14-139f-11f0-b4ec-56d77f9ecf73" CLIENT-IP="58.84.61.149:20321" X-SITE-DEPLOYMENT-ID="iTrackerApp" WAS-DEFAULT-HOSTNAME="itrackerapp.scm.azurewebsites.net" X-Forwarded-Proto="https" X-AppService-Proto="https" X-Forwarded-TlsVersion="1.3" X-WAWS-Unencoded-URL="/api/zipdeploy?isAsync=true" >
  <step title="ZipPushDeploy" date="2025-04-07T11:02:53.028" >
    <step title="ZipDeploy. Extract zip. " date="2025-04-07T11:02:53.125" /><!-- duration: 0ms -->
    <step title="Starting PushDeployAsync" date="2025-04-07T11:02:53.154" /><!-- duration: 0ms -->
    <step title="Updating shutdown sentinel last write time" date="2025-04-07T11:02:53.340" SemaphoreCount="7" /><!-- duration: 0ms -->
    <step title="LockFile &apos;C:\home\site\locks\deployments.lock&apos; acquired" date="2025-04-07T11:02:53.340" /><!-- duration: 16ms -->
    <step title="Saving request content to C:\local\Temp\zipdeploy\1h0oawtr.zip" date="2025-04-07T11:02:53.356" >
      <step title="Total 33,249,512 bytes written to C:\local\Temp\zipdeploy\1h0oawtr.zip" date="2025-04-07T11:02:57.287" /><!-- duration: 0ms -->
    </step><!-- duration: 3946ms -->
    <step title="LockFile &apos;C:\home\site\locks\deployments.lock&apos; released" date="2025-04-07T11:02:57.303" /><!-- duration: 0ms -->
    <step title="Deleting shutdown sentinel file" date="2025-04-07T11:02:57.318" SemaphoreCount="8" /><!-- duration: 0ms -->
    <step title="Starting FetchDeploy" date="2025-04-07T11:02:57.334" /><!-- duration: 0ms -->
    <step title="Start deployment in the background" date="2025-04-07T11:02:57.349" /><!-- duration: 141ms -->
  </step><!-- duration: 4482ms -->
  <step title="Outgoing response" date="2025-04-07T11:02:57.710" type="response" statusCode="202" statusText="Accepted" Server="Microsoft-IIS/10.0" x-ms-request-id="d3849e14-139f-11f0-b4ec-56d77f9ecf73" Retry-After="30" Cache-Control="private" X-AspNet-Version="4.0.30319" Location="https://itrackerapp.scm.azurewebsites.net/api/deployments/latest?deployer=ZipDeploy&amp;time=2025-04-07_11-02-57Z" /><!-- duration: 19ms -->
</step><!-- duration: 5431ms -->
