<step title="Incoming Request" date="2025-04-03T16:25:23.146" instance="e8ad92" url="/api/publish?type=zip" method="POST" type="request" pid="8156,2,8" Cache-Control="no-cache" Content-Length="29418773" Content-Type="application/octet-stream" Accept="*/*" Accept-Encoding="gzip, deflate" Authorization="Bas..." Host="itrackerapp.scm.azurewebsites.net" User-Agent="AZURECLI/2.70.0 (HOMEBREW)" x-ms-client-request-id="39d2b818-10a8-11f0-987e-56d77f9ecf73" X-ARR-LOG-ID="39d2b818-10a8-11f0-987e-56d77f9ecf73" CLIENT-IP="103.93.198.139:52754" X-SITE-DEPLOYMENT-ID="iTrackerApp" WAS-DEFAULT-HOSTNAME="itrackerapp.scm.azurewebsites.net" X-Forwarded-Proto="https" X-AppService-Proto="https" X-Forwarded-TlsVersion="1.3" X-WAWS-Unencoded-URL="/api/publish?type=zip" >
  <step title="Cleanup Xml Logs" date="2025-04-03T16:25:23.163" /><!-- duration: 0ms -->
  <step title="OneDeploy" date="2025-04-03T16:25:23.396" >
    <step title="Starting PushDeployAsync" date="2025-04-03T16:25:23.396" /><!-- duration: 0ms -->
    <step title="Updating shutdown sentinel last write time" date="2025-04-03T16:25:23.427" SemaphoreCount="7" /><!-- duration: 0ms -->
    <step title="LockFile &apos;C:\home\site\locks\deployments.lock&apos; acquired" date="2025-04-03T16:25:23.459" /><!-- duration: 16ms -->
    <step title="Saving request content to C:\local\Temp\zipdeploy\bk1vuof1.zip" date="2025-04-03T16:25:23.475" >
      <step title="Total 29,418,773 bytes written to C:\local\Temp\zipdeploy\bk1vuof1.zip" date="2025-04-03T16:25:31.414" /><!-- duration: 0ms -->
    </step><!-- duration: 7956ms -->
    <step title="LockFile &apos;C:\home\site\locks\deployments.lock&apos; released" date="2025-04-03T16:25:31.431" /><!-- duration: 0ms -->
    <step title="Deleting shutdown sentinel file" date="2025-04-03T16:25:31.431" SemaphoreCount="8" /><!-- duration: 14ms -->
    <step title="Starting FetchDeploy" date="2025-04-03T16:25:31.445" /><!-- duration: 0ms -->
    <step title="Attempting to fetch target branch HEAD" date="2025-04-03T16:25:31.445" /><!-- duration: 0ms -->
    <step title="Updating shutdown sentinel last write time" date="2025-04-03T16:25:31.445" SemaphoreCount="7" /><!-- duration: 16ms -->
    <step title="LockFile &apos;C:\home\site\locks\deployments.lock&apos; acquired" date="2025-04-03T16:25:31.492" /><!-- duration: 0ms -->
    <step title="Performing fetch based deployment" date="2025-04-03T16:25:31.492" >
      <step title="Creating temporary deployment" date="2025-04-03T16:25:31.492" /><!-- duration: 95ms -->
      <step title="Fetching changes." date="2025-04-03T16:25:31.664" /><!-- duration: 0ms -->
      <step title="Starting LocalZipHandler" date="2025-04-03T16:25:31.680" /><!-- duration: 0ms -->
      <step title="Starting LocalZipFetch" date="2025-04-03T16:25:31.680" /><!-- duration: 0ms -->
      <step title="Cleaning up temp folders from previous zip deployments and extracting pushed zip file C:\local\Temp\zipdeploy\bk1vuof1.zip (28.06 MB) to C:\local\Temp\zipdeploy\extracted" date="2025-04-03T16:25:31.680" /><!-- duration: 16ms -->
      <step title="Cleaning up temp folders from previous zip deployments and extracting pushed zip file C:\local\Temp\zipdeploy\bk1vuof1.zip (28.06 MB) to C:\local\Temp\zipdeploy\extracted" date="2025-04-03T16:25:31.695" >
        <step title="Renaming extractTargetDirectory(C:\local\Temp\zipdeploy\extracted) to tempDirectory(C:\local\Temp\zipdeploy\bfaq1bap.p3q)" date="2025-04-03T16:25:31.711" /><!-- duration: 16ms -->
        <step title="Extracting 469 entries to C:\local\Temp\zipdeploy\extracted directory" date="2025-04-03T16:25:31.727" >
          <step title="Extracting to C:\local\Temp\zipdeploy\extracted\Infrastructure.dll ..." date="2025-04-03T16:25:32.197" /><!-- duration: 30ms -->
          <step title="Extracting to C:\local\Temp\zipdeploy\extracted\Azure.Storage.Common.dll ..." date="2025-04-03T16:25:32.227" /><!-- duration: 31ms -->
          <step title="Extracting to C:\local\Temp\zipdeploy\extracted\zh-Hans\Microsoft.CodeAnalysis.resources.dll ..." date="2025-04-03T16:25:32.258" /><!-- duration: 19ms -->
          <step title="Extracting to C:\local\Temp\zipdeploy\extracted\zh-Hans\Microsoft.CodeAnalysis.CSharp.Workspaces.resources.dll ..." date="2025-04-03T16:25:32.289" /><!-- duration: 0ms -->
          <step title="Extracting to C:\local\Temp\zipdeploy\extracted\zh-Hans\Microsoft.CodeAnalysis.CSharp.resources.dll ..." date="2025-04-03T16:25:32.289" /><!-- duration: 16ms -->
          <step title="Omitting extracting file traces ..." date="2025-04-03T16:25:32.320" /><!-- duration: 0ms -->
        </step><!-- duration: 5391ms -->
      </step><!-- duration: 5453ms -->
      <step title="None repository commit" date="2025-04-03T16:25:37.166" >
        <step title="Commit id: 3cc5bb120ac54285958018824100e226" date="2025-04-03T16:25:37.166" Message="OneDeploy" AuthorName="N/A" AuthorEmail="N/A" /><!-- duration: 0ms -->
      </step><!-- duration: 19ms -->
      <step title="Before sending BuildRequestReceived status to /api/updatedeploystatus" date="2025-04-03T16:25:37.185" /><!-- duration: 0ms -->
      <step title="DeploymentManager.Deploy(id:3cc5bb120ac54285958018824100e226)" date="2025-04-03T16:25:37.185" >
        <step title="Collecting changeset information" date="2025-04-03T16:25:37.196" /><!-- duration: 47ms -->
        <step title="Updating submodules" date="2025-04-03T16:25:37.243" >
          <step title="Updating submodules." date="2025-04-03T16:25:37.321" /><!-- duration: 0ms -->
        </step><!-- duration: 96ms -->
        <step title="Preparing deployment for commit id &apos;3cc5bb120a&apos;." date="2025-04-03T16:25:37.399" /><!-- duration: 0ms -->
        <step title="Determining deployment builder" date="2025-04-03T16:25:37.493" >
          <step title="Builder is OneDeployBuilder" date="2025-04-03T16:25:37.493" /><!-- duration: 19ms -->
        </step><!-- duration: 19ms -->
        <step title="Copying SSH keys" date="2025-04-03T16:25:37.555" /><!-- duration: 0ms -->
        <step title="Building" date="2025-04-03T16:25:37.571" >
          <step title="Running build. Project type: OneDeploy" date="2025-04-03T16:25:37.602" /><!-- duration: 0ms -->
          <step title="Copying the manifest" date="2025-04-03T16:25:37.649" /><!-- duration: 18ms -->
          <step title="Clean deploying to C:\home\site\wwwroot" date="2025-04-03T16:25:37.744" /><!-- duration: 0ms -->
          <step title="Generating deployment script." date="2025-04-03T16:25:37.805" /><!-- duration: 16ms -->
          <step title="Generating deployment script" date="2025-04-03T16:25:37.821" >
            <step title="Using cached version of the deployment script for command: -y --no-dot-deployment -r &quot;C:\local\Temp\zipdeploy\extracted&quot; -o &quot;C:\home\site\deployments\tools&quot; --basic --sitePath &quot;C:\local\Temp\zipdeploy\extracted&quot;" date="2025-04-03T16:25:37.852" /><!-- duration: 0ms -->
            <step title="Using cached version of deployment script (command: &apos;azure -y --no-dot-deployment -r &quot;C:\local\Temp\zipdeploy\extracted&quot; -o &quot;C:\home\site\deployments\tools&quot; --basic --sitePath &quot;C:\local\Temp\zipdeploy\extracted&quot;&apos;)." date="2025-04-03T16:25:37.867" /><!-- duration: 0ms -->
          </step><!-- duration: 62ms -->
          <step title="Running deployment command..." date="2025-04-03T16:25:37.914" /><!-- duration: 16ms -->
          <step title="Command: &quot;C:\home\site\deployments\tools\deploy.cmd&quot;" date="2025-04-03T16:25:37.930" /><!-- duration: 0ms -->
          <step title="Executing external process" date="2025-04-03T16:25:37.946" type="process" path="starter.cmd" arguments="&quot;C:\home\site\deployments\tools\deploy.cmd&quot;" >
            <step title="Handling Basic Web Site deployment." date="2025-04-03T16:25:38.541" /><!-- duration: 14ms -->
            <step title="Creating app_offline.htm" date="2025-04-03T16:25:41.727" /><!-- duration: 0ms -->
            <step title="KuduSync.NET from: &apos;C:\local\Temp\zipdeploy\extracted&apos; to: &apos;C:\home\site\wwwroot&apos;" date="2025-04-03T16:25:41.744" /><!-- duration: 30ms -->
            <step title="Deleting file: &apos;Logs\log20250403.txt&apos;" date="2025-04-03T16:25:41.821" /><!-- duration: 19ms -->
            <step title="Deleting directory: &apos;Logs&apos;" date="2025-04-03T16:25:41.997" /><!-- duration: 29ms -->
            <step title="Deleting file: &apos;app.db&apos;" date="2025-04-03T16:25:42.340" /><!-- duration: 12ms -->
            <step title="Deleting file: &apos;app.db-shm&apos;" date="2025-04-03T16:25:42.420" /><!-- duration: 10ms -->
            <step title="Deleting file: &apos;app.db-wal&apos;" date="2025-04-03T16:25:42.540" /><!-- duration: 20ms -->
            <step title="Copying file: &apos;Application.dll&apos;" date="2025-04-03T16:25:42.649" /><!-- duration: 19ms -->
            <step title="Copying file: &apos;Application.pdb&apos;" date="2025-04-03T16:25:42.716" /><!-- duration: 48ms -->
            <step title="Copying file: &apos;Domain.dll&apos;" date="2025-04-03T16:25:42.805" /><!-- duration: 16ms -->
            <step title="Copying file: &apos;Domain.pdb&apos;" date="2025-04-03T16:25:42.883" /><!-- duration: 47ms -->
            <step title="Copying file: &apos;Infrastructure.dll&apos;" date="2025-04-03T16:25:42.967" /><!-- duration: 10ms -->
            <step title="Copying file: &apos;Infrastructure.pdb&apos;" date="2025-04-03T16:25:43.104" /><!-- duration: 0ms -->
            <step title="Copying file: &apos;WebApp&apos;" date="2025-04-03T16:25:43.118" /><!-- duration: 0ms -->
            <step title="Copying file: &apos;WebApp.dll&apos;" date="2025-04-03T16:25:43.133" /><!-- duration: 0ms -->
            <step title="Copying file: &apos;WebApp.pdb&apos;" date="2025-04-03T16:25:43.149" /><!-- duration: 0ms -->
            <step title="Copying file: &apos;publish\publish\Application.deps.json&apos;" date="2025-04-03T16:25:43.164" /><!-- duration: 0ms -->
            <step title="Copying file: &apos;publish\publish\Domain.deps.json&apos;" date="2025-04-03T16:25:43.180" /><!-- duration: 0ms -->
            <step title="Copying file: &apos;publish\publish\Infrastructure.deps.json&apos;" date="2025-04-03T16:25:43.196" /><!-- duration: 0ms -->
            <step title="Copying file: &apos;publish\publish\Infrastructure.runtimeconfig.json&apos;" date="2025-04-03T16:25:43.196" /><!-- duration: 0ms -->
            <step title="Copying file: &apos;publish\publish\publish\publish\appsettings.json&apos;" date="2025-04-03T16:25:43.211" /><!-- duration: 0ms -->
            <step title="Copying file: &apos;publish\publish\publish\publish\WebApp.runtimeconfig.json&apos;" date="2025-04-03T16:25:43.227" /><!-- duration: 0ms -->
            <step title="Copying file: &apos;publish\publish\publish\publish\publish\WebApp.deps.json&apos;" date="2025-04-03T16:25:43.227" /><!-- duration: 0ms -->
            <step title="Copying file: &apos;publish\publish\publish\publish\publish\publish\appsettings.Development.json&apos;" date="2025-04-03T16:25:45.433" /><!-- duration: 16ms -->
            <step title="Copying file: &apos;publish\publish\publish\publish\publish\publish\appsettings.json&apos;" date="2025-04-03T16:25:45.466" /><!-- duration: 0ms -->
            <step title="Copying file: &apos;publish\publish\publish\publish\publish\publish\WebApp.deps.json&apos;" date="2025-04-03T16:25:45.479" /><!-- duration: 16ms -->
            <step title="Copying file: &apos;publish\publish\publish\publish\publish\publish\WebApp.runtimeconfig.json&apos;" date="2025-04-03T16:25:45.515" /><!-- duration: 0ms -->
            <step title="Copying file: &apos;publish\publish\publish\publish\publish\publish\web.config&apos;" date="2025-04-03T16:25:45.543" /><!-- duration: 0ms -->
            <step title="Deleting app_offline.htm" date="2025-04-03T16:25:45.558" /><!-- duration: 0ms -->
            <step title="Finished successfully." date="2025-04-03T16:25:45.558" /><!-- duration: 16ms -->
          </step><!-- duration: 7628ms -->
          <step title="Build completed succesfully." date="2025-04-03T16:25:45.620" /><!-- duration: 0ms -->
          <step title="Running post deployment command(s)..." date="2025-04-03T16:25:45.683" /><!-- duration: 16ms -->
          <step title="Requesting site restart" date="2025-04-03T16:25:45.844" /><!-- duration: 0ms -->
          <step title="Requesting site restart" date="2025-04-03T16:25:45.854" /><!-- duration: 20ms -->
          <step title="Requesting site restart. Attempt #1" date="2025-04-03T16:25:45.917" /><!-- duration: 0ms -->
          <step title="Requesting site restart. Attempt #1" date="2025-04-03T16:25:45.933" /><!-- duration: 0ms -->
          <step title="Successfully requested a restart. Attempt #1" date="2025-04-03T16:25:46.183" /><!-- duration: 0ms -->
          <step title="Successfully requested a restart. Attempt #1" date="2025-04-03T16:25:46.183" /><!-- duration: 0ms -->
          <step title="Deployment successful. DEPLOYMENTINFO: deploymentPath = OneDeploy, deployer = OneDeploy, os = windows, sku = Basic, siteName = iTrackerApp, siteHostName = itrackerapp.azurewebsites.net, deploymentStatus = Success" date="2025-04-03T16:25:46.245" /><!-- duration: 19ms -->
          <step title="Purge deployment items" date="2025-04-03T16:25:46.433" >
            <step title="Remove 522023ed3, Success, received at 4/3/2025 8:52:58 AM" date="2025-04-03T16:25:46.480" /><!-- duration: 0ms -->
          </step><!-- duration: 62ms -->
        </step><!-- duration: 8941ms -->
      </step><!-- duration: 9342ms -->
      <step title="Cleaning up temp files" date="2025-04-03T16:25:46.526" /><!-- duration: 0ms -->
      <step title="Skip function trigger and logicapp sync because function is not enabled." date="2025-04-03T16:25:46.546" /><!-- duration: 11ms -->
    </step><!-- duration: 15143ms -->
    <step title="LockFile &apos;C:\home\site\locks\deployments.lock&apos; released" date="2025-04-03T16:25:46.651" /><!-- duration: 0ms -->
    <step title="Deleting shutdown sentinel file" date="2025-04-03T16:25:46.667" SemaphoreCount="8" /><!-- duration: 0ms -->
  </step><!-- duration: 23287ms -->
  <step title="Outgoing response" date="2025-04-03T16:25:46.701" type="response" statusCode="200" statusText="OK" Server="Microsoft-IIS/10.0" x-ms-request-id="39d2b818-10a8-11f0-987e-56d77f9ecf73" Cache-Control="private" X-AspNet-Version="4.0.30319" /><!-- duration: 0ms -->
</step><!-- duration: 23555ms -->
