<step title="Incoming Request" date="2025-04-03T16:20:02.254" instance="e8ad92" url="/api/publish?type=zip" method="POST" type="request" pid="8156,2,8" Cache-Control="no-cache" Content-Length="29370712" Content-Type="application/octet-stream" Accept="*/*" Accept-Encoding="gzip, deflate" Authorization="Bas..." Host="itrackerapp.scm.azurewebsites.net" User-Agent="AZURECLI/2.70.0 (HOMEBREW)" x-ms-client-request-id="776ef110-10a7-11f0-af89-56d77f9ecf73" X-ARR-LOG-ID="776ef110-10a7-11f0-af89-56d77f9ecf73" CLIENT-IP="103.93.198.139:52585" X-SITE-DEPLOYMENT-ID="iTrackerApp" WAS-DEFAULT-HOSTNAME="itrackerapp.scm.azurewebsites.net" X-Forwarded-Proto="https" X-AppService-Proto="https" X-Forwarded-TlsVersion="1.3" X-WAWS-Unencoded-URL="/api/publish?type=zip" >
  <step title="OneDeploy" date="2025-04-03T16:20:03.019" >
    <step title="Starting PushDeployAsync" date="2025-04-03T16:20:03.131" /><!-- duration: 0ms -->
    <step title="Updating shutdown sentinel last write time" date="2025-04-03T16:20:03.303" SemaphoreCount="7" /><!-- duration: 0ms -->
    <step title="LockFile &apos;C:\home\site\locks\deployments.lock&apos; acquired" date="2025-04-03T16:20:03.316" /><!-- duration: 0ms -->
    <step title="Saving request content to C:\local\Temp\zipdeploy\jv0yrxwb.zip" date="2025-04-03T16:20:03.332" >
      <step title="Writing 28,127,232 bytes to C:\local\Temp\zipdeploy\jv0yrxwb.zip" date="2025-04-03T16:20:33.443" /><!-- duration: 0ms -->
      <step title="Total 29,370,712 bytes written to C:\local\Temp\zipdeploy\jv0yrxwb.zip" date="2025-04-03T16:20:39.283" /><!-- duration: 16ms -->
    </step><!-- duration: 35967ms -->
    <step title="LockFile &apos;C:\home\site\locks\deployments.lock&apos; released" date="2025-04-03T16:20:39.314" /><!-- duration: 0ms -->
    <step title="Deleting shutdown sentinel file" date="2025-04-03T16:20:39.314" SemaphoreCount="8" /><!-- duration: 16ms -->
    <step title="Starting FetchDeploy" date="2025-04-03T16:20:39.346" /><!-- duration: 0ms -->
    <step title="Attempting to fetch target branch HEAD" date="2025-04-03T16:20:39.362" /><!-- duration: 0ms -->
    <step title="Updating shutdown sentinel last write time" date="2025-04-03T16:20:39.377" SemaphoreCount="7" /><!-- duration: 16ms -->
    <step title="LockFile &apos;C:\home\site\locks\deployments.lock&apos; acquired" date="2025-04-03T16:20:39.392" /><!-- duration: 0ms -->
    <step title="Performing fetch based deployment" date="2025-04-03T16:20:39.424" >
      <step title="Creating temporary deployment" date="2025-04-03T16:20:39.441" /><!-- duration: 61ms -->
      <step title="Fetching changes." date="2025-04-03T16:20:39.674" /><!-- duration: 0ms -->
      <step title="Starting LocalZipHandler" date="2025-04-03T16:20:39.705" /><!-- duration: 0ms -->
      <step title="Starting LocalZipFetch" date="2025-04-03T16:20:39.721" /><!-- duration: 16ms -->
      <step title="Cleaning up temp folders from previous zip deployments and extracting pushed zip file C:\local\Temp\zipdeploy\jv0yrxwb.zip (28.01 MB) to C:\local\Temp\zipdeploy\extracted" date="2025-04-03T16:20:39.736" /><!-- duration: 0ms -->
      <step title="Cleaning up temp folders from previous zip deployments and extracting pushed zip file C:\local\Temp\zipdeploy\jv0yrxwb.zip (28.01 MB) to C:\local\Temp\zipdeploy\extracted" date="2025-04-03T16:20:39.752" >
        <step title="Renaming extractTargetDirectory(C:\local\Temp\zipdeploy\extracted) to tempDirectory(C:\local\Temp\zipdeploy\avtbk0m3.xlc)" date="2025-04-03T16:20:39.752" /><!-- duration: 0ms -->
        <step title="Extracting 459 entries to C:\local\Temp\zipdeploy\extracted directory" date="2025-04-03T16:20:39.987" >
          <step title="Extracting to C:\local\Temp\zipdeploy\extracted\Infrastructure.dll ..." date="2025-04-03T16:20:40.007" /><!-- duration: 10ms -->
          <step title="Extracting to C:\local\Temp\zipdeploy\extracted\Azure.Storage.Common.dll ..." date="2025-04-03T16:20:40.036" /><!-- duration: 13ms -->
          <step title="Extracting to C:\local\Temp\zipdeploy\extracted\zh-Hans\Microsoft.CodeAnalysis.resources.dll ..." date="2025-04-03T16:20:40.065" /><!-- duration: 0ms -->
          <step title="Extracting to C:\local\Temp\zipdeploy\extracted\zh-Hans\Microsoft.CodeAnalysis.CSharp.Workspaces.resources.dll ..." date="2025-04-03T16:20:40.084" /><!-- duration: 0ms -->
          <step title="Extracting to C:\local\Temp\zipdeploy\extracted\zh-Hans\Microsoft.CodeAnalysis.CSharp.resources.dll ..." date="2025-04-03T16:20:40.096" /><!-- duration: 17ms -->
          <step title="Omitting extracting file traces ..." date="2025-04-03T16:20:40.286" /><!-- duration: 137ms -->
        </step><!-- duration: 5284ms -->
      </step><!-- duration: 5531ms -->
      <step title="None repository commit" date="2025-04-03T16:20:45.301" >
        <step title="Commit id: 38937c5251574c7d987a11a546f87504" date="2025-04-03T16:20:45.301" Message="OneDeploy" AuthorName="N/A" AuthorEmail="N/A" /><!-- duration: 48ms -->
      </step><!-- duration: 77ms -->
      <step title="Before sending BuildRequestReceived status to /api/updatedeploystatus" date="2025-04-03T16:20:45.397" /><!-- duration: 12ms -->
      <step title="DeploymentManager.Deploy(id:38937c5251574c7d987a11a546f87504)" date="2025-04-03T16:20:45.425" >
        <step title="Collecting changeset information" date="2025-04-03T16:20:45.474" /><!-- duration: 75ms -->
        <step title="Updating submodules" date="2025-04-03T16:20:45.550" >
          <step title="Updating submodules." date="2025-04-03T16:20:45.627" /><!-- duration: 18ms -->
        </step><!-- duration: 95ms -->
        <step title="Preparing deployment for commit id &apos;38937c5251&apos;." date="2025-04-03T16:20:45.722" /><!-- duration: 0ms -->
        <step title="Determining deployment builder" date="2025-04-03T16:20:45.815" >
          <step title="Builder is OneDeployBuilder" date="2025-04-03T16:20:45.830" /><!-- duration: 33ms -->
        </step><!-- duration: 49ms -->
        <step title="Copying SSH keys" date="2025-04-03T16:20:45.893" /><!-- duration: 31ms -->
        <step title="Building" date="2025-04-03T16:20:45.924" >
          <step title="Running build. Project type: OneDeploy" date="2025-04-03T16:20:45.986" /><!-- duration: 0ms -->
          <step title="Copying the manifest" date="2025-04-03T16:20:46.049" /><!-- duration: 0ms -->
          <step title="Clean deploying to C:\home\site\wwwroot" date="2025-04-03T16:20:46.190" /><!-- duration: 0ms -->
          <step title="Generating deployment script." date="2025-04-03T16:20:46.268" /><!-- duration: 17ms -->
          <step title="Generating deployment script" date="2025-04-03T16:20:46.285" >
            <step title="Using cached version of the deployment script for command: -y --no-dot-deployment -r &quot;C:\local\Temp\zipdeploy\extracted&quot; -o &quot;C:\home\site\deployments\tools&quot; --basic --sitePath &quot;C:\local\Temp\zipdeploy\extracted&quot;" date="2025-04-03T16:20:46.393" /><!-- duration: 0ms -->
            <step title="Using cached version of deployment script (command: &apos;azure -y --no-dot-deployment -r &quot;C:\local\Temp\zipdeploy\extracted&quot; -o &quot;C:\home\site\deployments\tools&quot; --basic --sitePath &quot;C:\local\Temp\zipdeploy\extracted&quot;&apos;)." date="2025-04-03T16:20:46.424" /><!-- duration: 0ms -->
          </step><!-- duration: 155ms -->
          <step title="Running deployment command..." date="2025-04-03T16:20:46.471" /><!-- duration: 18ms -->
          <step title="Command: &quot;C:\home\site\deployments\tools\deploy.cmd&quot;" date="2025-04-03T16:20:46.489" /><!-- duration: 18ms -->
          <step title="Executing external process" date="2025-04-03T16:20:46.565" type="process" path="starter.cmd" arguments="&quot;C:\home\site\deployments\tools\deploy.cmd&quot;" >
            <step title="Handling Basic Web Site deployment." date="2025-04-03T16:20:47.143" /><!-- duration: 0ms -->
            <step title="Creating app_offline.htm" date="2025-04-03T16:20:48.721" /><!-- duration: 0ms -->
            <step title="KuduSync.NET from: &apos;C:\local\Temp\zipdeploy\extracted&apos; to: &apos;C:\home\site\wwwroot&apos;" date="2025-04-03T16:20:48.736" /><!-- duration: 0ms -->
            <step title="Deleting file: &apos;Logs\log20250403.txt&apos;" date="2025-04-03T16:20:48.752" /><!-- duration: 16ms -->
            <step title="Deleting directory: &apos;Logs&apos;" date="2025-04-03T16:20:48.787" /><!-- duration: 0ms -->
            <step title="Deleting file: &apos;app.db&apos;" date="2025-04-03T16:20:48.799" /><!-- duration: 17ms -->
            <step title="Copying file: &apos;Application.Abstractions.dll&apos;" date="2025-04-03T16:20:48.864" /><!-- duration: 0ms -->
            <step title="Copying file: &apos;Application.Abstractions.pdb&apos;" date="2025-04-03T16:20:48.893" /><!-- duration: 0ms -->
            <step title="Copying file: &apos;Application.Common.dll&apos;" date="2025-04-03T16:20:48.942" /><!-- duration: 13ms -->
            <step title="Copying file: &apos;Application.Common.pdb&apos;" date="2025-04-03T16:20:49.002" /><!-- duration: 0ms -->
            <step title="Copying file: &apos;Application.dll&apos;" date="2025-04-03T16:20:49.097" /><!-- duration: 61ms -->
            <step title="Copying file: &apos;Application.pdb&apos;" date="2025-04-03T16:20:49.611" /><!-- duration: 47ms -->
            <step title="Copying file: &apos;Domain.dll&apos;" date="2025-04-03T16:20:49.783" /><!-- duration: 18ms -->
            <step title="Copying file: &apos;Domain.pdb&apos;" date="2025-04-03T16:20:49.893" /><!-- duration: 17ms -->
            <step title="Copying file: &apos;Infrastructure.dll&apos;" date="2025-04-03T16:20:50.018" /><!-- duration: 0ms -->
            <step title="Copying file: &apos;Infrastructure.pdb&apos;" date="2025-04-03T16:20:50.065" /><!-- duration: 0ms -->
            <step title="Copying file: &apos;WebApp&apos;" date="2025-04-03T16:20:50.127" /><!-- duration: 18ms -->
            <step title="Copying file: &apos;WebApp.dll&apos;" date="2025-04-03T16:20:50.174" /><!-- duration: 16ms -->
            <step title="Copying file: &apos;WebApp.pdb&apos;" date="2025-04-03T16:20:50.237" /><!-- duration: 0ms -->
            <step title="Copying file: &apos;publish\Application.deps.json&apos;" date="2025-04-03T16:20:50.304" /><!-- duration: 0ms -->
            <step title="Copying file: &apos;publish\Domain.deps.json&apos;" date="2025-04-03T16:20:50.315" /><!-- duration: 0ms -->
            <step title="Copying file: &apos;publish\Infrastructure.deps.json&apos;" date="2025-04-03T16:20:50.330" /><!-- duration: 0ms -->
            <step title="Copying file: &apos;publish\Infrastructure.runtimeconfig.json&apos;" date="2025-04-03T16:20:50.346" /><!-- duration: 0ms -->
            <step title="Copying file: &apos;publish\publish\publish\appsettings.json&apos;" date="2025-04-03T16:20:50.361" /><!-- duration: 0ms -->
            <step title="Copying file: &apos;publish\publish\publish\WebApp.runtimeconfig.json&apos;" date="2025-04-03T16:20:50.377" /><!-- duration: 0ms -->
            <step title="Copying file: &apos;publish\publish\publish\publish\WebApp.deps.json&apos;" date="2025-04-03T16:20:52.730" /><!-- duration: 17ms -->
            <step title="Copying file: &apos;publish\publish\publish\publish\publish\appsettings.Development.json&apos;" date="2025-04-03T16:20:52.766" /><!-- duration: 0ms -->
            <step title="Copying file: &apos;publish\publish\publish\publish\publish\appsettings.json&apos;" date="2025-04-03T16:20:52.777" /><!-- duration: 18ms -->
            <step title="Copying file: &apos;publish\publish\publish\publish\publish\WebApp.deps.json&apos;" date="2025-04-03T16:20:52.808" /><!-- duration: 16ms -->
            <step title="Copying file: &apos;publish\publish\publish\publish\publish\WebApp.runtimeconfig.json&apos;" date="2025-04-03T16:20:52.843" /><!-- duration: 0ms -->
            <step title="Copying file: &apos;publish\publish\publish\publish\publish\web.config&apos;" date="2025-04-03T16:20:52.855" /><!-- duration: 0ms -->
            <step title="Deleting app_offline.htm" date="2025-04-03T16:20:52.871" /><!-- duration: 31ms -->
            <step title="Finished successfully." date="2025-04-03T16:20:52.902" /><!-- duration: 0ms -->
          </step><!-- duration: 6353ms -->
          <step title="Build completed succesfully." date="2025-04-03T16:20:52.964" /><!-- duration: 0ms -->
          <step title="Running post deployment command(s)..." date="2025-04-03T16:20:53.011" /><!-- duration: 16ms -->
          <step title="Requesting site restart" date="2025-04-03T16:20:53.154" /><!-- duration: 0ms -->
          <step title="Requesting site restart" date="2025-04-03T16:20:53.167" /><!-- duration: 0ms -->
          <step title="Requesting site restart. Attempt #1" date="2025-04-03T16:20:53.261" /><!-- duration: 0ms -->
          <step title="Requesting site restart. Attempt #1" date="2025-04-03T16:20:53.282" /><!-- duration: 0ms -->
          <step title="Successfully requested a restart. Attempt #1" date="2025-04-03T16:20:53.839" /><!-- duration: 0ms -->
          <step title="Successfully requested a restart. Attempt #1" date="2025-04-03T16:20:53.856" /><!-- duration: 0ms -->
          <step title="Deployment successful. DEPLOYMENTINFO: deploymentPath = OneDeploy, deployer = OneDeploy, os = windows, sku = Basic, siteName = iTrackerApp, siteHostName = itrackerapp.azurewebsites.net, deploymentStatus = Success" date="2025-04-03T16:20:53.904" /><!-- duration: 13ms -->
          <step title="Purge deployment items" date="2025-04-03T16:20:54.234" >
            <step title="Remove df2471b63, Success, received at 4/3/2025 8:23:07 AM" date="2025-04-03T16:20:54.339" /><!-- duration: 0ms -->
          </step><!-- duration: 121ms -->
        </step><!-- duration: 8464ms -->
      </step><!-- duration: 8962ms -->
      <step title="Cleaning up temp files" date="2025-04-03T16:20:54.407" /><!-- duration: 11ms -->
      <step title="Skip function trigger and logicapp sync because function is not enabled." date="2025-04-03T16:20:54.436" /><!-- duration: 0ms -->
    </step><!-- duration: 15108ms -->
    <step title="LockFile &apos;C:\home\site\locks\deployments.lock&apos; released" date="2025-04-03T16:20:54.542" /><!-- duration: 18ms -->
    <step title="Deleting shutdown sentinel file" date="2025-04-03T16:20:54.561" SemaphoreCount="8" /><!-- duration: 13ms -->
  </step><!-- duration: 51554ms -->
  <step title="Outgoing response" date="2025-04-03T16:20:54.704" type="response" statusCode="200" statusText="OK" Server="Microsoft-IIS/10.0" x-ms-request-id="776ef110-10a7-11f0-af89-56d77f9ecf73" Cache-Control="private" X-AspNet-Version="4.0.30319" /><!-- duration: 10ms -->
</step><!-- duration: 52460ms -->
