<step title="Incoming Request" date="2025-04-03T15:55:57.132" instance="e8ad92" url="/api/publish?type=zip" method="POST" type="request" pid="6944,2,8" Cache-Control="no-cache" Content-Length="29281980" Content-Type="application/octet-stream" Accept="*/*" Accept-Encoding="gzip, deflate" Authorization="Bas..." Host="itrackerapp.scm.azurewebsites.net" User-Agent="AZURECLI/2.70.0 (HOMEBREW)" x-ms-client-request-id="1974b8e0-10a4-11f0-81da-56d77f9ecf73" X-ARR-LOG-ID="1974b8e0-10a4-11f0-81da-56d77f9ecf73" CLIENT-IP="103.93.198.139:50272" X-SITE-DEPLOYMENT-ID="iTrackerApp" WAS-DEFAULT-HOSTNAME="itrackerapp.scm.azurewebsites.net" X-Forwarded-Proto="https" X-AppService-Proto="https" X-Forwarded-TlsVersion="1.3" X-WAWS-Unencoded-URL="/api/publish?type=zip" >
  <step title="OneDeploy" date="2025-04-03T15:55:57.930" >
    <step title="Starting PushDeployAsync" date="2025-04-03T15:55:58.024" /><!-- duration: 0ms -->
    <step title="Updating shutdown sentinel last write time" date="2025-04-03T15:55:58.241" SemaphoreCount="7" /><!-- duration: 0ms -->
    <step title="LockFile &apos;C:\home\site\locks\deployments.lock&apos; acquired" date="2025-04-03T15:55:58.257" /><!-- duration: 0ms -->
    <step title="Saving request content to C:\local\Temp\zipdeploy\gxdq4tft.zip" date="2025-04-03T15:55:58.272" >
      <step title="Writing 21,557,248 bytes to C:\local\Temp\zipdeploy\gxdq4tft.zip" date="2025-04-03T15:56:28.447" /><!-- duration: 14ms -->
      <step title="Total 29,281,980 bytes written to C:\local\Temp\zipdeploy\gxdq4tft.zip" date="2025-04-03T15:56:51.688" /><!-- duration: 16ms -->
    </step><!-- duration: 53431ms -->
    <step title="LockFile &apos;C:\home\site\locks\deployments.lock&apos; released" date="2025-04-03T15:56:51.719" /><!-- duration: 0ms -->
    <step title="Deleting shutdown sentinel file" date="2025-04-03T15:56:51.719" SemaphoreCount="8" /><!-- duration: 16ms -->
    <step title="Starting FetchDeploy" date="2025-04-03T15:56:51.750" /><!-- duration: 0ms -->
    <step title="Attempting to fetch target branch HEAD" date="2025-04-03T15:56:51.770" /><!-- duration: 11ms -->
    <step title="Updating shutdown sentinel last write time" date="2025-04-03T15:56:51.797" SemaphoreCount="7" /><!-- duration: 16ms -->
    <step title="LockFile &apos;C:\home\site\locks\deployments.lock&apos; acquired" date="2025-04-03T15:56:51.813" /><!-- duration: 0ms -->
    <step title="Performing fetch based deployment" date="2025-04-03T15:56:51.844" >
      <step title="Creating temporary deployment" date="2025-04-03T15:56:51.844" /><!-- duration: 47ms -->
      <step title="Fetching changes." date="2025-04-03T15:56:52.078" /><!-- duration: 16ms -->
      <step title="Starting LocalZipHandler" date="2025-04-03T15:56:52.110" /><!-- duration: 0ms -->
      <step title="Starting LocalZipFetch" date="2025-04-03T15:56:52.127" /><!-- duration: 0ms -->
      <step title="Cleaning up temp folders from previous zip deployments and extracting pushed zip file C:\local\Temp\zipdeploy\gxdq4tft.zip (27.93 MB) to C:\local\Temp\zipdeploy\extracted" date="2025-04-03T15:56:52.146" /><!-- duration: 0ms -->
      <step title="Cleaning up temp folders from previous zip deployments and extracting pushed zip file C:\local\Temp\zipdeploy\gxdq4tft.zip (27.93 MB) to C:\local\Temp\zipdeploy\extracted" date="2025-04-03T15:56:52.157" >
        <step title="Extracting 439 entries to C:\local\Temp\zipdeploy\extracted directory" date="2025-04-03T15:56:52.203" >
          <step title="Extracting to C:\local\Temp\zipdeploy\extracted\Infrastructure.dll ..." date="2025-04-03T15:56:52.203" /><!-- duration: 18ms -->
          <step title="Extracting to C:\local\Temp\zipdeploy\extracted\Azure.Storage.Common.dll ..." date="2025-04-03T15:56:52.221" /><!-- duration: 60ms -->
          <step title="Extracting to C:\local\Temp\zipdeploy\extracted\zh-Hans\Microsoft.CodeAnalysis.resources.dll ..." date="2025-04-03T15:56:52.297" /><!-- duration: 0ms -->
          <step title="Extracting to C:\local\Temp\zipdeploy\extracted\zh-Hans\Microsoft.CodeAnalysis.CSharp.Workspaces.resources.dll ..." date="2025-04-03T15:56:52.313" /><!-- duration: 0ms -->
          <step title="Extracting to C:\local\Temp\zipdeploy\extracted\zh-Hans\Microsoft.CodeAnalysis.CSharp.resources.dll ..." date="2025-04-03T15:56:52.330" /><!-- duration: 14ms -->
          <step title="Omitting extracting file traces ..." date="2025-04-03T15:56:52.360" /><!-- duration: 0ms -->
        </step><!-- duration: 5484ms -->
      </step><!-- duration: 5531ms -->
      <step title="None repository commit" date="2025-04-03T15:56:57.704" >
        <step title="Commit id: 2afa625be73641b497df65219d57204b" date="2025-04-03T15:56:57.704" Message="OneDeploy" AuthorName="N/A" AuthorEmail="N/A" /><!-- duration: 15ms -->
      </step><!-- duration: 15ms -->
      <step title="Before sending BuildRequestReceived status to /api/updatedeploystatus" date="2025-04-03T15:56:57.719" /><!-- duration: 0ms -->
      <step title="DeploymentManager.Deploy(id:2afa625be73641b497df65219d57204b)" date="2025-04-03T15:56:57.750" >
        <step title="Collecting changeset information" date="2025-04-03T15:56:57.766" /><!-- duration: 47ms -->
        <step title="Updating submodules" date="2025-04-03T15:56:57.846" >
          <step title="Updating submodules." date="2025-04-03T15:56:57.875" /><!-- duration: 20ms -->
        </step><!-- duration: 60ms -->
        <step title="Preparing deployment for commit id &apos;2afa625be7&apos;." date="2025-04-03T15:56:57.969" /><!-- duration: 0ms -->
        <step title="Determining deployment builder" date="2025-04-03T15:56:58.032" >
          <step title="Builder is OneDeployBuilder" date="2025-04-03T15:56:58.050" /><!-- duration: 0ms -->
        </step><!-- duration: 18ms -->
        <step title="Copying SSH keys" date="2025-04-03T15:56:58.098" /><!-- duration: 29ms -->
        <step title="Building" date="2025-04-03T15:56:58.128" >
          <step title="Running build. Project type: OneDeploy" date="2025-04-03T15:56:58.157" /><!-- duration: 16ms -->
          <step title="Copying the manifest" date="2025-04-03T15:56:58.254" /><!-- duration: 0ms -->
          <step title="Clean deploying to C:\home\site\wwwroot" date="2025-04-03T15:56:58.397" /><!-- duration: 16ms -->
          <step title="Generating deployment script." date="2025-04-03T15:56:58.490" /><!-- duration: 0ms -->
          <step title="Generating deployment script" date="2025-04-03T15:56:58.506" >
            <step title="Using cached version of the deployment script for command: -y --no-dot-deployment -r &quot;C:\local\Temp\zipdeploy\extracted&quot; -o &quot;C:\home\site\deployments\tools&quot; --basic --sitePath &quot;C:\local\Temp\zipdeploy\extracted&quot;" date="2025-04-03T15:56:58.601" /><!-- duration: 14ms -->
            <step title="Using cached version of deployment script (command: &apos;azure -y --no-dot-deployment -r &quot;C:\local\Temp\zipdeploy\extracted&quot; -o &quot;C:\home\site\deployments\tools&quot; --basic --sitePath &quot;C:\local\Temp\zipdeploy\extracted&quot;&apos;)." date="2025-04-03T15:56:58.615" /><!-- duration: 16ms -->
          </step><!-- duration: 141ms -->
          <step title="Running deployment command..." date="2025-04-03T15:56:58.694" /><!-- duration: 0ms -->
          <step title="Command: &quot;C:\home\site\deployments\tools\deploy.cmd&quot;" date="2025-04-03T15:56:58.709" /><!-- duration: 0ms -->
          <step title="Executing external process" date="2025-04-03T15:56:58.776" type="process" path="starter.cmd" arguments="&quot;C:\home\site\deployments\tools\deploy.cmd&quot;" >
            <step title="Handling Basic Web Site deployment." date="2025-04-03T15:56:59.444" /><!-- duration: 0ms -->
            <step title="Creating app_offline.htm" date="2025-04-03T15:57:06.233" /><!-- duration: 16ms -->
            <step title="KuduSync.NET from: &apos;C:\local\Temp\zipdeploy\extracted&apos; to: &apos;C:\home\site\wwwroot&apos;" date="2025-04-03T15:57:06.265" /><!-- duration: 19ms -->
            <step title="Deleting file: &apos;Logs\log20250403.txt&apos;" date="2025-04-03T15:57:06.295" /><!-- duration: 0ms -->
            <step title="Deleting directory: &apos;Logs&apos;" date="2025-04-03T15:57:06.313" /><!-- duration: 14ms -->
            <step title="Deleting file: &apos;app.db&apos;" date="2025-04-03T15:57:06.361" /><!-- duration: 13ms -->
            <step title="Copying file: &apos;Application.dll&apos;" date="2025-04-03T15:57:06.389" /><!-- duration: 18ms -->
            <step title="Copying file: &apos;Application.pdb&apos;" date="2025-04-03T15:57:06.420" /><!-- duration: 0ms -->
            <step title="Copying file: &apos;Domain.dll&apos;" date="2025-04-03T15:57:06.453" /><!-- duration: 18ms -->
            <step title="Copying file: &apos;Domain.pdb&apos;" date="2025-04-03T15:57:06.483" /><!-- duration: 0ms -->
            <step title="Copying file: &apos;Infrastructure.dll&apos;" date="2025-04-03T15:57:06.499" /><!-- duration: 19ms -->
            <step title="Copying file: &apos;Infrastructure.pdb&apos;" date="2025-04-03T15:57:06.530" /><!-- duration: 0ms -->
            <step title="Copying file: &apos;publish\appsettings.json&apos;" date="2025-04-03T15:57:06.548" /><!-- duration: 0ms -->
            <step title="Copying file: &apos;publish\WebApp.deps.json&apos;" date="2025-04-03T15:57:06.639" /><!-- duration: 0ms -->
            <step title="Copying file: &apos;publish\WebApp.runtimeconfig.json&apos;" date="2025-04-03T15:57:06.656" /><!-- duration: 0ms -->
            <step title="Copying file: &apos;publish\publish\WebApp.deps.json&apos;" date="2025-04-03T15:57:06.670" /><!-- duration: 0ms -->
            <step title="Copying file: &apos;publish\publish\publish\appsettings.Development.json&apos;" date="2025-04-03T15:57:06.686" /><!-- duration: 0ms -->
            <step title="Copying file: &apos;publish\publish\publish\appsettings.json&apos;" date="2025-04-03T15:57:06.705" /><!-- duration: 0ms -->
            <step title="Copying file: &apos;publish\publish\publish\WebApp.deps.json&apos;" date="2025-04-03T15:57:06.717" /><!-- duration: 0ms -->
            <step title="Copying file: &apos;publish\publish\publish\WebApp.runtimeconfig.json&apos;" date="2025-04-03T15:57:06.734" /><!-- duration: 0ms -->
            <step title="Copying file: &apos;publish\publish\publish\web.config&apos;" date="2025-04-03T15:57:06.748" /><!-- duration: 0ms -->
            <step title="Deleting app_offline.htm" date="2025-04-03T15:57:06.764" /><!-- duration: 0ms -->
            <step title="Finished successfully." date="2025-04-03T15:57:06.795" /><!-- duration: 0ms -->
          </step><!-- duration: 8035ms -->
          <step title="Build completed succesfully." date="2025-04-03T15:57:06.858" /><!-- duration: 0ms -->
          <step title="Running post deployment command(s)..." date="2025-04-03T15:57:06.936" /><!-- duration: 0ms -->
          <step title="Requesting site restart" date="2025-04-03T15:57:07.061" /><!-- duration: 0ms -->
          <step title="Requesting site restart" date="2025-04-03T15:57:07.111" /><!-- duration: 0ms -->
          <step title="Requesting site restart. Attempt #1" date="2025-04-03T15:57:07.170" /><!-- duration: 0ms -->
          <step title="Requesting site restart. Attempt #1" date="2025-04-03T15:57:07.186" /><!-- duration: 0ms -->
          <step title="Successfully requested a restart. Attempt #1" date="2025-04-03T15:57:07.795" /><!-- duration: 17ms -->
          <step title="Successfully requested a restart. Attempt #1" date="2025-04-03T15:57:07.843" /><!-- duration: 0ms -->
          <step title="Deployment successful. DEPLOYMENTINFO: deploymentPath = OneDeploy, deployer = OneDeploy, os = windows, sku = Basic, siteName = iTrackerApp, siteHostName = itrackerapp.azurewebsites.net, deploymentStatus = Success" date="2025-04-03T15:57:07.920" /><!-- duration: 19ms -->
          <step title="Purge deployment items" date="2025-04-03T15:57:08.313" >
            <step title="Remove 61dec9075, Success, received at 4/3/2025 8:07:25 AM" date="2025-04-03T15:57:08.452" /><!-- duration: 16ms -->
          </step><!-- duration: 154ms -->
        </step><!-- duration: 10371ms -->
      </step><!-- duration: 10764ms -->
      <step title="Cleaning up temp files" date="2025-04-03T15:57:08.514" /><!-- duration: 19ms -->
      <step title="Skip function trigger and logicapp sync because function is not enabled." date="2025-04-03T15:57:08.545" /><!-- duration: 35ms -->
    </step><!-- duration: 16779ms -->
    <step title="LockFile &apos;C:\home\site\locks\deployments.lock&apos; released" date="2025-04-03T15:57:08.639" /><!-- duration: 0ms -->
    <step title="Deleting shutdown sentinel file" date="2025-04-03T15:57:08.659" SemaphoreCount="8" /><!-- duration: 0ms -->
  </step><!-- duration: 70741ms -->
  <step title="Outgoing response" date="2025-04-03T15:57:08.780" type="response" statusCode="200" statusText="OK" Server="Microsoft-IIS/10.0" x-ms-request-id="1974b8e0-10a4-11f0-81da-56d77f9ecf73" Cache-Control="private" X-AspNet-Version="4.0.30319" /><!-- duration: 16ms -->
</step><!-- duration: 71664ms -->
