<step title="Incoming Request" date="2025-04-07T07:36:01.654" instance="e8ad92" url="/api/publish?type=zip" method="POST" type="request" pid="4352,2,18" Cache-Control="no-cache" Content-Length="29752071" Content-Type="application/octet-stream" Accept="*/*" Accept-Encoding="gzip, deflate" Authorization="Bas..." Host="itrackerapp.scm.azurewebsites.net" User-Agent="AZURECLI/2.70.0 (HOMEBREW)" x-ms-client-request-id="ee91b4e8-1382-11f0-b40a-56d77f9ecf73" X-ARR-LOG-ID="ee91b4e8-1382-11f0-b40a-56d77f9ecf73" CLIENT-IP="58.84.61.149:14098" X-SITE-DEPLOYMENT-ID="iTrackerApp" WAS-DEFAULT-HOSTNAME="itrackerapp.scm.azurewebsites.net" X-Forwarded-Proto="https" X-AppService-Proto="https" X-Forwarded-TlsVersion="1.3" X-WAWS-Unencoded-URL="/api/publish?type=zip" >
  <step title="Cleanup Xml Logs" date="2025-04-07T07:36:01.654" /><!-- duration: 0ms -->
  <step title="OneDeploy" date="2025-04-07T07:36:02.018" >
    <step title="Starting PushDeployAsync" date="2025-04-07T07:36:02.033" /><!-- duration: 0ms -->
    <step title="Updating shutdown sentinel last write time" date="2025-04-07T07:36:02.064" SemaphoreCount="7" /><!-- duration: 0ms -->
    <step title="LockFile &apos;C:\home\site\locks\deployments.lock&apos; acquired" date="2025-04-07T07:36:02.143" /><!-- duration: 0ms -->
    <step title="Saving request content to C:\local\Temp\zipdeploy\wxqfods1.zip" date="2025-04-07T07:36:02.143" >
      <step title="Total 29,752,071 bytes written to C:\local\Temp\zipdeploy\wxqfods1.zip" date="2025-04-07T07:36:08.912" /><!-- duration: 0ms -->
    </step><!-- duration: 6784ms -->
    <step title="LockFile &apos;C:\home\site\locks\deployments.lock&apos; released" date="2025-04-07T07:36:08.927" /><!-- duration: 0ms -->
    <step title="Deleting shutdown sentinel file" date="2025-04-07T07:36:08.927" SemaphoreCount="8" /><!-- duration: 0ms -->
    <step title="Starting FetchDeploy" date="2025-04-07T07:36:08.943" /><!-- duration: 0ms -->
    <step title="Attempting to fetch target branch HEAD" date="2025-04-07T07:36:08.943" /><!-- duration: 0ms -->
    <step title="Updating shutdown sentinel last write time" date="2025-04-07T07:36:08.959" SemaphoreCount="7" /><!-- duration: 0ms -->
    <step title="LockFile &apos;C:\home\site\locks\deployments.lock&apos; acquired" date="2025-04-07T07:36:08.974" /><!-- duration: 0ms -->
    <step title="Performing fetch based deployment" date="2025-04-07T07:36:08.990" >
      <step title="Creating temporary deployment" date="2025-04-07T07:36:08.990" /><!-- duration: 31ms -->
      <step title="Fetching changes." date="2025-04-07T07:36:09.084" /><!-- duration: 0ms -->
      <step title="Starting LocalZipHandler" date="2025-04-07T07:36:09.099" /><!-- duration: 0ms -->
      <step title="Starting LocalZipFetch" date="2025-04-07T07:36:09.116" /><!-- duration: 0ms -->
      <step title="Cleaning up temp folders from previous zip deployments and extracting pushed zip file C:\local\Temp\zipdeploy\wxqfods1.zip (28.37 MB) to C:\local\Temp\zipdeploy\extracted" date="2025-04-07T07:36:09.132" /><!-- duration: 0ms -->
      <step title="Cleaning up temp folders from previous zip deployments and extracting pushed zip file C:\local\Temp\zipdeploy\wxqfods1.zip (28.37 MB) to C:\local\Temp\zipdeploy\extracted" date="2025-04-07T07:36:09.132" >
        <step title="Renaming extractTargetDirectory(C:\local\Temp\zipdeploy\extracted) to tempDirectory(C:\local\Temp\zipdeploy\r4fcwqe4.2ck)" date="2025-04-07T07:36:09.162" /><!-- duration: 0ms -->
        <step title="Extracting 511 entries to C:\local\Temp\zipdeploy\extracted directory" date="2025-04-07T07:36:09.384" >
          <step title="Extracting to C:\local\Temp\zipdeploy\extracted\Infrastructure.dll ..." date="2025-04-07T07:36:09.396" /><!-- duration: 17ms -->
          <step title="Extracting to C:\local\Temp\zipdeploy\extracted\Azure.Storage.Common.dll ..." date="2025-04-07T07:36:09.413" /><!-- duration: 30ms -->
          <step title="Extracting to C:\local\Temp\zipdeploy\extracted\zh-Hans\Microsoft.CodeAnalysis.resources.dll ..." date="2025-04-07T07:36:09.443" /><!-- duration: 31ms -->
          <step title="Extracting to C:\local\Temp\zipdeploy\extracted\zh-Hans\Microsoft.CodeAnalysis.CSharp.Workspaces.resources.dll ..." date="2025-04-07T07:36:09.474" /><!-- duration: 17ms -->
          <step title="Extracting to C:\local\Temp\zipdeploy\extracted\zh-Hans\Microsoft.CodeAnalysis.CSharp.resources.dll ..." date="2025-04-07T07:36:09.491" /><!-- duration: 19ms -->
          <step title="Omitting extracting file traces ..." date="2025-04-07T07:36:09.521" /><!-- duration: 0ms -->
        </step><!-- duration: 5559ms -->
      </step><!-- duration: 5828ms -->
      <step title="None repository commit" date="2025-04-07T07:36:14.979" >
        <step title="Commit id: dd2e48df381f46349b9a9bdcba7b938c" date="2025-04-07T07:36:14.990" Message="OneDeploy" AuthorName="N/A" AuthorEmail="N/A" /><!-- duration: 0ms -->
      </step><!-- duration: 11ms -->
      <step title="Before sending BuildRequestReceived status to /api/updatedeploystatus" date="2025-04-07T07:36:14.990" /><!-- duration: 0ms -->
      <step title="DeploymentManager.Deploy(id:dd2e48df381f46349b9a9bdcba7b938c)" date="2025-04-07T07:36:14.990" >
        <step title="Collecting changeset information" date="2025-04-07T07:36:15.006" /><!-- duration: 63ms -->
        <step title="Updating submodules" date="2025-04-07T07:36:15.349" >
          <step title="Updating submodules." date="2025-04-07T07:36:15.443" /><!-- duration: 0ms -->
        </step><!-- duration: 94ms -->
        <step title="Preparing deployment for commit id &apos;dd2e48df38&apos;." date="2025-04-07T07:36:15.506" /><!-- duration: 0ms -->
        <step title="Determining deployment builder" date="2025-04-07T07:36:15.571" >
          <step title="Builder is OneDeployBuilder" date="2025-04-07T07:36:15.571" /><!-- duration: 13ms -->
        </step><!-- duration: 13ms -->
        <step title="Copying SSH keys" date="2025-04-07T07:36:15.599" /><!-- duration: 19ms -->
        <step title="Building" date="2025-04-07T07:36:15.618" >
          <step title="Running build. Project type: OneDeploy" date="2025-04-07T07:36:15.647" /><!-- duration: 0ms -->
          <step title="Copying the manifest" date="2025-04-07T07:36:15.724" /><!-- duration: 16ms -->
          <step title="Clean deploying to C:\home\site\wwwroot" date="2025-04-07T07:36:15.819" /><!-- duration: 1ms -->
          <step title="Generating deployment script." date="2025-04-07T07:36:15.898" /><!-- duration: 0ms -->
          <step title="Generating deployment script" date="2025-04-07T07:36:15.898" >
            <step title="Using cached version of the deployment script for command: -y --no-dot-deployment -r &quot;C:\local\Temp\zipdeploy\extracted&quot; -o &quot;C:\home\site\deployments\tools&quot; --basic --sitePath &quot;C:\local\Temp\zipdeploy\extracted&quot;" date="2025-04-07T07:36:15.929" /><!-- duration: 16ms -->
            <step title="Using cached version of deployment script (command: &apos;azure -y --no-dot-deployment -r &quot;C:\local\Temp\zipdeploy\extracted&quot; -o &quot;C:\home\site\deployments\tools&quot; --basic --sitePath &quot;C:\local\Temp\zipdeploy\extracted&quot;&apos;)." date="2025-04-07T07:36:15.945" /><!-- duration: 15ms -->
          </step><!-- duration: 62ms -->
          <step title="Running deployment command..." date="2025-04-07T07:36:16.007" /><!-- duration: 16ms -->
          <step title="Command: &quot;C:\home\site\deployments\tools\deploy.cmd&quot;" date="2025-04-07T07:36:16.054" /><!-- duration: 0ms -->
          <step title="Executing external process" date="2025-04-07T07:36:16.070" type="process" path="starter.cmd" arguments="&quot;C:\home\site\deployments\tools\deploy.cmd&quot;" >
            <step title="Handling Basic Web Site deployment." date="2025-04-07T07:36:16.620" /><!-- duration: 28ms -->
            <step title="Creating app_offline.htm" date="2025-04-07T07:36:22.883" /><!-- duration: 0ms -->
            <step title="KuduSync.NET from: &apos;C:\local\Temp\zipdeploy\extracted&apos; to: &apos;C:\home\site\wwwroot&apos;" date="2025-04-07T07:36:22.912" /><!-- duration: 17ms -->
            <step title="Deleting file: &apos;Logs\log20250407.txt&apos;" date="2025-04-07T07:36:22.930" /><!-- duration: 19ms -->
            <step title="Deleting directory: &apos;Logs&apos;" date="2025-04-07T07:36:22.959" /><!-- duration: 19ms -->
            <step title="Deleting file: &apos;app.db&apos;" date="2025-04-07T07:36:22.990" /><!-- duration: 16ms -->
            <step title="Deleting file: &apos;app.db-shm&apos;" date="2025-04-07T07:36:23.026" /><!-- duration: 0ms -->
            <step title="Deleting file: &apos;app.db-wal&apos;" date="2025-04-07T07:36:23.037" /><!-- duration: 0ms -->
            <step title="Copying file: &apos;Application.dll&apos;" date="2025-04-07T07:36:23.053" /><!-- duration: 0ms -->
            <step title="Copying file: &apos;Application.pdb&apos;" date="2025-04-07T07:36:23.074" /><!-- duration: 10ms -->
            <step title="Copying file: &apos;Domain.dll&apos;" date="2025-04-07T07:36:23.084" /><!-- duration: 16ms -->
            <step title="Copying file: &apos;Domain.pdb&apos;" date="2025-04-07T07:36:23.100" /><!-- duration: 0ms -->
            <step title="Copying file: &apos;Infrastructure.dll&apos;" date="2025-04-07T07:36:23.115" /><!-- duration: 0ms -->
            <step title="Copying file: &apos;Infrastructure.pdb&apos;" date="2025-04-07T07:36:23.134" /><!-- duration: 0ms -->
            <step title="Copying file: &apos;WebApp&apos;" date="2025-04-07T07:36:23.147" /><!-- duration: 0ms -->
            <step title="Copying file: &apos;WebApp.dll&apos;" date="2025-04-07T07:36:23.147" /><!-- duration: 0ms -->
            <step title="Copying file: &apos;WebApp.pdb&apos;" date="2025-04-07T07:36:23.162" /><!-- duration: 0ms -->
            <step title="Copying file: &apos;App_Data\settings.json&apos;" date="2025-04-07T07:36:23.162" /><!-- duration: 16ms -->
            <step title="Deleting app_offline.htm" date="2025-04-07T07:36:23.178" /><!-- duration: 0ms -->
            <step title="Finished successfully." date="2025-04-07T07:36:23.194" /><!-- duration: 16ms -->
          </step><!-- duration: 7139ms -->
          <step title="Build completed succesfully." date="2025-04-07T07:36:23.243" /><!-- duration: 13ms -->
          <step title="Running post deployment command(s)..." date="2025-04-07T07:36:23.287" /><!-- duration: 16ms -->
          <step title="Requesting site restart" date="2025-04-07T07:36:23.365" /><!-- duration: 17ms -->
          <step title="Requesting site restart" date="2025-04-07T07:36:23.382" /><!-- duration: 30ms -->
          <step title="Requesting site restart. Attempt #1" date="2025-04-07T07:36:23.475" /><!-- duration: 0ms -->
          <step title="Requesting site restart. Attempt #1" date="2025-04-07T07:36:23.491" /><!-- duration: 0ms -->
          <step title="Successfully requested a restart. Attempt #1" date="2025-04-07T07:36:23.709" /><!-- duration: 0ms -->
          <step title="Successfully requested a restart. Attempt #1" date="2025-04-07T07:36:23.727" /><!-- duration: 0ms -->
          <step title="Deployment successful. DEPLOYMENTINFO: deploymentPath = OneDeploy, deployer = OneDeploy, os = windows, sku = Basic, siteName = iTrackerApp, siteHostName = itrackerapp.azurewebsites.net, deploymentStatus = Success" date="2025-04-07T07:36:23.787" /><!-- duration: 0ms -->
          <step title="Purge deployment items" date="2025-04-07T07:36:23.928" >
            <step title="Remove 38937c525, Success, received at 4/3/2025 4:20:45 PM" date="2025-04-07T07:36:24.026" /><!-- duration: 11ms -->
          </step><!-- duration: 109ms -->
        </step><!-- duration: 8435ms -->
      </step><!-- duration: 9113ms -->
      <step title="Cleaning up temp files" date="2025-04-07T07:36:24.103" /><!-- duration: 12ms -->
      <step title="Skip function trigger and logicapp sync because function is not enabled." date="2025-04-07T07:36:24.131" /><!-- duration: 18ms -->
    </step><!-- duration: 15236ms -->
    <step title="LockFile &apos;C:\home\site\locks\deployments.lock&apos; released" date="2025-04-07T07:36:24.226" /><!-- duration: 0ms -->
    <step title="Deleting shutdown sentinel file" date="2025-04-07T07:36:24.240" SemaphoreCount="8" /><!-- duration: 0ms -->
  </step><!-- duration: 22223ms -->
  <step title="Outgoing response" date="2025-04-07T07:36:24.240" type="response" statusCode="200" statusText="OK" Server="Microsoft-IIS/10.0" x-ms-request-id="ee91b4e8-1382-11f0-b40a-56d77f9ecf73" Cache-Control="private" X-AspNet-Version="4.0.30319" /><!-- duration: 0ms -->
</step><!-- duration: 22602ms -->
