<step title="Incoming Request" date="2025-04-07T14:30:01.005" instance="e8ad92" url="/api/publish?type=zip" method="POST" type="request" pid="6860,2,17" Cache-Control="no-cache" Content-Length="32688657" Content-Type="application/octet-stream" Accept="*/*" Accept-Encoding="gzip, deflate" Authorization="Bas..." Host="itrackerapp.scm.azurewebsites.net" User-Agent="AZURECLI/2.70.0 (HOMEBREW)" x-ms-client-request-id="c5b1501c-13bc-11f0-a791-56d77f9ecf73" X-ARR-LOG-ID="c5b1501c-13bc-11f0-a791-56d77f9ecf73" CLIENT-IP="103.93.198.139:64325" X-SITE-DEPLOYMENT-ID="iTrackerApp" WAS-DEFAULT-HOSTNAME="itrackerapp.scm.azurewebsites.net" X-Forwarded-Proto="https" X-AppService-Proto="https" X-Forwarded-TlsVersion="1.3" X-WAWS-Unencoded-URL="/api/publish?type=zip" >
  <step title="Cleanup Xml Logs" date="2025-04-07T14:30:01.024" /><!-- duration: 12ms -->
  <step title="OneDeploy" date="2025-04-07T14:30:02.071" >
    <step title="Starting PushDeployAsync" date="2025-04-07T14:30:02.137" /><!-- duration: 10ms -->
    <step title="Updating shutdown sentinel last write time" date="2025-04-07T14:30:02.195" SemaphoreCount="7" /><!-- duration: 19ms -->
    <step title="LockFile &apos;C:\home\site\locks\deployments.lock&apos; acquired" date="2025-04-07T14:30:02.226" /><!-- duration: 0ms -->
    <step title="Saving request content to C:\local\Temp\zipdeploy\3cxv4d20.zip" date="2025-04-07T14:30:02.257" >
      <step title="Total 32,688,657 bytes written to C:\local\Temp\zipdeploy\3cxv4d20.zip" date="2025-04-07T14:30:08.289" /><!-- duration: 19ms -->
    </step><!-- duration: 6051ms -->
    <step title="LockFile &apos;C:\home\site\locks\deployments.lock&apos; released" date="2025-04-07T14:30:08.320" /><!-- duration: 16ms -->
    <step title="Deleting shutdown sentinel file" date="2025-04-07T14:30:08.335" SemaphoreCount="8" /><!-- duration: 16ms -->
    <step title="Starting FetchDeploy" date="2025-04-07T14:30:08.385" /><!-- duration: 60ms -->
    <step title="Attempting to fetch target branch HEAD" date="2025-04-07T14:30:08.461" /><!-- duration: 0ms -->
    <step title="Updating shutdown sentinel last write time" date="2025-04-07T14:30:08.509" SemaphoreCount="7" /><!-- duration: 0ms -->
    <step title="LockFile &apos;C:\home\site\locks\deployments.lock&apos; acquired" date="2025-04-07T14:30:08.509" /><!-- duration: 48ms -->
    <step title="Performing fetch based deployment" date="2025-04-07T14:30:08.605" >
      <step title="Creating temporary deployment" date="2025-04-07T14:30:08.616" /><!-- duration: 128ms -->
      <step title="Fetching changes." date="2025-04-07T14:30:09.007" /><!-- duration: 19ms -->
      <step title="Starting LocalZipHandler" date="2025-04-07T14:30:09.085" /><!-- duration: 0ms -->
      <step title="Starting LocalZipFetch" date="2025-04-07T14:30:09.103" /><!-- duration: 0ms -->
      <step title="Cleaning up temp folders from previous zip deployments and extracting pushed zip file C:\local\Temp\zipdeploy\3cxv4d20.zip (31.17 MB) to C:\local\Temp\zipdeploy\extracted" date="2025-04-07T14:30:09.132" /><!-- duration: 0ms -->
      <step title="Cleaning up temp folders from previous zip deployments and extracting pushed zip file C:\local\Temp\zipdeploy\3cxv4d20.zip (31.17 MB) to C:\local\Temp\zipdeploy\extracted" date="2025-04-07T14:30:09.152" >
        <step title="Extracting 639 entries to C:\local\Temp\zipdeploy\extracted directory" date="2025-04-07T14:30:09.213" >
          <step title="Extracting to C:\local\Temp\zipdeploy\extracted\Infrastructure.dll ..." date="2025-04-07T14:30:09.226" /><!-- duration: 16ms -->
          <step title="Extracting to C:\local\Temp\zipdeploy\extracted\Azure.Storage.Common.dll ..." date="2025-04-07T14:30:09.261" /><!-- duration: 12ms -->
          <step title="Extracting to C:\local\Temp\zipdeploy\extracted\zh-Hans\Microsoft.CodeAnalysis.resources.dll ..." date="2025-04-07T14:30:09.309" /><!-- duration: 11ms -->
          <step title="Extracting to C:\local\Temp\zipdeploy\extracted\zh-Hans\Microsoft.CodeAnalysis.CSharp.Workspaces.resources.dll ..." date="2025-04-07T14:30:09.320" /><!-- duration: 18ms -->
          <step title="Extracting to C:\local\Temp\zipdeploy\extracted\zh-Hans\Microsoft.CodeAnalysis.CSharp.resources.dll ..." date="2025-04-07T14:30:09.338" /><!-- duration: 29ms -->
          <step title="Omitting extracting file traces ..." date="2025-04-07T14:30:09.384" /><!-- duration: 18ms -->
        </step><!-- duration: 6028ms -->
      </step><!-- duration: 6089ms -->
      <step title="None repository commit" date="2025-04-07T14:30:15.259" >
        <step title="Commit id: ba471e65c3e7481d8b2311571757b598" date="2025-04-07T14:30:15.259" Message="OneDeploy" AuthorName="N/A" AuthorEmail="N/A" /><!-- duration: 13ms -->
      </step><!-- duration: 13ms -->
      <step title="Before sending BuildRequestReceived status to /api/updatedeploystatus" date="2025-04-07T14:30:15.288" /><!-- duration: 0ms -->
      <step title="DeploymentManager.Deploy(id:ba471e65c3e7481d8b2311571757b598)" date="2025-04-07T14:30:15.308" >
        <step title="Collecting changeset information" date="2025-04-07T14:30:15.320" /><!-- duration: 78ms -->
        <step title="Updating submodules" date="2025-04-07T14:30:15.414" >
          <step title="Updating submodules." date="2025-04-07T14:30:15.476" /><!-- duration: 18ms -->
        </step><!-- duration: 93ms -->
        <step title="Preparing deployment for commit id &apos;ba471e65c3&apos;." date="2025-04-07T14:30:15.680" /><!-- duration: 14ms -->
        <step title="Determining deployment builder" date="2025-04-07T14:30:15.807" >
          <step title="Builder is OneDeployBuilder" date="2025-04-07T14:30:15.820" /><!-- duration: 17ms -->
        </step><!-- duration: 30ms -->
        <step title="Copying SSH keys" date="2025-04-07T14:30:15.882" /><!-- duration: 35ms -->
        <step title="Building" date="2025-04-07T14:30:15.917" >
          <step title="Running build. Project type: OneDeploy" date="2025-04-07T14:30:15.994" /><!-- duration: 0ms -->
          <step title="Copying the manifest" date="2025-04-07T14:30:16.119" /><!-- duration: 0ms -->
          <step title="Clean deploying to C:\home\site\wwwroot" date="2025-04-07T14:30:16.210" /><!-- duration: 16ms -->
          <step title="Generating deployment script." date="2025-04-07T14:30:16.304" /><!-- duration: 0ms -->
          <step title="Generating deployment script" date="2025-04-07T14:30:16.321" >
            <step title="Using cached version of the deployment script for command: -y --no-dot-deployment -r &quot;C:\local\Temp\zipdeploy\extracted&quot; -o &quot;C:\home\site\deployments\tools&quot; --basic --sitePath &quot;C:\local\Temp\zipdeploy\extracted&quot;" date="2025-04-07T14:30:16.398" /><!-- duration: 18ms -->
            <step title="Using cached version of deployment script (command: &apos;azure -y --no-dot-deployment -r &quot;C:\local\Temp\zipdeploy\extracted&quot; -o &quot;C:\home\site\deployments\tools&quot; --basic --sitePath &quot;C:\local\Temp\zipdeploy\extracted&quot;&apos;)." date="2025-04-07T14:30:16.445" /><!-- duration: 16ms -->
          </step><!-- duration: 139ms -->
          <step title="Running deployment command..." date="2025-04-07T14:30:16.507" /><!-- duration: 16ms -->
          <step title="Command: &quot;C:\home\site\deployments\tools\deploy.cmd&quot;" date="2025-04-07T14:30:16.539" /><!-- duration: 0ms -->
          <step title="Executing external process" date="2025-04-07T14:30:16.588" type="process" path="starter.cmd" arguments="&quot;C:\home\site\deployments\tools\deploy.cmd&quot;" >
            <step title="Handling Basic Web Site deployment." date="2025-04-07T14:30:19.773" /><!-- duration: 0ms -->
            <step title="Creating app_offline.htm" date="2025-04-07T14:30:21.530" >
            <step title="Error: Failed to change file that is currently being used &quot;C:\home\site\wwwroot\Logs\log20250407.txt&quot;" date="2025-04-07T14:30:21.546" /><!-- duration: 0ms -->
/><!-- duration: 16ms -->
            <step title="KuduSync.NET from: &apos;C:\local\Temp\zipdeploy\extracted&apos; to: &apos;C:\home\site\wwwroot&apos;" date="2025-04-07T14:30:21.581" /><!-- duration: 0ms -->
            <step title="Deleting file: &apos;Logs\log20250407.txt&apos;" date="2025-04-07T14:30:21.593" /><!-- duration: 16ms -->
            <step title="Failed exitCode=1, command=&quot;kudusync&quot; -v 50 -x -f &quot;C:\local\Temp\zipdeploy\extracted&quot; -t &quot;C:\home\site\wwwroot&quot; -n &quot;C:\local\Temp\tmp787D.tmp&quot; -p &quot;C:\local\Temp\tmp787D.tmp&quot; -i &quot;.git;.hg;.deployment;deploy.cmd&quot;" date="2025-04-07T14:30:21.627" /><!-- duration: 0ms -->
            <step title="An error has occurred during web site deployment." date="2025-04-07T14:30:21.656" /><!-- duration: 0ms -->
            <step title="Process dump" date="2025-04-07T14:30:21.675" exitCode="255" type="processOutput" /><!-- duration: 12ms -->
          </step><!-- duration: 5099ms -->
          <step title="Error: Failed to change file that is currently being used &quot;C:\home\site\wwwroot\Logs\log20250407.txt&quot;
C:\Program Files (x86)\SiteExtensions\Kudu\103.110221.001\bin\Scripts\starter.cmd &quot;C:\home\site\deployments\tools\deploy.cmd&quot; DEPLOYMENTINFO: deploymentPath = OneDeploy, deployer = OneDeploy, os = windows, sku = Basic, siteName = iTrackerApp, siteHostName = itrackerapp.azurewebsites.net, deploymentStatus = Error" date="2025-04-07T14:30:21.687" /><!-- duration: 0ms -->
          <step title="Error occurred" date="2025-04-07T14:30:21.702" type="error" text="Error: Failed to change file that is currently being used &quot;C:\home\site\wwwroot\Logs\log20250407.txt&quot;
C:\Program Files (x86)\SiteExtensions\Kudu\103.110221.001\bin\Scripts\starter.cmd &quot;C:\home\site\deployments\tools\deploy.cmd&quot;" stackTrace="   at Kudu.Core.Infrastructure.Executable.ExecuteInternal(ITracer tracer, Func`2 onWriteOutput, Func`2 onWriteError, Encoding encoding, String arguments, Object[] args)
   at Kudu.Core.Infrastructure.Executable.ExecuteWithProgressWriter(ILogger logger, ITracer tracer, String arguments, Object[] args)
   at Kudu.Core.Deployment.Generator.ExternalCommandBuilder.RunCommand(DeploymentContext context, String command, Boolean ignoreManifest, String message)" /><!-- duration: 16ms -->
          <step title="Build completed succesfully." date="2025-04-07T14:30:21.765" /><!-- duration: 0ms -->
          <step title="Running post deployment command(s)..." date="2025-04-07T14:30:21.812" /><!-- duration: 0ms -->
          <step title="Requesting site restart" date="2025-04-07T14:30:21.906" /><!-- duration: 0ms -->
          <step title="Requesting site restart" date="2025-04-07T14:30:21.925" /><!-- duration: 0ms -->
          <step title="Requesting site restart. Attempt #1" date="2025-04-07T14:30:21.999" /><!-- duration: 0ms -->
          <step title="Requesting site restart. Attempt #1" date="2025-04-07T14:30:21.999" /><!-- duration: 16ms -->
          <step title="Successfully requested a restart. Attempt #1" date="2025-04-07T14:30:22.484" /><!-- duration: 0ms -->
          <step title="Successfully requested a restart. Attempt #1" date="2025-04-07T14:30:22.484" /><!-- duration: 0ms -->
          <step title="Deployment successful. DEPLOYMENTINFO: deploymentPath = OneDeploy, deployer = OneDeploy, os = windows, sku = Basic, siteName = iTrackerApp, siteHostName = itrackerapp.azurewebsites.net, deploymentStatus = Success" date="2025-04-07T14:30:22.546" /><!-- duration: 0ms -->
          <step title="Purge deployment items" date="2025-04-07T14:30:22.812" >
            <step title="Remove 8ed2d37c6, Success, received at 4/7/2025 11:21:20 AM" date="2025-04-07T14:30:22.874" /><!-- duration: 0ms -->
          </step><!-- duration: 63ms -->
        </step><!-- duration: 6989ms -->
      </step><!-- duration: 7613ms -->
      <step title="Cleaning up temp files" date="2025-04-07T14:30:22.921" /><!-- duration: 20ms -->
      <step title="Skip function trigger and logicapp sync because function is not enabled." date="2025-04-07T14:30:22.952" /><!-- duration: 18ms -->
    </step><!-- duration: 14410ms -->
    <step title="LockFile &apos;C:\home\site\locks\deployments.lock&apos; released" date="2025-04-07T14:30:23.030" /><!-- duration: 0ms -->
    <step title="Deleting shutdown sentinel file" date="2025-04-07T14:30:23.046" SemaphoreCount="8" /><!-- duration: 0ms -->
  </step><!-- duration: 20975ms -->
  <step title="Outgoing response" date="2025-04-07T14:30:23.093" type="response" statusCode="200" statusText="OK" Server="Microsoft-IIS/10.0" x-ms-request-id="c5b1501c-13bc-11f0-a791-56d77f9ecf73" Cache-Control="private" X-AspNet-Version="4.0.30319" /><!-- duration: 16ms -->
</step><!-- duration: 22120ms -->
