<step title="Incoming Request" date="2025-04-03T09:07:13.212" instance="e8ad92" url="/api/publish?type=zip" method="POST" type="request" pid="7240,2,8" Cache-Control="no-cache" Connection="Keep-Alive" Content-Length="29305618" Content-Type="application/octet-stream" Accept="*/*" Accept-Encoding="gzip, deflate" Authorization="Bas..." Host="itrackerapp.scm.azurewebsites.net" User-Agent="AZURECLI/2.70.0 (HOMEBREW)" x-ms-client-request-id="0108729e-106b-11f0-9c55-56d77f9ecf73" X-ARR-LOG-ID="0108729e-106b-11f0-9c55-56d77f9ecf73" CLIENT-IP="58.84.60.25:15877" X-SITE-DEPLOYMENT-ID="iTrackerApp" WAS-DEFAULT-HOSTNAME="itrackerapp.scm.azurewebsites.net" X-Forwarded-Proto="https" X-AppService-Proto="https" X-Forwarded-TlsVersion="1.3" X-WAWS-Unencoded-URL="/api/publish?type=zip" X-MS-COLDSTART="1" >
  <step title="OneDeploy" date="2025-04-03T09:07:14.185" >
    <step title="Starting PushDeployAsync" date="2025-04-03T09:07:14.275" /><!-- duration: 0ms -->
    <step title="Updating shutdown sentinel last write time" date="2025-04-03T09:07:14.431" SemaphoreCount="7" /><!-- duration: 19ms -->
    <step title="LockFile &apos;C:\home\site\locks\deployments.lock&apos; acquired" date="2025-04-03T09:07:14.450" /><!-- duration: 0ms -->
    <step title="Saving request content to C:\local\Temp\zipdeploy\slw3le5k.zip" date="2025-04-03T09:07:14.462" >
      <step title="Total 29,305,618 bytes written to C:\local\Temp\zipdeploy\slw3le5k.zip" date="2025-04-03T09:07:24.336" /><!-- duration: 0ms -->
    </step><!-- duration: 9874ms -->
    <step title="LockFile &apos;C:\home\site\locks\deployments.lock&apos; released" date="2025-04-03T09:07:24.352" /><!-- duration: 0ms -->
    <step title="Deleting shutdown sentinel file" date="2025-04-03T09:07:24.352" SemaphoreCount="8" /><!-- duration: 16ms -->
    <step title="Starting FetchDeploy" date="2025-04-03T09:07:24.367" /><!-- duration: 0ms -->
    <step title="Attempting to fetch target branch HEAD" date="2025-04-03T09:07:24.385" /><!-- duration: 0ms -->
    <step title="Updating shutdown sentinel last write time" date="2025-04-03T09:07:24.398" SemaphoreCount="7" /><!-- duration: 0ms -->
    <step title="LockFile &apos;C:\home\site\locks\deployments.lock&apos; acquired" date="2025-04-03T09:07:24.398" /><!-- duration: 37ms -->
    <step title="Performing fetch based deployment" date="2025-04-03T09:07:24.445" >
      <step title="Creating temporary deployment" date="2025-04-03T09:07:24.445" /><!-- duration: 47ms -->
      <step title="Fetching changes." date="2025-04-03T09:07:24.636" /><!-- duration: 12ms -->
      <step title="Starting LocalZipHandler" date="2025-04-03T09:07:24.648" /><!-- duration: 0ms -->
      <step title="Starting LocalZipFetch" date="2025-04-03T09:07:24.666" /><!-- duration: 13ms -->
      <step title="Cleaning up temp folders from previous zip deployments and extracting pushed zip file C:\local\Temp\zipdeploy\slw3le5k.zip (27.95 MB) to C:\local\Temp\zipdeploy\extracted" date="2025-04-03T09:07:24.680" /><!-- duration: 0ms -->
      <step title="Cleaning up temp folders from previous zip deployments and extracting pushed zip file C:\local\Temp\zipdeploy\slw3le5k.zip (27.95 MB) to C:\local\Temp\zipdeploy\extracted" date="2025-04-03T09:07:24.680" >
        <step title="Extracting 422 entries to C:\local\Temp\zipdeploy\extracted directory" date="2025-04-03T09:07:24.727" >
          <step title="Extracting to C:\local\Temp\zipdeploy\extracted\publish\Application.Abstractions.dll ..." date="2025-04-03T09:07:24.727" /><!-- duration: 0ms -->
          <step title="Extracting to C:\local\Temp\zipdeploy\extracted\publish\Application.Abstractions.pdb ..." date="2025-04-03T09:07:24.742" /><!-- duration: 0ms -->
          <step title="Extracting to C:\local\Temp\zipdeploy\extracted\publish\Application.Common.dll ..." date="2025-04-03T09:07:24.742" /><!-- duration: 0ms -->
          <step title="Extracting to C:\local\Temp\zipdeploy\extracted\publish\Application.Common.pdb ..." date="2025-04-03T09:07:24.758" /><!-- duration: 0ms -->
          <step title="Extracting to C:\local\Temp\zipdeploy\extracted\publish\Application.dll ..." date="2025-04-03T09:07:24.758" /><!-- duration: 19ms -->
          <step title="Omitting extracting file traces ..." date="2025-04-03T09:07:24.777" /><!-- duration: 0ms -->
        </step><!-- duration: 4922ms -->
      </step><!-- duration: 5032ms -->
      <step title="None repository commit" date="2025-04-03T09:07:29.729" >
        <step title="Commit id: da1fdb005f3c4aafb4ab9f5150542152" date="2025-04-03T09:07:29.729" Message="OneDeploy" AuthorName="N/A" AuthorEmail="N/A" /><!-- duration: 14ms -->
      </step><!-- duration: 14ms -->
      <step title="Before sending BuildRequestReceived status to /api/updatedeploystatus" date="2025-04-03T09:07:29.743" /><!-- duration: 0ms -->
      <step title="DeploymentManager.Deploy(id:da1fdb005f3c4aafb4ab9f5150542152)" date="2025-04-03T09:07:29.758" >
        <step title="Collecting changeset information" date="2025-04-03T09:07:29.774" /><!-- duration: 31ms -->
        <step title="Updating submodules" date="2025-04-03T09:07:29.821" >
          <step title="Updating submodules." date="2025-04-03T09:07:29.868" /><!-- duration: 0ms -->
        </step><!-- duration: 47ms -->
        <step title="Preparing deployment for commit id &apos;da1fdb005f&apos;." date="2025-04-03T09:07:29.915" /><!-- duration: 0ms -->
        <step title="Determining deployment builder" date="2025-04-03T09:07:29.946" >
          <step title="Builder is OneDeployBuilder" date="2025-04-03T09:07:29.961" /><!-- duration: 0ms -->
        </step><!-- duration: 16ms -->
        <step title="Copying SSH keys" date="2025-04-03T09:07:29.977" /><!-- duration: 16ms -->
        <step title="Building" date="2025-04-03T09:07:29.993" >
          <step title="Running build. Project type: OneDeploy" date="2025-04-03T09:07:30.055" /><!-- duration: 0ms -->
          <step title="Copying the manifest" date="2025-04-03T09:07:30.118" /><!-- duration: 0ms -->
          <step title="Clean deploying to C:\home\site\wwwroot" date="2025-04-03T09:07:30.165" /><!-- duration: 0ms -->
          <step title="Generating deployment script." date="2025-04-03T09:07:30.196" /><!-- duration: 0ms -->
          <step title="Generating deployment script" date="2025-04-03T09:07:30.212" >
            <step title="Using cached version of the deployment script for command: -y --no-dot-deployment -r &quot;C:\local\Temp\zipdeploy\extracted&quot; -o &quot;C:\home\site\deployments\tools&quot; --basic --sitePath &quot;C:\local\Temp\zipdeploy\extracted&quot;" date="2025-04-03T09:07:30.274" /><!-- duration: 0ms -->
            <step title="Using cached version of deployment script (command: &apos;azure -y --no-dot-deployment -r &quot;C:\local\Temp\zipdeploy\extracted&quot; -o &quot;C:\home\site\deployments\tools&quot; --basic --sitePath &quot;C:\local\Temp\zipdeploy\extracted&quot;&apos;)." date="2025-04-03T09:07:30.290" /><!-- duration: 0ms -->
          </step><!-- duration: 94ms -->
          <step title="Running deployment command..." date="2025-04-03T09:07:30.368" /><!-- duration: 0ms -->
          <step title="Command: &quot;C:\home\site\deployments\tools\deploy.cmd&quot;" date="2025-04-03T09:07:30.383" /><!-- duration: 0ms -->
          <step title="Executing external process" date="2025-04-03T09:07:30.403" type="process" path="starter.cmd" arguments="&quot;C:\home\site\deployments\tools\deploy.cmd&quot;" >
            <step title="Handling Basic Web Site deployment." date="2025-04-03T09:07:30.947" /><!-- duration: 0ms -->
            <step title="Creating app_offline.htm" date="2025-04-03T09:07:31.681" /><!-- duration: 0ms -->
            <step title="KuduSync.NET from: &apos;C:\local\Temp\zipdeploy\extracted&apos; to: &apos;C:\home\site\wwwroot&apos;" date="2025-04-03T09:07:31.712" /><!-- duration: 16ms -->
            <step title="Copying file: &apos;publish\Application.dll&apos;" date="2025-04-03T09:07:31.748" /><!-- duration: 0ms -->
            <step title="Copying file: &apos;publish\Application.pdb&apos;" date="2025-04-03T09:07:31.777" /><!-- duration: 0ms -->
            <step title="Copying file: &apos;publish\appsettings.json&apos;" date="2025-04-03T09:07:31.790" /><!-- duration: 0ms -->
            <step title="Copying file: &apos;publish\Domain.dll&apos;" date="2025-04-03T09:07:31.837" /><!-- duration: 16ms -->
            <step title="Copying file: &apos;publish\Domain.pdb&apos;" date="2025-04-03T09:07:31.853" /><!-- duration: 0ms -->
            <step title="Copying file: &apos;publish\Infrastructure.dll&apos;" date="2025-04-03T09:07:31.868" /><!-- duration: 0ms -->
            <step title="Copying file: &apos;publish\Infrastructure.pdb&apos;" date="2025-04-03T09:07:31.868" /><!-- duration: 16ms -->
            <step title="Copying file: &apos;publish\web.config&apos;" date="2025-04-03T09:07:31.884" /><!-- duration: 0ms -->
            <step title="Deleting app_offline.htm" date="2025-04-03T09:07:31.900" /><!-- duration: 0ms -->
            <step title="Finished successfully." date="2025-04-03T09:07:31.900" /><!-- duration: 16ms -->
          </step><!-- duration: 1512ms -->
          <step title="Build completed succesfully." date="2025-04-03T09:07:31.946" /><!-- duration: 0ms -->
          <step title="Running post deployment command(s)..." date="2025-04-03T09:07:31.978" /><!-- duration: 0ms -->
          <step title="Requesting site restart" date="2025-04-03T09:07:32.040" /><!-- duration: 0ms -->
          <step title="Requesting site restart" date="2025-04-03T09:07:32.056" /><!-- duration: 18ms -->
          <step title="Requesting site restart. Attempt #1" date="2025-04-03T09:07:32.200" /><!-- duration: 0ms -->
          <step title="Requesting site restart. Attempt #1" date="2025-04-03T09:07:32.200" /><!-- duration: 12ms -->
          <step title="Successfully requested a restart. Attempt #1" date="2025-04-03T09:07:32.603" /><!-- duration: 16ms -->
          <step title="Successfully requested a restart. Attempt #1" date="2025-04-03T09:07:32.618" /><!-- duration: 0ms -->
          <step title="Deployment successful. DEPLOYMENTINFO: deploymentPath = OneDeploy, deployer = OneDeploy, os = windows, sku = Basic, siteName = iTrackerApp, siteHostName = itrackerapp.azurewebsites.net, deploymentStatus = Success" date="2025-04-03T09:07:32.650" /><!-- duration: 0ms -->
          <step title="Purge deployment items" date="2025-04-03T09:07:32.822" >
            <step title="Remove 10c8261f0, Success, received at 4/3/2025 6:55:27 AM" date="2025-04-03T09:07:32.900" /><!-- duration: 0ms -->
          </step><!-- duration: 94ms -->
        </step><!-- duration: 2923ms -->
      </step><!-- duration: 3173ms -->
      <step title="Cleaning up temp files" date="2025-04-03T09:07:32.931" /><!-- duration: 0ms -->
      <step title="Skip function trigger and logicapp sync because function is not enabled." date="2025-04-03T09:07:32.947" /><!-- duration: 0ms -->
    </step><!-- duration: 8534ms -->
    <step title="LockFile &apos;C:\home\site\locks\deployments.lock&apos; released" date="2025-04-03T09:07:32.996" /><!-- duration: 0ms -->
    <step title="Deleting shutdown sentinel file" date="2025-04-03T09:07:32.996" SemaphoreCount="8" /><!-- duration: 0ms -->
  </step><!-- duration: 18827ms -->
  <step title="Outgoing response" date="2025-04-03T09:07:33.074" type="response" statusCode="200" statusText="OK" Server="Microsoft-IIS/10.0" x-ms-request-id="0108729e-106b-11f0-9c55-56d77f9ecf73" Cache-Control="private" X-AspNet-Version="4.0.30319" /><!-- duration: 16ms -->
</step><!-- duration: 19897ms -->
