<step title="Incoming Request" date="2025-04-07T09:27:57.121" instance="e8ad92" url="/api/publish?type=zip" method="POST" type="request" pid="5188,2,8" Cache-Control="no-cache" Content-Length="29753900" Content-Type="application/octet-stream" Accept="*/*" Accept-Encoding="gzip, deflate" Authorization="Bas..." Host="itrackerapp.scm.azurewebsites.net" User-Agent="AZURECLI/2.70.0 (HOMEBREW)" x-ms-client-request-id="8f6019fa-1392-11f0-891c-56d77f9ecf73" X-ARR-LOG-ID="8f6019fa-1392-11f0-891c-56d77f9ecf73" CLIENT-IP="58.84.61.149:11823" X-SITE-DEPLOYMENT-ID="iTrackerApp" WAS-DEFAULT-HOSTNAME="itrackerapp.scm.azurewebsites.net" X-Forwarded-Proto="https" X-AppService-Proto="https" X-Forwarded-TlsVersion="1.3" X-WAWS-Unencoded-URL="/api/publish?type=zip" >
  <step title="OneDeploy" date="2025-04-07T09:27:58.027" >
    <step title="Starting PushDeployAsync" date="2025-04-07T09:27:58.134" /><!-- duration: 0ms -->
    <step title="Updating shutdown sentinel last write time" date="2025-04-07T09:27:58.389" SemaphoreCount="7" /><!-- duration: 10ms -->
    <step title="LockFile &apos;C:\home\site\locks\deployments.lock&apos; acquired" date="2025-04-07T09:27:58.400" /><!-- duration: 0ms -->
    <step title="Saving request content to C:\local\Temp\zipdeploy\3d3ybl3h.zip" date="2025-04-07T09:27:58.418" >
      <step title="Total 29,753,900 bytes written to C:\local\Temp\zipdeploy\3d3ybl3h.zip" date="2025-04-07T09:28:03.714" /><!-- duration: 0ms -->
    </step><!-- duration: 5312ms -->
    <step title="LockFile &apos;C:\home\site\locks\deployments.lock&apos; released" date="2025-04-07T09:28:03.748" /><!-- duration: 12ms -->
    <step title="Deleting shutdown sentinel file" date="2025-04-07T09:28:03.776" SemaphoreCount="8" /><!-- duration: 0ms -->
    <step title="Starting FetchDeploy" date="2025-04-07T09:28:03.808" /><!-- duration: 0ms -->
    <step title="Attempting to fetch target branch HEAD" date="2025-04-07T09:28:03.824" /><!-- duration: 19ms -->
    <step title="Updating shutdown sentinel last write time" date="2025-04-07T09:28:03.886" SemaphoreCount="7" /><!-- duration: 16ms -->
    <step title="LockFile &apos;C:\home\site\locks\deployments.lock&apos; acquired" date="2025-04-07T09:28:03.902" /><!-- duration: 0ms -->
    <step title="Performing fetch based deployment" date="2025-04-07T09:28:03.949" >
      <step title="Creating temporary deployment" date="2025-04-07T09:28:03.949" /><!-- duration: 96ms -->
      <step title="Fetching changes." date="2025-04-07T09:28:04.355" /><!-- duration: 0ms -->
      <step title="Starting LocalZipHandler" date="2025-04-07T09:28:04.391" /><!-- duration: 11ms -->
      <step title="Starting LocalZipFetch" date="2025-04-07T09:28:04.433" /><!-- duration: 16ms -->
      <step title="Cleaning up temp folders from previous zip deployments and extracting pushed zip file C:\local\Temp\zipdeploy\3d3ybl3h.zip (28.38 MB) to C:\local\Temp\zipdeploy\extracted" date="2025-04-07T09:28:04.448" /><!-- duration: 19ms -->
      <step title="Cleaning up temp folders from previous zip deployments and extracting pushed zip file C:\local\Temp\zipdeploy\3d3ybl3h.zip (28.38 MB) to C:\local\Temp\zipdeploy\extracted" date="2025-04-07T09:28:04.480" >
        <step title="Renaming extractTargetDirectory(C:\local\Temp\zipdeploy\extracted) to tempDirectory(C:\local\Temp\zipdeploy\tem02241.0gz)" date="2025-04-07T09:28:04.480" /><!-- duration: 16ms -->
        <step title="Extracting 512 entries to C:\local\Temp\zipdeploy\extracted directory" date="2025-04-07T09:28:04.745" >
          <step title="Extracting to C:\local\Temp\zipdeploy\extracted\Infrastructure.dll ..." date="2025-04-07T09:28:05.121" /><!-- duration: 62ms -->
          <step title="Extracting to C:\local\Temp\zipdeploy\extracted\Azure.Storage.Common.dll ..." date="2025-04-07T09:28:05.200" /><!-- duration: 29ms -->
          <step title="Extracting to C:\local\Temp\zipdeploy\extracted\zh-Hans\Microsoft.CodeAnalysis.resources.dll ..." date="2025-04-07T09:28:05.230" /><!-- duration: 18ms -->
          <step title="Extracting to C:\local\Temp\zipdeploy\extracted\zh-Hans\Microsoft.CodeAnalysis.CSharp.Workspaces.resources.dll ..." date="2025-04-07T09:28:05.248" /><!-- duration: 13ms -->
          <step title="Extracting to C:\local\Temp\zipdeploy\extracted\zh-Hans\Microsoft.CodeAnalysis.CSharp.resources.dll ..." date="2025-04-07T09:28:05.277" /><!-- duration: 48ms -->
          <step title="Omitting extracting file traces ..." date="2025-04-07T09:28:05.344" /><!-- duration: 10ms -->
        </step><!-- duration: 5767ms -->
      </step><!-- duration: 6033ms -->
      <step title="None repository commit" date="2025-04-07T09:28:10.527" >
        <step title="Commit id: 8918b520c02244748b97f10d2d12d7d2" date="2025-04-07T09:28:10.527" Message="OneDeploy" AuthorName="N/A" AuthorEmail="N/A" /><!-- duration: 0ms -->
      </step><!-- duration: 16ms -->
      <step title="Before sending BuildRequestReceived status to /api/updatedeploystatus" date="2025-04-07T09:28:10.542" /><!-- duration: 18ms -->
      <step title="DeploymentManager.Deploy(id:8918b520c02244748b97f10d2d12d7d2)" date="2025-04-07T09:28:10.573" >
        <step title="Collecting changeset information" date="2025-04-07T09:28:10.589" /><!-- duration: 63ms -->
        <step title="Updating submodules" date="2025-04-07T09:28:10.667" >
          <step title="Updating submodules." date="2025-04-07T09:28:10.761" /><!-- duration: 0ms -->
        </step><!-- duration: 125ms -->
        <step title="Preparing deployment for commit id &apos;8918b520c0&apos;." date="2025-04-07T09:28:10.886" /><!-- duration: 0ms -->
        <step title="Determining deployment builder" date="2025-04-07T09:28:10.980" >
          <step title="Builder is OneDeployBuilder" date="2025-04-07T09:28:10.999" /><!-- duration: 12ms -->
        </step><!-- duration: 31ms -->
        <step title="Copying SSH keys" date="2025-04-07T09:28:11.058" /><!-- duration: 17ms -->
        <step title="Building" date="2025-04-07T09:28:11.092" >
          <step title="Running build. Project type: OneDeploy" date="2025-04-07T09:28:11.152" /><!-- duration: 0ms -->
          <step title="Copying the manifest" date="2025-04-07T09:28:11.246" /><!-- duration: 31ms -->
          <step title="Clean deploying to C:\home\site\wwwroot" date="2025-04-07T09:28:11.370" /><!-- duration: 19ms -->
          <step title="Generating deployment script." date="2025-04-07T09:28:11.466" /><!-- duration: 0ms -->
          <step title="Generating deployment script" date="2025-04-07T09:28:11.485" >
            <step title="Using cached version of the deployment script for command: -y --no-dot-deployment -r &quot;C:\local\Temp\zipdeploy\extracted&quot; -o &quot;C:\home\site\deployments\tools&quot; --basic --sitePath &quot;C:\local\Temp\zipdeploy\extracted&quot;" date="2025-04-07T09:28:11.589" /><!-- duration: 19ms -->
            <step title="Using cached version of deployment script (command: &apos;azure -y --no-dot-deployment -r &quot;C:\local\Temp\zipdeploy\extracted&quot; -o &quot;C:\home\site\deployments\tools&quot; --basic --sitePath &quot;C:\local\Temp\zipdeploy\extracted&quot;&apos;)." date="2025-04-07T09:28:11.620" /><!-- duration: 17ms -->
          </step><!-- duration: 152ms -->
          <step title="Running deployment command..." date="2025-04-07T09:28:11.715" /><!-- duration: 0ms -->
          <step title="Command: &quot;C:\home\site\deployments\tools\deploy.cmd&quot;" date="2025-04-07T09:28:11.745" /><!-- duration: 18ms -->
          <step title="Executing external process" date="2025-04-07T09:28:11.811" type="process" path="starter.cmd" arguments="&quot;C:\home\site\deployments\tools\deploy.cmd&quot;" >
            <step title="Handling Basic Web Site deployment." date="2025-04-07T09:28:12.495" /><!-- duration: 0ms -->
            <step title="Creating app_offline.htm" date="2025-04-07T09:28:19.527" /><!-- duration: 17ms -->
            <step title="KuduSync.NET from: &apos;C:\local\Temp\zipdeploy\extracted&apos; to: &apos;C:\home\site\wwwroot&apos;" date="2025-04-07T09:28:19.563" /><!-- duration: 0ms -->
            <step title="Deleting file: &apos;Logs\log20250407.txt&apos;" date="2025-04-07T09:28:19.574" /><!-- duration: 18ms -->
            <step title="Deleting directory: &apos;Logs&apos;" date="2025-04-07T09:28:19.620" /><!-- duration: 19ms -->
            <step title="Copying file: &apos;app.db&apos;" date="2025-04-07T09:28:19.668" /><!-- duration: 19ms -->
            <step title="Copying file: &apos;Application.dll&apos;" date="2025-04-07T09:28:19.699" /><!-- duration: 18ms -->
            <step title="Copying file: &apos;Application.pdb&apos;" date="2025-04-07T09:28:19.765" /><!-- duration: 12ms -->
            <step title="Copying file: &apos;Domain.dll&apos;" date="2025-04-07T09:28:19.794" /><!-- duration: 14ms -->
            <step title="Copying file: &apos;Domain.pdb&apos;" date="2025-04-07T09:28:19.808" /><!-- duration: 16ms -->
            <step title="Copying file: &apos;Infrastructure.dll&apos;" date="2025-04-07T09:28:19.855" /><!-- duration: 0ms -->
            <step title="Copying file: &apos;Infrastructure.pdb&apos;" date="2025-04-07T09:28:19.891" /><!-- duration: 11ms -->
            <step title="Copying file: &apos;WebApp&apos;" date="2025-04-07T09:28:19.920" /><!-- duration: 0ms -->
            <step title="Copying file: &apos;WebApp.dll&apos;" date="2025-04-07T09:28:19.968" /><!-- duration: 0ms -->
            <step title="Copying file: &apos;WebApp.pdb&apos;" date="2025-04-07T09:28:19.980" /><!-- duration: 17ms -->
            <step title="Deleting app_offline.htm" date="2025-04-07T09:28:20.027" /><!-- duration: 0ms -->
            <step title="Finished successfully." date="2025-04-07T09:28:20.045" /><!-- duration: 44ms -->
          </step><!-- duration: 8328ms -->
          <step title="Build completed succesfully." date="2025-04-07T09:28:20.230" /><!-- duration: 19ms -->
          <step title="Running post deployment command(s)..." date="2025-04-07T09:28:20.421" /><!-- duration: 0ms -->
          <step title="Requesting site restart" date="2025-04-07T09:28:20.592" /><!-- duration: 13ms -->
          <step title="Requesting site restart" date="2025-04-07T09:28:20.621" /><!-- duration: 19ms -->
          <step title="Requesting site restart. Attempt #1" date="2025-04-07T09:28:20.793" /><!-- duration: 0ms -->
          <step title="Requesting site restart. Attempt #1" date="2025-04-07T09:28:20.841" /><!-- duration: 19ms -->
          <step title="Successfully requested a restart. Attempt #1" date="2025-04-07T09:28:21.606" /><!-- duration: 30ms -->
          <step title="Successfully requested a restart. Attempt #1" date="2025-04-07T09:28:21.654" /><!-- duration: 29ms -->
          <step title="Deployment successful. DEPLOYMENTINFO: deploymentPath = OneDeploy, deployer = OneDeploy, os = windows, sku = Basic, siteName = iTrackerApp, siteHostName = itrackerapp.azurewebsites.net, deploymentStatus = Success" date="2025-04-07T09:28:21.761" /><!-- duration: 0ms -->
          <step title="Purge deployment items" date="2025-04-07T09:28:22.121" >
            <step title="Remove 84f6b6e93, Success, received at 4/3/2025 4:44:51 PM" date="2025-04-07T09:28:22.324" /><!-- duration: 0ms -->
          </step><!-- duration: 219ms -->
        </step><!-- duration: 11278ms -->
      </step><!-- duration: 11815ms -->
      <step title="Cleaning up temp files" date="2025-04-07T09:28:22.388" /><!-- duration: 19ms -->
      <step title="Skip function trigger and logicapp sync because function is not enabled." date="2025-04-07T09:28:22.437" /><!-- duration: 0ms -->
    </step><!-- duration: 18644ms -->
    <step title="LockFile &apos;C:\home\site\locks\deployments.lock&apos; released" date="2025-04-07T09:28:22.621" /><!-- duration: 31ms -->
    <step title="Deleting shutdown sentinel file" date="2025-04-07T09:28:22.669" SemaphoreCount="8" /><!-- duration: 0ms -->
  </step><!-- duration: 24672ms -->
  <step title="Outgoing response" date="2025-04-07T09:28:22.933" type="response" statusCode="200" statusText="OK" Server="Microsoft-IIS/10.0" x-ms-request-id="8f6019fa-1392-11f0-891c-56d77f9ecf73" Cache-Control="private" X-AspNet-Version="4.0.30319" /><!-- duration: 0ms -->
</step><!-- duration: 25831ms -->
