<step title="Incoming Request" date="2025-04-03T17:16:44.420" instance="e8ad92" url="/api/publish?type=zip" method="POST" type="request" pid="8156,2,30" Cache-Control="no-cache" Content-Length="29554617" Content-Type="application/octet-stream" Accept="*/*" Accept-Encoding="gzip, deflate" Authorization="Bas..." Host="itrackerapp.scm.azurewebsites.net" User-Agent="AZURECLI/2.70.0 (HOMEBREW)" x-ms-client-request-id="65deef88-10af-11f0-a519-56d77f9ecf73" X-ARR-LOG-ID="65deef88-10af-11f0-a519-56d77f9ecf73" CLIENT-IP="103.93.198.139:53619" X-SITE-DEPLOYMENT-ID="iTrackerApp" WAS-DEFAULT-HOSTNAME="itrackerapp.scm.azurewebsites.net" X-Forwarded-Proto="https" X-AppService-Proto="https" X-Forwarded-TlsVersion="1.3" X-WAWS-Unencoded-URL="/api/publish?type=zip" >
  <step title="Cleanup Xml Logs" date="2025-04-03T17:16:44.420" /><!-- duration: 0ms -->
  <step title="OneDeploy" date="2025-04-03T17:16:44.752" >
    <step title="Starting PushDeployAsync" date="2025-04-03T17:16:44.768" /><!-- duration: 0ms -->
    <step title="Updating shutdown sentinel last write time" date="2025-04-03T17:16:44.783" SemaphoreCount="7" /><!-- duration: 0ms -->
    <step title="LockFile &apos;C:\home\site\locks\deployments.lock&apos; acquired" date="2025-04-03T17:16:44.801" /><!-- duration: 0ms -->
    <step title="Saving request content to C:\local\Temp\zipdeploy\wfvevoxb.zip" date="2025-04-03T17:16:44.801" >
      <step title="Writing 20,197,376 bytes to C:\local\Temp\zipdeploy\wfvevoxb.zip" date="2025-04-03T17:17:14.832" /><!-- duration: 0ms -->
      <step title="Total 29,554,617 bytes written to C:\local\Temp\zipdeploy\wfvevoxb.zip" date="2025-04-03T17:17:30.860" /><!-- duration: 29ms -->
    </step><!-- duration: 46117ms -->
    <step title="LockFile &apos;C:\home\site\locks\deployments.lock&apos; released" date="2025-04-03T17:17:30.949" /><!-- duration: 47ms -->
    <step title="Deleting shutdown sentinel file" date="2025-04-03T17:17:31.043" SemaphoreCount="8" /><!-- duration: 0ms -->
    <step title="Starting FetchDeploy" date="2025-04-03T17:17:31.111" /><!-- duration: 29ms -->
    <step title="Attempting to fetch target branch HEAD" date="2025-04-03T17:17:31.199" /><!-- duration: 65ms -->
    <step title="Updating shutdown sentinel last write time" date="2025-04-03T17:17:31.313" SemaphoreCount="7" /><!-- duration: 29ms -->
    <step title="LockFile &apos;C:\home\site\locks\deployments.lock&apos; acquired" date="2025-04-03T17:17:31.389" /><!-- duration: 13ms -->
    <step title="Performing fetch based deployment" date="2025-04-03T17:17:31.486" >
      <step title="Creating temporary deployment" date="2025-04-03T17:17:31.496" /><!-- duration: 141ms -->
      <step title="Fetching changes." date="2025-04-03T17:17:31.950" /><!-- duration: 20ms -->
      <step title="Starting LocalZipHandler" date="2025-04-03T17:17:32.027" /><!-- duration: 48ms -->
      <step title="Starting LocalZipFetch" date="2025-04-03T17:17:32.124" /><!-- duration: 29ms -->
      <step title="Cleaning up temp folders from previous zip deployments and extracting pushed zip file C:\local\Temp\zipdeploy\wfvevoxb.zip (28.19 MB) to C:\local\Temp\zipdeploy\extracted" date="2025-04-03T17:17:32.201" /><!-- duration: 30ms -->
      <step title="Cleaning up temp folders from previous zip deployments and extracting pushed zip file C:\local\Temp\zipdeploy\wfvevoxb.zip (28.19 MB) to C:\local\Temp\zipdeploy\extracted" date="2025-04-03T17:17:32.279" >
        <step title="Renaming extractTargetDirectory(C:\local\Temp\zipdeploy\extracted) to tempDirectory(C:\local\Temp\zipdeploy\5xcky0e4.04c)" date="2025-04-03T17:17:32.309" /><!-- duration: 18ms -->
        <step title="Extracting 499 entries to C:\local\Temp\zipdeploy\extracted directory" date="2025-04-03T17:17:32.356" >
          <step title="Extracting to C:\local\Temp\zipdeploy\extracted\Infrastructure.dll ..." date="2025-04-03T17:17:32.562" /><!-- duration: 12ms -->
          <step title="Extracting to C:\local\Temp\zipdeploy\extracted\Azure.Storage.Common.dll ..." date="2025-04-03T17:17:32.592" /><!-- duration: 30ms -->
          <step title="Extracting to C:\local\Temp\zipdeploy\extracted\zh-Hans\Microsoft.CodeAnalysis.resources.dll ..." date="2025-04-03T17:17:32.622" /><!-- duration: 20ms -->
          <step title="Extracting to C:\local\Temp\zipdeploy\extracted\zh-Hans\Microsoft.CodeAnalysis.CSharp.Workspaces.resources.dll ..." date="2025-04-03T17:17:32.652" /><!-- duration: 0ms -->
          <step title="Extracting to C:\local\Temp\zipdeploy\extracted\zh-Hans\Microsoft.CodeAnalysis.CSharp.resources.dll ..." date="2025-04-03T17:17:32.672" /><!-- duration: 12ms -->
          <step title="Omitting extracting file traces ..." date="2025-04-03T17:17:32.702" /><!-- duration: 0ms -->
        </step><!-- duration: 5972ms -->
      </step><!-- duration: 6061ms -->
      <step title="None repository commit" date="2025-04-03T17:17:38.356" >
        <step title="Commit id: e1afe2fd843f44a49e82d47ed142b55f" date="2025-04-03T17:17:38.374" Message="OneDeploy" AuthorName="N/A" AuthorEmail="N/A" /><!-- duration: 13ms -->
      </step><!-- duration: 47ms -->
      <step title="Before sending BuildRequestReceived status to /api/updatedeploystatus" date="2025-04-03T17:17:38.403" /><!-- duration: 0ms -->
      <step title="DeploymentManager.Deploy(id:e1afe2fd843f44a49e82d47ed142b55f)" date="2025-04-03T17:17:38.422" >
        <step title="Collecting changeset information" date="2025-04-03T17:17:38.452" /><!-- duration: 185ms -->
        <step title="Updating submodules" date="2025-04-03T17:17:38.655" >
          <step title="Updating submodules." date="2025-04-03T17:17:38.762" /><!-- duration: 0ms -->
        </step><!-- duration: 125ms -->
        <step title="Preparing deployment for commit id &apos;e1afe2fd84&apos;." date="2025-04-03T17:17:39.043" /><!-- duration: 31ms -->
        <step title="Determining deployment builder" date="2025-04-03T17:17:39.371" >
          <step title="Builder is OneDeployBuilder" date="2025-04-03T17:17:39.388" /><!-- duration: 20ms -->
        </step><!-- duration: 47ms -->
        <step title="Copying SSH keys" date="2025-04-03T17:17:39.468" /><!-- duration: 0ms -->
        <step title="Building" date="2025-04-03T17:17:39.481" >
          <step title="Running build. Project type: OneDeploy" date="2025-04-03T17:17:39.590" /><!-- duration: 17ms -->
          <step title="Copying the manifest" date="2025-04-03T17:17:39.746" /><!-- duration: 0ms -->
          <step title="Clean deploying to C:\home\site\wwwroot" date="2025-04-03T17:17:39.996" /><!-- duration: 16ms -->
          <step title="Generating deployment script." date="2025-04-03T17:17:40.137" /><!-- duration: 0ms -->
          <step title="Generating deployment script" date="2025-04-03T17:17:40.155" >
            <step title="Using cached version of the deployment script for command: -y --no-dot-deployment -r &quot;C:\local\Temp\zipdeploy\extracted&quot; -o &quot;C:\home\site\deployments\tools&quot; --basic --sitePath &quot;C:\local\Temp\zipdeploy\extracted&quot;" date="2025-04-03T17:17:40.203" /><!-- duration: 12ms -->
            <step title="Using cached version of deployment script (command: &apos;azure -y --no-dot-deployment -r &quot;C:\local\Temp\zipdeploy\extracted&quot; -o &quot;C:\home\site\deployments\tools&quot; --basic --sitePath &quot;C:\local\Temp\zipdeploy\extracted&quot;&apos;)." date="2025-04-03T17:17:40.232" /><!-- duration: 0ms -->
          </step><!-- duration: 107ms -->
          <step title="Running deployment command..." date="2025-04-03T17:17:40.358" /><!-- duration: 13ms -->
          <step title="Command: &quot;C:\home\site\deployments\tools\deploy.cmd&quot;" date="2025-04-03T17:17:40.406" /><!-- duration: 0ms -->
          <step title="Executing external process" date="2025-04-03T17:17:40.436" type="process" path="starter.cmd" arguments="&quot;C:\home\site\deployments\tools\deploy.cmd&quot;" >
            <step title="Handling Basic Web Site deployment." date="2025-04-03T17:17:41.121" /><!-- duration: 0ms -->
            <step title="Creating app_offline.htm" date="2025-04-03T17:17:44.809" /><!-- duration: 0ms -->
            <step title="KuduSync.NET from: &apos;C:\local\Temp\zipdeploy\extracted&apos; to: &apos;C:\home\site\wwwroot&apos;" date="2025-04-03T17:17:44.856" /><!-- duration: 0ms -->
            <step title="Deleting file: &apos;Logs\log20250403.txt&apos;" date="2025-04-03T17:17:44.874" /><!-- duration: 0ms -->
            <step title="Deleting directory: &apos;Logs&apos;" date="2025-04-03T17:17:44.903" /><!-- duration: 0ms -->
            <step title="Deleting file: &apos;app.db&apos;" date="2025-04-03T17:17:44.934" /><!-- duration: 0ms -->
            <step title="Deleting app_offline.htm" date="2025-04-03T17:17:44.971" /><!-- duration: 0ms -->
            <step title="Finished successfully." date="2025-04-03T17:17:45.047" /><!-- duration: 12ms -->
          </step><!-- duration: 4794ms -->
          <step title="Build completed succesfully." date="2025-04-03T17:17:45.528" /><!-- duration: 18ms -->
          <step title="Running post deployment command(s)..." date="2025-04-03T17:17:45.671" /><!-- duration: 13ms -->
          <step title="Requesting site restart" date="2025-04-03T17:17:45.856" /><!-- duration: 36ms -->
          <step title="Requesting site restart" date="2025-04-03T17:17:45.904" /><!-- duration: 18ms -->
          <step title="Requesting site restart. Attempt #1" date="2025-04-03T17:17:46.028" /><!-- duration: 0ms -->
          <step title="Requesting site restart. Attempt #1" date="2025-04-03T17:17:46.045" /><!-- duration: 19ms -->
          <step title="Successfully requested a restart. Attempt #1" date="2025-04-03T17:17:46.952" /><!-- duration: 13ms -->
          <step title="Successfully requested a restart. Attempt #1" date="2025-04-03T17:17:47.012" /><!-- duration: 0ms -->
          <step title="Deployment successful. DEPLOYMENTINFO: deploymentPath = OneDeploy, deployer = OneDeploy, os = windows, sku = Basic, siteName = iTrackerApp, siteHostName = itrackerapp.azurewebsites.net, deploymentStatus = Success" date="2025-04-03T17:17:47.169" /><!-- duration: 16ms -->
          <step title="Purge deployment items" date="2025-04-03T17:17:47.498" >
            <step title="Remove 4ca858f10, Success, received at 4/3/2025 9:13:51 AM" date="2025-04-03T17:17:47.637" /><!-- duration: 0ms -->
          </step><!-- duration: 155ms -->
        </step><!-- duration: 8219ms -->
      </step><!-- duration: 9278ms -->
      <step title="Cleaning up temp files" date="2025-04-03T17:17:47.719" /><!-- duration: 0ms -->
      <step title="Skip function trigger and logicapp sync because function is not enabled." date="2025-04-03T17:17:47.731" /><!-- duration: 17ms -->
    </step><!-- duration: 16437ms -->
    <step title="LockFile &apos;C:\home\site\locks\deployments.lock&apos; released" date="2025-04-03T17:17:47.934" /><!-- duration: 17ms -->
    <step title="Deleting shutdown sentinel file" date="2025-04-03T17:17:47.970" SemaphoreCount="8" /><!-- duration: 78ms -->
  </step><!-- duration: 63385ms -->
  <step title="Outgoing response" date="2025-04-03T17:17:48.184" type="response" statusCode="200" statusText="OK" Server="Microsoft-IIS/10.0" x-ms-request-id="65deef88-10af-11f0-a519-56d77f9ecf73" Cache-Control="private" X-AspNet-Version="4.0.30319" /><!-- duration: 16ms -->
</step><!-- duration: 63780ms -->
