<step title="Incoming Request" date="2025-04-07T09:40:45.250" instance="e8ad92" url="/api/publish?type=zip" method="POST" type="request" pid="6640,2,20" Cache-Control="no-cache" Content-Length="29756271" Content-Type="application/octet-stream" Accept="*/*" Accept-Encoding="gzip, deflate" Authorization="Bas..." Host="itrackerapp.scm.azurewebsites.net" User-Agent="AZURECLI/2.70.0 (HOMEBREW)" x-ms-client-request-id="5ccf0dc8-1394-11f0-bd91-56d77f9ecf73" X-ARR-LOG-ID="5ccf0dc8-1394-11f0-bd91-56d77f9ecf73" CLIENT-IP="58.84.61.149:10000" X-SITE-DEPLOYMENT-ID="iTrackerApp" WAS-DEFAULT-HOSTNAME="itrackerapp.scm.azurewebsites.net" X-Forwarded-Proto="https" X-AppService-Proto="https" X-Forwarded-TlsVersion="1.3" X-WAWS-Unencoded-URL="/api/publish?type=zip" >
  <step title="Cleanup Xml Logs" date="2025-04-07T09:40:45.250" /><!-- duration: 16ms -->
  <step title="OneDeploy" date="2025-04-07T09:40:45.719" >
    <step title="Starting PushDeployAsync" date="2025-04-07T09:40:45.719" /><!-- duration: 16ms -->
    <step title="Updating shutdown sentinel last write time" date="2025-04-07T09:40:45.735" SemaphoreCount="7" /><!-- duration: 0ms -->
    <step title="LockFile &apos;C:\home\site\locks\deployments.lock&apos; acquired" date="2025-04-07T09:40:45.750" /><!-- duration: 0ms -->
    <step title="Saving request content to C:\local\Temp\zipdeploy\i2f22vcp.zip" date="2025-04-07T09:40:45.750" >
      <step title="Total 29,756,271 bytes written to C:\local\Temp\zipdeploy\i2f22vcp.zip" date="2025-04-07T09:41:02.729" /><!-- duration: 0ms -->
    </step><!-- duration: 16979ms -->
    <step title="LockFile &apos;C:\home\site\locks\deployments.lock&apos; released" date="2025-04-07T09:41:02.729" /><!-- duration: 0ms -->
    <step title="Deleting shutdown sentinel file" date="2025-04-07T09:41:02.745" SemaphoreCount="8" /><!-- duration: 0ms -->
    <step title="Starting FetchDeploy" date="2025-04-07T09:41:02.745" /><!-- duration: 0ms -->
    <step title="Attempting to fetch target branch HEAD" date="2025-04-07T09:41:02.761" /><!-- duration: 0ms -->
    <step title="Updating shutdown sentinel last write time" date="2025-04-07T09:41:02.776" SemaphoreCount="7" /><!-- duration: 0ms -->
    <step title="LockFile &apos;C:\home\site\locks\deployments.lock&apos; acquired" date="2025-04-07T09:41:02.776" /><!-- duration: 16ms -->
    <step title="Performing fetch based deployment" date="2025-04-07T09:41:02.792" >
      <step title="Creating temporary deployment" date="2025-04-07T09:41:02.792" /><!-- duration: 31ms -->
      <step title="Fetching changes." date="2025-04-07T09:41:02.901" /><!-- duration: 16ms -->
      <step title="Starting LocalZipHandler" date="2025-04-07T09:41:02.936" /><!-- duration: 0ms -->
      <step title="Starting LocalZipFetch" date="2025-04-07T09:41:02.936" /><!-- duration: 13ms -->
      <step title="Cleaning up temp folders from previous zip deployments and extracting pushed zip file C:\local\Temp\zipdeploy\i2f22vcp.zip (28.38 MB) to C:\local\Temp\zipdeploy\extracted" date="2025-04-07T09:41:02.948" /><!-- duration: 0ms -->
      <step title="Cleaning up temp folders from previous zip deployments and extracting pushed zip file C:\local\Temp\zipdeploy\i2f22vcp.zip (28.38 MB) to C:\local\Temp\zipdeploy\extracted" date="2025-04-07T09:41:02.948" >
        <step title="Renaming extractTargetDirectory(C:\local\Temp\zipdeploy\extracted) to tempDirectory(C:\local\Temp\zipdeploy\2gcdvejw.y20)" date="2025-04-07T09:41:02.964" /><!-- duration: 0ms -->
        <step title="Extracting 512 entries to C:\local\Temp\zipdeploy\extracted directory" date="2025-04-07T09:41:02.995" >
          <step title="Extracting to C:\local\Temp\zipdeploy\extracted\Infrastructure.dll ..." date="2025-04-07T09:41:03.136" /><!-- duration: 268ms -->
          <step title="Extracting to C:\local\Temp\zipdeploy\extracted\Azure.Storage.Common.dll ..." date="2025-04-07T09:41:03.495" /><!-- duration: 109ms -->
          <step title="Extracting to C:\local\Temp\zipdeploy\extracted\zh-Hans\Microsoft.CodeAnalysis.resources.dll ..." date="2025-04-07T09:41:03.623" /><!-- duration: 13ms -->
          <step title="Extracting to C:\local\Temp\zipdeploy\extracted\zh-Hans\Microsoft.CodeAnalysis.CSharp.Workspaces.resources.dll ..." date="2025-04-07T09:41:03.636" /><!-- duration: 0ms -->
          <step title="Extracting to C:\local\Temp\zipdeploy\extracted\zh-Hans\Microsoft.CodeAnalysis.CSharp.resources.dll ..." date="2025-04-07T09:41:03.636" /><!-- duration: 16ms -->
          <step title="Omitting extracting file traces ..." date="2025-04-07T09:41:03.651" /><!-- duration: 15ms -->
        </step><!-- duration: 5969ms -->
      </step><!-- duration: 6031ms -->
      <step title="None repository commit" date="2025-04-07T09:41:08.979" >
        <step title="Commit id: be7f9bef832c48328e9a026858fbb7ed" date="2025-04-07T09:41:08.979" Message="OneDeploy" AuthorName="N/A" AuthorEmail="N/A" /><!-- duration: 19ms -->
      </step><!-- duration: 48ms -->
      <step title="Before sending BuildRequestReceived status to /api/updatedeploystatus" date="2025-04-07T09:41:09.027" /><!-- duration: 0ms -->
      <step title="DeploymentManager.Deploy(id:be7f9bef832c48328e9a026858fbb7ed)" date="2025-04-07T09:41:09.042" >
        <step title="Collecting changeset information" date="2025-04-07T09:41:09.058" /><!-- duration: 63ms -->
        <step title="Updating submodules" date="2025-04-07T09:41:09.120" >
          <step title="Updating submodules." date="2025-04-07T09:41:09.167" /><!-- duration: 0ms -->
        </step><!-- duration: 63ms -->
        <step title="Preparing deployment for commit id &apos;be7f9bef83&apos;." date="2025-04-07T09:41:09.277" /><!-- duration: 0ms -->
        <step title="Determining deployment builder" date="2025-04-07T09:41:09.339" >
          <step title="Builder is OneDeployBuilder" date="2025-04-07T09:41:09.339" /><!-- duration: 16ms -->
        </step><!-- duration: 16ms -->
        <step title="Copying SSH keys" date="2025-04-07T09:41:09.387" /><!-- duration: 0ms -->
        <step title="Building" date="2025-04-07T09:41:09.401" >
          <step title="Running build. Project type: OneDeploy" date="2025-04-07T09:41:09.448" /><!-- duration: 0ms -->
          <step title="Copying the manifest" date="2025-04-07T09:41:09.526" /><!-- duration: 0ms -->
          <step title="Clean deploying to C:\home\site\wwwroot" date="2025-04-07T09:41:09.636" /><!-- duration: 0ms -->
          <step title="Generating deployment script." date="2025-04-07T09:41:09.698" /><!-- duration: 0ms -->
          <step title="Generating deployment script" date="2025-04-07T09:41:09.714" >
            <step title="Using cached version of the deployment script for command: -y --no-dot-deployment -r &quot;C:\local\Temp\zipdeploy\extracted&quot; -o &quot;C:\home\site\deployments\tools&quot; --basic --sitePath &quot;C:\local\Temp\zipdeploy\extracted&quot;" date="2025-04-07T09:41:09.729" /><!-- duration: 0ms -->
            <step title="Using cached version of deployment script (command: &apos;azure -y --no-dot-deployment -r &quot;C:\local\Temp\zipdeploy\extracted&quot; -o &quot;C:\home\site\deployments\tools&quot; --basic --sitePath &quot;C:\local\Temp\zipdeploy\extracted&quot;&apos;)." date="2025-04-07T09:41:09.745" /><!-- duration: 17ms -->
          </step><!-- duration: 78ms -->
          <step title="Running deployment command..." date="2025-04-07T09:41:09.823" /><!-- duration: 0ms -->
          <step title="Command: &quot;C:\home\site\deployments\tools\deploy.cmd&quot;" date="2025-04-07T09:41:09.839" /><!-- duration: 0ms -->
          <step title="Executing external process" date="2025-04-07T09:41:09.887" type="process" path="starter.cmd" arguments="&quot;C:\home\site\deployments\tools\deploy.cmd&quot;" >
            <step title="Handling Basic Web Site deployment." date="2025-04-07T09:41:10.407" /><!-- duration: 10ms -->
            <step title="Creating app_offline.htm" date="2025-04-07T09:41:15.808" /><!-- duration: 0ms -->
            <step title="KuduSync.NET from: &apos;C:\local\Temp\zipdeploy\extracted&apos; to: &apos;C:\home\site\wwwroot&apos;" date="2025-04-07T09:41:15.840" /><!-- duration: 0ms -->
            <step title="Deleting file: &apos;Logs\log20250407.txt&apos;" date="2025-04-07T09:41:15.859" /><!-- duration: 12ms -->
            <step title="Deleting directory: &apos;Logs&apos;" date="2025-04-07T09:41:15.888" /><!-- duration: 0ms -->
            <step title="Copying file: &apos;app.db&apos;" date="2025-04-07T09:41:15.918" /><!-- duration: 0ms -->
            <step title="Copying file: &apos;Application.dll&apos;" date="2025-04-07T09:41:15.933" /><!-- duration: 0ms -->
            <step title="Copying file: &apos;Application.pdb&apos;" date="2025-04-07T09:41:15.949" /><!-- duration: 0ms -->
            <step title="Copying file: &apos;Domain.dll&apos;" date="2025-04-07T09:41:15.965" /><!-- duration: 0ms -->
            <step title="Copying file: &apos;Domain.pdb&apos;" date="2025-04-07T09:41:15.980" /><!-- duration: 0ms -->
            <step title="Copying file: &apos;Infrastructure.dll&apos;" date="2025-04-07T09:41:15.980" /><!-- duration: 0ms -->
            <step title="Copying file: &apos;Infrastructure.pdb&apos;" date="2025-04-07T09:41:15.996" /><!-- duration: 0ms -->
            <step title="Copying file: &apos;WebApp&apos;" date="2025-04-07T09:41:16.011" /><!-- duration: 0ms -->
            <step title="Copying file: &apos;WebApp.dll&apos;" date="2025-04-07T09:41:16.027" /><!-- duration: 0ms -->
            <step title="Copying file: &apos;WebApp.pdb&apos;" date="2025-04-07T09:41:16.043" /><!-- duration: 0ms -->
            <step title="Deleting app_offline.htm" date="2025-04-07T09:41:16.058" /><!-- duration: 0ms -->
            <step title="Finished successfully." date="2025-04-07T09:41:16.074" /><!-- duration: 0ms -->
          </step><!-- duration: 6187ms -->
          <step title="Build completed succesfully." date="2025-04-07T09:41:16.121" /><!-- duration: 0ms -->
          <step title="Running post deployment command(s)..." date="2025-04-07T09:41:16.199" /><!-- duration: 0ms -->
          <step title="Requesting site restart" date="2025-04-07T09:41:16.261" /><!-- duration: 0ms -->
          <step title="Requesting site restart" date="2025-04-07T09:41:16.261" /><!-- duration: 16ms -->
          <step title="Requesting site restart. Attempt #1" date="2025-04-07T09:41:16.339" /><!-- duration: 0ms -->
          <step title="Requesting site restart. Attempt #1" date="2025-04-07T09:41:16.339" /><!-- duration: 16ms -->
          <step title="Successfully requested a restart. Attempt #1" date="2025-04-07T09:41:16.527" /><!-- duration: 0ms -->
          <step title="Successfully requested a restart. Attempt #1" date="2025-04-07T09:41:16.543" /><!-- duration: 0ms -->
          <step title="Deployment successful. DEPLOYMENTINFO: deploymentPath = OneDeploy, deployer = OneDeploy, os = windows, sku = Basic, siteName = iTrackerApp, siteHostName = itrackerapp.azurewebsites.net, deploymentStatus = Success" date="2025-04-07T09:41:16.589" /><!-- duration: 0ms -->
          <step title="Purge deployment items" date="2025-04-07T09:41:16.797" >
            <step title="Remove e1afe2fd8, Success, received at 4/3/2025 5:17:38 PM" date="2025-04-07T09:41:16.903" /><!-- duration: 15ms -->
          </step><!-- duration: 121ms -->
        </step><!-- duration: 7550ms -->
      </step><!-- duration: 7923ms -->
      <step title="Cleaning up temp files" date="2025-04-07T09:41:16.964" /><!-- duration: 0ms -->
      <step title="Skip function trigger and logicapp sync because function is not enabled." date="2025-04-07T09:41:16.980" /><!-- duration: 0ms -->
    </step><!-- duration: 14251ms -->
    <step title="LockFile &apos;C:\home\site\locks\deployments.lock&apos; released" date="2025-04-07T09:41:17.076" /><!-- duration: 0ms -->
    <step title="Deleting shutdown sentinel file" date="2025-04-07T09:41:17.076" SemaphoreCount="8" /><!-- duration: 14ms -->
  </step><!-- duration: 31370ms -->
  <step title="Outgoing response" date="2025-04-07T09:41:17.089" type="response" statusCode="200" statusText="OK" Server="Microsoft-IIS/10.0" x-ms-request-id="5ccf0dc8-1394-11f0-bd91-56d77f9ecf73" Cache-Control="private" X-AspNet-Version="4.0.30319" /><!-- duration: 0ms -->
</step><!-- duration: 31840ms -->
