<step title="Incoming Request" date="2025-04-05T06:59:19.538" instance="e8ad92" url="/api/zipdeploy?isAsync=true" method="POST" type="request" pid="6080,2,8" Cache-Control="no-cache" Connection="Keep-Alive" Content-Length="29743829" Content-Type="application/octet-stream" Accept="*/*" Accept-Encoding="gzip, deflate" Authorization="Bas..." Host="itrackerapp.scm.azurewebsites.net" User-Agent="AZURECLI/2.70.0 (HOMEBREW)" x-ms-client-request-id="772ac464-11eb-11f0-bd7c-56d77f9ecf73" X-ARR-LOG-ID="772ac464-11eb-11f0-bd7c-56d77f9ecf73" CLIENT-IP="103.93.198.139:49737" X-SITE-DEPLOYMENT-ID="iTrackerApp" WAS-DEFAULT-HOSTNAME="itrackerapp.scm.azurewebsites.net" X-Forwarded-Proto="https" X-AppService-Proto="https" X-Forwarded-TlsVersion="1.3" X-WAWS-Unencoded-URL="/api/zipdeploy?isAsync=true" X-MS-COLDSTART="1" >
  <step title="ZipPushDeploy" date="2025-04-05T06:59:20.601" >
    <step title="ZipDeploy. Extract zip. " date="2025-04-05T06:59:20.694" /><!-- duration: 0ms -->
    <step title="Starting PushDeployAsync" date="2025-04-05T06:59:20.713" /><!-- duration: 12ms -->
    <step title="Updating shutdown sentinel last write time" date="2025-04-05T06:59:20.946" SemaphoreCount="7" /><!-- duration: 19ms -->
    <step title="LockFile &apos;C:\home\site\locks\deployments.lock&apos; acquired" date="2025-04-05T06:59:20.965" /><!-- duration: 10ms -->
    <step title="Saving request content to C:\local\Temp\zipdeploy\22jxetbk.zip" date="2025-04-05T06:59:20.976" >
      <step title="Total 29,743,829 bytes written to C:\local\Temp\zipdeploy\22jxetbk.zip" date="2025-04-05T06:59:25.366" /><!-- duration: 18ms -->
    </step><!-- duration: 4408ms -->
    <step title="LockFile &apos;C:\home\site\locks\deployments.lock&apos; released" date="2025-04-05T06:59:25.397" /><!-- duration: 0ms -->
    <step title="Deleting shutdown sentinel file" date="2025-04-05T06:59:25.397" SemaphoreCount="8" /><!-- duration: 34ms -->
    <step title="Starting FetchDeploy" date="2025-04-05T06:59:25.460" /><!-- duration: 19ms -->
    <step title="Start deployment in the background" date="2025-04-05T06:59:25.491" >
      <step title="Starting LocalZipFetch" date="2025-04-05T06:59:25.850" /><!-- duration: 0ms -->
    </step><!-- duration: 1031ms -->
  </step><!-- duration: 5937ms -->
  <step title="Outgoing response" date="2025-04-05T06:59:26.683" type="response" statusCode="202" statusText="Accepted" Server="Microsoft-IIS/10.0" x-ms-request-id="772ac464-11eb-11f0-bd7c-56d77f9ecf73" Retry-After="30" Cache-Control="private" X-AspNet-Version="4.0.30319" Location="https://itrackerapp.scm.azurewebsites.net/api/deployments/latest?deployer=ZipDeploy&amp;time=2025-04-05_06-59-26Z" /><!-- duration: 11ms -->
</step><!-- duration: 7174ms -->
