<step title="Incoming Request" date="2025-04-07T09:37:58.109" instance="e8ad92" url="/api/publish?type=zip" method="POST" type="request" pid="6640,2,13" Cache-Control="no-cache" Content-Length="29756279" Content-Type="application/octet-stream" Accept="*/*" Accept-Encoding="gzip, deflate" Authorization="Bas..." Host="itrackerapp.scm.azurewebsites.net" User-Agent="AZURECLI/2.70.0 (HOMEBREW)" x-ms-client-request-id="f8f31fec-1393-11f0-9929-56d77f9ecf73" X-ARR-LOG-ID="f8f31fec-1393-11f0-9929-56d77f9ecf73" CLIENT-IP="58.84.61.149:18664" X-SITE-DEPLOYMENT-ID="iTrackerApp" WAS-DEFAULT-HOSTNAME="itrackerapp.scm.azurewebsites.net" X-Forwarded-Proto="https" X-AppService-Proto="https" X-Forwarded-TlsVersion="1.3" X-WAWS-Unencoded-URL="/api/publish?type=zip" >
  <step title="Cleanup Xml Logs" date="2025-04-07T09:37:58.109" /><!-- duration: 0ms -->
  <step title="OneDeploy" date="2025-04-07T09:37:58.484" >
    <step title="Starting PushDeployAsync" date="2025-04-07T09:37:58.484" /><!-- duration: 0ms -->
    <step title="Updating shutdown sentinel last write time" date="2025-04-07T09:37:58.500" SemaphoreCount="7" /><!-- duration: 0ms -->
    <step title="LockFile &apos;C:\home\site\locks\deployments.lock&apos; acquired" date="2025-04-07T09:37:58.547" /><!-- duration: 0ms -->
    <step title="Saving request content to C:\local\Temp\zipdeploy\wyuyyhid.zip" date="2025-04-07T09:37:58.547" >
      <step title="Total 29,756,279 bytes written to C:\local\Temp\zipdeploy\wyuyyhid.zip" date="2025-04-07T09:38:04.832" /><!-- duration: 0ms -->
    </step><!-- duration: 6301ms -->
    <step title="LockFile &apos;C:\home\site\locks\deployments.lock&apos; released" date="2025-04-07T09:38:04.863" /><!-- duration: 0ms -->
    <step title="Deleting shutdown sentinel file" date="2025-04-07T09:38:04.879" SemaphoreCount="8" /><!-- duration: 0ms -->
    <step title="Starting FetchDeploy" date="2025-04-07T09:38:04.897" /><!-- duration: 0ms -->
    <step title="Attempting to fetch target branch HEAD" date="2025-04-07T09:38:04.897" /><!-- duration: 13ms -->
    <step title="Updating shutdown sentinel last write time" date="2025-04-07T09:38:04.926" SemaphoreCount="7" /><!-- duration: 0ms -->
    <step title="LockFile &apos;C:\home\site\locks\deployments.lock&apos; acquired" date="2025-04-07T09:38:04.945" /><!-- duration: 0ms -->
    <step title="Performing fetch based deployment" date="2025-04-07T09:38:04.957" >
      <step title="Creating temporary deployment" date="2025-04-07T09:38:04.957" /><!-- duration: 47ms -->
      <step title="Fetching changes." date="2025-04-07T09:38:05.099" /><!-- duration: 0ms -->
      <step title="Starting LocalZipHandler" date="2025-04-07T09:38:05.113" /><!-- duration: 0ms -->
      <step title="Starting LocalZipFetch" date="2025-04-07T09:38:05.113" /><!-- duration: 16ms -->
      <step title="Cleaning up temp folders from previous zip deployments and extracting pushed zip file C:\local\Temp\zipdeploy\wyuyyhid.zip (28.38 MB) to C:\local\Temp\zipdeploy\extracted" date="2025-04-07T09:38:05.147" /><!-- duration: 0ms -->
      <step title="Cleaning up temp folders from previous zip deployments and extracting pushed zip file C:\local\Temp\zipdeploy\wyuyyhid.zip (28.38 MB) to C:\local\Temp\zipdeploy\extracted" date="2025-04-07T09:38:05.160" >
        <step title="Renaming extractTargetDirectory(C:\local\Temp\zipdeploy\extracted) to tempDirectory(C:\local\Temp\zipdeploy\clw4f1vz.vtj)" date="2025-04-07T09:38:05.160" /><!-- duration: 16ms -->
        <step title="Extracting 512 entries to C:\local\Temp\zipdeploy\extracted directory" date="2025-04-07T09:38:05.207" >
          <step title="Extracting to C:\local\Temp\zipdeploy\extracted\Infrastructure.dll ..." date="2025-04-07T09:38:05.410" /><!-- duration: 18ms -->
          <step title="Extracting to C:\local\Temp\zipdeploy\extracted\Azure.Storage.Common.dll ..." date="2025-04-07T09:38:05.428" /><!-- duration: 29ms -->
          <step title="Extracting to C:\local\Temp\zipdeploy\extracted\zh-Hans\Microsoft.CodeAnalysis.resources.dll ..." date="2025-04-07T09:38:05.457" /><!-- duration: 19ms -->
          <step title="Extracting to C:\local\Temp\zipdeploy\extracted\zh-Hans\Microsoft.CodeAnalysis.CSharp.Workspaces.resources.dll ..." date="2025-04-07T09:38:05.476" /><!-- duration: 12ms -->
          <step title="Extracting to C:\local\Temp\zipdeploy\extracted\zh-Hans\Microsoft.CodeAnalysis.CSharp.resources.dll ..." date="2025-04-07T09:38:05.505" /><!-- duration: 222ms -->
          <step title="Omitting extracting file traces ..." date="2025-04-07T09:38:05.899" /><!-- duration: 28ms -->
        </step><!-- duration: 6109ms -->
      </step><!-- duration: 6175ms -->
      <step title="None repository commit" date="2025-04-07T09:38:11.348" >
        <step title="Commit id: d10ecf89f8004b668787a6c44f8c6188" date="2025-04-07T09:38:11.364" Message="OneDeploy" AuthorName="N/A" AuthorEmail="N/A" /><!-- duration: 19ms -->
      </step><!-- duration: 47ms -->
      <step title="Before sending BuildRequestReceived status to /api/updatedeploystatus" date="2025-04-07T09:38:11.411" /><!-- duration: 0ms -->
      <step title="DeploymentManager.Deploy(id:d10ecf89f8004b668787a6c44f8c6188)" date="2025-04-07T09:38:11.411" >
        <step title="Collecting changeset information" date="2025-04-07T09:38:11.508" /><!-- duration: 125ms -->
        <step title="Updating submodules" date="2025-04-07T09:38:11.645" >
          <step title="Updating submodules." date="2025-04-07T09:38:11.756" /><!-- duration: 0ms -->
        </step><!-- duration: 125ms -->
        <step title="Preparing deployment for commit id &apos;d10ecf89f8&apos;." date="2025-04-07T09:38:11.853" /><!-- duration: 0ms -->
        <step title="Determining deployment builder" date="2025-04-07T09:38:11.928" >
          <step title="Builder is OneDeployBuilder" date="2025-04-07T09:38:11.946" /><!-- duration: 0ms -->
        </step><!-- duration: 29ms -->
        <step title="Copying SSH keys" date="2025-04-07T09:38:11.988" /><!-- duration: 16ms -->
        <step title="Building" date="2025-04-07T09:38:12.004" >
          <step title="Running build. Project type: OneDeploy" date="2025-04-07T09:38:12.101" /><!-- duration: 12ms -->
          <step title="Copying the manifest" date="2025-04-07T09:38:12.207" /><!-- duration: 0ms -->
          <step title="Clean deploying to C:\home\site\wwwroot" date="2025-04-07T09:38:12.317" /><!-- duration: 0ms -->
          <step title="Generating deployment script." date="2025-04-07T09:38:12.427" /><!-- duration: 0ms -->
          <step title="Generating deployment script" date="2025-04-07T09:38:12.446" >
            <step title="Using cached version of the deployment script for command: -y --no-dot-deployment -r &quot;C:\local\Temp\zipdeploy\extracted&quot; -o &quot;C:\home\site\deployments\tools&quot; --basic --sitePath &quot;C:\local\Temp\zipdeploy\extracted&quot;" date="2025-04-07T09:38:12.523" /><!-- duration: 0ms -->
            <step title="Using cached version of deployment script (command: &apos;azure -y --no-dot-deployment -r &quot;C:\local\Temp\zipdeploy\extracted&quot; -o &quot;C:\home\site\deployments\tools&quot; --basic --sitePath &quot;C:\local\Temp\zipdeploy\extracted&quot;&apos;)." date="2025-04-07T09:38:12.535" /><!-- duration: 16ms -->
          </step><!-- duration: 106ms -->
          <step title="Running deployment command..." date="2025-04-07T09:38:12.645" /><!-- duration: 18ms -->
          <step title="Command: &quot;C:\home\site\deployments\tools\deploy.cmd&quot;" date="2025-04-07T09:38:12.692" /><!-- duration: 0ms -->
          <step title="Executing external process" date="2025-04-07T09:38:12.723" type="process" path="starter.cmd" arguments="&quot;C:\home\site\deployments\tools\deploy.cmd&quot;" >
            <step title="Handling Basic Web Site deployment." date="2025-04-07T09:38:13.428" /><!-- duration: 0ms -->
            <step title="Creating app_offline.htm" date="2025-04-07T09:38:19.285" /><!-- duration: 0ms -->
            <step title="KuduSync.NET from: &apos;C:\local\Temp\zipdeploy\extracted&apos; to: &apos;C:\home\site\wwwroot&apos;" date="2025-04-07T09:38:19.301" /><!-- duration: 19ms -->
            <step title="Deleting file: &apos;Logs\log20250407.txt&apos;" date="2025-04-07T09:38:19.332" /><!-- duration: 0ms -->
            <step title="Deleting directory: &apos;Logs&apos;" date="2025-04-07T09:38:19.368" /><!-- duration: 0ms -->
            <step title="Copying file: &apos;app.db&apos;" date="2025-04-07T09:38:19.397" /><!-- duration: 29ms -->
            <step title="Copying file: &apos;Application.dll&apos;" date="2025-04-07T09:38:19.457" /><!-- duration: 0ms -->
            <step title="Copying file: &apos;Application.pdb&apos;" date="2025-04-07T09:38:19.520" /><!-- duration: 0ms -->
            <step title="Copying file: &apos;appsettings.json&apos;" date="2025-04-07T09:38:19.538" /><!-- duration: 13ms -->
            <step title="Copying file: &apos;Domain.dll&apos;" date="2025-04-07T09:38:19.567" /><!-- duration: 0ms -->
            <step title="Copying file: &apos;Domain.pdb&apos;" date="2025-04-07T09:38:19.598" /><!-- duration: 16ms -->
            <step title="Copying file: &apos;Infrastructure.dll&apos;" date="2025-04-07T09:38:19.633" /><!-- duration: 0ms -->
            <step title="Copying file: &apos;Infrastructure.pdb&apos;" date="2025-04-07T09:38:19.645" /><!-- duration: 17ms -->
            <step title="Copying file: &apos;WebApp&apos;" date="2025-04-07T09:38:19.681" /><!-- duration: 0ms -->
            <step title="Copying file: &apos;WebApp.dll&apos;" date="2025-04-07T09:38:19.739" /><!-- duration: 31ms -->
            <step title="Copying file: &apos;WebApp.pdb&apos;" date="2025-04-07T09:38:19.834" /><!-- duration: 0ms -->
            <step title="Deleting app_offline.htm" date="2025-04-07T09:38:19.864" /><!-- duration: 19ms -->
            <step title="Finished successfully." date="2025-04-07T09:38:19.942" /><!-- duration: 0ms -->
          </step><!-- duration: 7236ms -->
          <step title="Build completed succesfully." date="2025-04-07T09:38:20.035" /><!-- duration: 18ms -->
          <step title="Running post deployment command(s)..." date="2025-04-07T09:38:20.223" /><!-- duration: 18ms -->
          <step title="Requesting site restart" date="2025-04-07T09:38:20.334" /><!-- duration: 0ms -->
          <step title="Requesting site restart" date="2025-04-07T09:38:20.348" /><!-- duration: 16ms -->
          <step title="Requesting site restart. Attempt #1" date="2025-04-07T09:38:20.457" /><!-- duration: 0ms -->
          <step title="Requesting site restart. Attempt #1" date="2025-04-07T09:38:20.473" /><!-- duration: 0ms -->
          <step title="Successfully requested a restart. Attempt #1" date="2025-04-07T09:38:20.957" /><!-- duration: 0ms -->
          <step title="Successfully requested a restart. Attempt #1" date="2025-04-07T09:38:20.974" /><!-- duration: 18ms -->
          <step title="Deployment successful. DEPLOYMENTINFO: deploymentPath = OneDeploy, deployer = OneDeploy, os = windows, sku = Basic, siteName = iTrackerApp, siteHostName = itrackerapp.azurewebsites.net, deploymentStatus = Success" date="2025-04-07T09:38:21.086" /><!-- duration: 0ms -->
          <step title="Purge deployment items" date="2025-04-07T09:38:21.350" >
            <step title="Remove af02244bb, Success, received at 4/3/2025 5:02:24 PM" date="2025-04-07T09:38:21.676" /><!-- duration: 0ms -->
          </step><!-- duration: 341ms -->
        </step><!-- duration: 9719ms -->
      </step><!-- duration: 10328ms -->
      <step title="Cleaning up temp files" date="2025-04-07T09:38:21.739" /><!-- duration: 19ms -->
      <step title="Skip function trigger and logicapp sync because function is not enabled." date="2025-04-07T09:38:21.770" /><!-- duration: 0ms -->
    </step><!-- duration: 16907ms -->
    <step title="LockFile &apos;C:\home\site\locks\deployments.lock&apos; released" date="2025-04-07T09:38:21.882" /><!-- duration: 0ms -->
    <step title="Deleting shutdown sentinel file" date="2025-04-07T09:38:21.910" SemaphoreCount="8" /><!-- duration: 0ms -->
  </step><!-- duration: 23444ms -->
  <step title="Outgoing response" date="2025-04-07T09:38:21.942" type="response" statusCode="200" statusText="OK" Server="Microsoft-IIS/10.0" x-ms-request-id="f8f31fec-1393-11f0-9929-56d77f9ecf73" Cache-Control="private" X-AspNet-Version="4.0.30319" /><!-- duration: 16ms -->
</step><!-- duration: 23848ms -->
