<step title="Incoming Request" date="2025-04-07T14:23:31.387" instance="e8ad92" url="/api/publish?type=zip" method="POST" type="request" pid="5500,2,9" Cache-Control="no-cache" Content-Length="32638787" Content-Type="application/octet-stream" Accept="*/*" Accept-Encoding="gzip, deflate" Authorization="Bas..." Host="itrackerapp.scm.azurewebsites.net" User-Agent="AZURECLI/2.70.0 (HOMEBREW)" x-ms-client-request-id="dca8aa28-13bb-11f0-9159-56d77f9ecf73" X-ARR-LOG-ID="dca8aa28-13bb-11f0-9159-56d77f9ecf73" CLIENT-IP="103.93.198.139:64138" X-SITE-DEPLOYMENT-ID="iTrackerApp" WAS-DEFAULT-HOSTNAME="itrackerapp.scm.azurewebsites.net" X-Forwarded-Proto="https" X-AppService-Proto="https" X-Forwarded-TlsVersion="1.3" X-WAWS-Unencoded-URL="/api/publish?type=zip" >
  <step title="Cleanup Xml Logs" date="2025-04-07T14:23:31.387" /><!-- duration: 0ms -->
  <step title="OneDeploy" date="2025-04-07T14:23:32.437" >
    <step title="Starting PushDeployAsync" date="2025-04-07T14:23:32.465" /><!-- duration: 15ms -->
    <step title="Updating shutdown sentinel last write time" date="2025-04-07T14:23:32.543" SemaphoreCount="7" /><!-- duration: 0ms -->
    <step title="LockFile &apos;C:\home\site\locks\deployments.lock&apos; acquired" date="2025-04-07T14:23:32.543" /><!-- duration: 15ms -->
    <step title="Saving request content to C:\local\Temp\zipdeploy\1ie4htzm.zip" date="2025-04-07T14:23:32.558" >
      <step title="Writing 19,968,000 bytes to C:\local\Temp\zipdeploy\1ie4htzm.zip" date="2025-04-07T14:24:02.579" /><!-- duration: 0ms -->
      <step title="Total 32,638,787 bytes written to C:\local\Temp\zipdeploy\1ie4htzm.zip" date="2025-04-07T14:24:20.097" /><!-- duration: 16ms -->
    </step><!-- duration: 47554ms -->
    <step title="LockFile &apos;C:\home\site\locks\deployments.lock&apos; released" date="2025-04-07T14:24:20.113" /><!-- duration: 0ms -->
    <step title="Deleting shutdown sentinel file" date="2025-04-07T14:24:20.128" SemaphoreCount="8" /><!-- duration: 0ms -->
    <step title="Starting FetchDeploy" date="2025-04-07T14:24:20.128" /><!-- duration: 16ms -->
    <step title="Attempting to fetch target branch HEAD" date="2025-04-07T14:24:20.160" /><!-- duration: 0ms -->
    <step title="Updating shutdown sentinel last write time" date="2025-04-07T14:24:20.175" SemaphoreCount="7" /><!-- duration: 16ms -->
    <step title="LockFile &apos;C:\home\site\locks\deployments.lock&apos; acquired" date="2025-04-07T14:24:20.191" /><!-- duration: 0ms -->
    <step title="Performing fetch based deployment" date="2025-04-07T14:24:20.222" >
      <step title="Creating temporary deployment" date="2025-04-07T14:24:20.238" /><!-- duration: 47ms -->
      <step title="Fetching changes." date="2025-04-07T14:24:20.410" /><!-- duration: 0ms -->
      <step title="Starting LocalZipHandler" date="2025-04-07T14:24:20.441" /><!-- duration: 16ms -->
      <step title="Starting LocalZipFetch" date="2025-04-07T14:24:20.457" /><!-- duration: 15ms -->
      <step title="Cleaning up temp folders from previous zip deployments and extracting pushed zip file C:\local\Temp\zipdeploy\1ie4htzm.zip (31.13 MB) to C:\local\Temp\zipdeploy\extracted" date="2025-04-07T14:24:20.472" /><!-- duration: 0ms -->
      <step title="Cleaning up temp folders from previous zip deployments and extracting pushed zip file C:\local\Temp\zipdeploy\1ie4htzm.zip (31.13 MB) to C:\local\Temp\zipdeploy\extracted" date="2025-04-07T14:24:20.488" >
        <step title="Extracting 626 entries to C:\local\Temp\zipdeploy\extracted directory" date="2025-04-07T14:24:20.524" >
          <step title="Extracting to C:\local\Temp\zipdeploy\extracted\Infrastructure.dll ..." date="2025-04-07T14:24:20.535" /><!-- duration: 0ms -->
          <step title="Extracting to C:\local\Temp\zipdeploy\extracted\Azure.Storage.Common.dll ..." date="2025-04-07T14:24:20.553" /><!-- duration: 13ms -->
          <step title="Extracting to C:\local\Temp\zipdeploy\extracted\zh-Hans\Microsoft.CodeAnalysis.resources.dll ..." date="2025-04-07T14:24:20.566" /><!-- duration: 0ms -->
          <step title="Extracting to C:\local\Temp\zipdeploy\extracted\zh-Hans\Microsoft.CodeAnalysis.CSharp.Workspaces.resources.dll ..." date="2025-04-07T14:24:20.582" /><!-- duration: 0ms -->
          <step title="Extracting to C:\local\Temp\zipdeploy\extracted\zh-Hans\Microsoft.CodeAnalysis.CSharp.resources.dll ..." date="2025-04-07T14:24:20.597" /><!-- duration: 16ms -->
          <step title="Omitting extracting file traces ..." date="2025-04-07T14:24:20.630" /><!-- duration: 0ms -->
        </step><!-- duration: 6153ms -->
      </step><!-- duration: 6195ms -->
      <step title="None repository commit" date="2025-04-07T14:24:26.693" >
        <step title="Commit id: 015a1783dbec48ec9816c72872b782fc" date="2025-04-07T14:24:26.738" Message="OneDeploy" AuthorName="N/A" AuthorEmail="N/A" /><!-- duration: 19ms -->
      </step><!-- duration: 76ms -->
      <step title="Before sending BuildRequestReceived status to /api/updatedeploystatus" date="2025-04-07T14:24:26.769" /><!-- duration: 18ms -->
      <step title="DeploymentManager.Deploy(id:015a1783dbec48ec9816c72872b782fc)" date="2025-04-07T14:24:26.800" >
        <step title="Collecting changeset information" date="2025-04-07T14:24:26.817" /><!-- duration: 48ms -->
        <step title="Updating submodules" date="2025-04-07T14:24:26.865" >
          <step title="Updating submodules." date="2025-04-07T14:24:26.910" /><!-- duration: 16ms -->
        </step><!-- duration: 78ms -->
        <step title="Preparing deployment for commit id &apos;015a1783db&apos;." date="2025-04-07T14:24:27.019" /><!-- duration: 19ms -->
        <step title="Determining deployment builder" date="2025-04-07T14:24:27.097" >
          <step title="Builder is OneDeployBuilder" date="2025-04-07T14:24:27.134" /><!-- duration: 10ms -->
        </step><!-- duration: 65ms -->
        <step title="Copying SSH keys" date="2025-04-07T14:24:27.191" /><!-- duration: 0ms -->
        <step title="Building" date="2025-04-07T14:24:27.191" >
          <step title="Running build. Project type: OneDeploy" date="2025-04-07T14:24:27.238" /><!-- duration: 0ms -->
          <step title="Copying the manifest" date="2025-04-07T14:24:27.316" /><!-- duration: 0ms -->
          <step title="Clean deploying to C:\home\site\wwwroot" date="2025-04-07T14:24:27.425" /><!-- duration: 0ms -->
          <step title="Generating deployment script." date="2025-04-07T14:24:27.489" /><!-- duration: 0ms -->
          <step title="Generating deployment script" date="2025-04-07T14:24:27.504" >
            <step title="Using cached version of the deployment script for command: -y --no-dot-deployment -r &quot;C:\local\Temp\zipdeploy\extracted&quot; -o &quot;C:\home\site\deployments\tools&quot; --basic --sitePath &quot;C:\local\Temp\zipdeploy\extracted&quot;" date="2025-04-07T14:24:27.566" /><!-- duration: 19ms -->
            <step title="Using cached version of deployment script (command: &apos;azure -y --no-dot-deployment -r &quot;C:\local\Temp\zipdeploy\extracted&quot; -o &quot;C:\home\site\deployments\tools&quot; --basic --sitePath &quot;C:\local\Temp\zipdeploy\extracted&quot;&apos;)." date="2025-04-07T14:24:27.586" /><!-- duration: 12ms -->
          </step><!-- duration: 109ms -->
          <step title="Running deployment command..." date="2025-04-07T14:24:27.663" /><!-- duration: 13ms -->
          <step title="Command: &quot;C:\home\site\deployments\tools\deploy.cmd&quot;" date="2025-04-07T14:24:27.693" /><!-- duration: 0ms -->
          <step title="Executing external process" date="2025-04-07T14:24:27.740" type="process" path="starter.cmd" arguments="&quot;C:\home\site\deployments\tools\deploy.cmd&quot;" >
            <step title="Handling Basic Web Site deployment." date="2025-04-07T14:24:28.316" /><!-- duration: 17ms -->
            <step title="Creating app_offline.htm" date="2025-04-07T14:24:32.165" /><!-- duration: 16ms -->
            <step title="Error: Failed to change file that is currently being used &quot;C:\home\site\wwwroot\Logs\log20250407.txt&quot;" date="2025-04-07T14:24:32.180" /><!-- duration: 17ms -->
            <step title="KuduSync.NET from: &apos;C:\local\Temp\zipdeploy\extracted&apos; to: &apos;C:\home\site\wwwroot&apos;" date="2025-04-07T14:24:32.216" /><!-- duration: 11ms -->
            <step title="Deleting file: &apos;Logs\log20250407.txt&apos;" date="2025-04-07T14:24:32.245" /><!-- duration: 0ms -->
            <step title="Failed exitCode=1, command=&quot;kudusync&quot; -v 50 -x -f &quot;C:\local\Temp\zipdeploy\extracted&quot; -t &quot;C:\home\site\wwwroot&quot; -n &quot;C:\local\Temp\tmp2620.tmp&quot; -p &quot;C:\local\Temp\tmp2620.tmp&quot; -i &quot;.git;.hg;.deployment;deploy.cmd&quot;" date="2025-04-07T14:24:32.274" /><!-- duration: 0ms -->
            <step title="An error has occurred during web site deployment." date="2025-04-07T14:24:32.305" /><!-- duration: 0ms -->
            <step title="Process dump" date="2025-04-07T14:24:32.352" exitCode="255" type="processOutput" /><!-- duration: 19ms -->
          </step><!-- duration: 4630ms -->
          <step title="Error: Failed to change file that is currently being used &quot;C:\home\site\wwwroot\Logs\log20250407.txt&quot;
C:\Program Files (x86)\SiteExtensions\Kudu\103.110221.001\bin\Scripts\starter.cmd &quot;C:\home\site\deployments\tools\deploy.cmd&quot; DEPLOYMENTINFO: deploymentPath = OneDeploy, deployer = OneDeploy, os = windows, sku = Basic, siteName = iTrackerApp, siteHostName = itrackerapp.azurewebsites.net, deploymentStatus = Error" date="2025-04-07T14:24:32.399" /><!-- duration: 0ms -->
          <step title="Error occurred" date="2025-04-07T14:24:32.399" type="error" text="Error: Failed to change file that is currently being used &quot;C:\home\site\wwwroot\Logs\log20250407.txt&quot;
C:\Program Files (x86)\SiteExtensions\Kudu\103.110221.001\bin\Scripts\starter.cmd &quot;C:\home\site\deployments\tools\deploy.cmd&quot;" stackTrace="   at Kudu.Core.Infrastructure.Executable.ExecuteInternal(ITracer tracer, Func`2 onWriteOutput, Func`2 onWriteError, Encoding encoding, String arguments, Object[] args)
   at Kudu.Core.Infrastructure.Executable.ExecuteWithProgressWriter(ILogger logger, ITracer tracer, String arguments, Object[] args)
   at Kudu.Core.Deployment.Generator.ExternalCommandBuilder.RunCommand(DeploymentContext context, String command, Boolean ignoreManifest, String message)" /><!-- duration: 0ms -->
          <step title="Build completed succesfully." date="2025-04-07T14:24:32.526" /><!-- duration: 14ms -->
          <step title="Running post deployment command(s)..." date="2025-04-07T14:24:32.665" /><!-- duration: 0ms -->
          <step title="Requesting site restart" date="2025-04-07T14:24:32.805" /><!-- duration: 0ms -->
          <step title="Requesting site restart" date="2025-04-07T14:24:32.821" /><!-- duration: 0ms -->
          <step title="Requesting site restart. Attempt #1" date="2025-04-07T14:24:32.883" /><!-- duration: 0ms -->
          <step title="Requesting site restart. Attempt #1" date="2025-04-07T14:24:32.883" /><!-- duration: 0ms -->
          <step title="Successfully requested a restart. Attempt #1" date="2025-04-07T14:24:33.368" /><!-- duration: 0ms -->
          <step title="Successfully requested a restart. Attempt #1" date="2025-04-07T14:24:33.383" /><!-- duration: 0ms -->
          <step title="Deployment successful. DEPLOYMENTINFO: deploymentPath = OneDeploy, deployer = OneDeploy, os = windows, sku = Basic, siteName = iTrackerApp, siteHostName = itrackerapp.azurewebsites.net, deploymentStatus = Success" date="2025-04-07T14:24:33.450" /><!-- duration: 11ms -->
          <step title="Purge deployment items" date="2025-04-07T14:24:33.680" >
            <step title="Remove 091fad54d, Success, received at 4/7/2025 11:03:04 AM" date="2025-04-07T14:24:33.743" /><!-- duration: 0ms -->
          </step><!-- duration: 63ms -->
        </step><!-- duration: 6583ms -->
      </step><!-- duration: 6989ms -->
      <step title="Cleaning up temp files" date="2025-04-07T14:24:33.790" /><!-- duration: 19ms -->
      <step title="Skip function trigger and logicapp sync because function is not enabled." date="2025-04-07T14:24:33.821" /><!-- duration: 16ms -->
    </step><!-- duration: 13661ms -->
    <step title="LockFile &apos;C:\home\site\locks\deployments.lock&apos; released" date="2025-04-07T14:24:33.883" /><!-- duration: 0ms -->
    <step title="Deleting shutdown sentinel file" date="2025-04-07T14:24:33.899" SemaphoreCount="8" /><!-- duration: 0ms -->
  </step><!-- duration: 61462ms -->
  <step title="Outgoing response" date="2025-04-07T14:24:33.946" type="response" statusCode="200" statusText="OK" Server="Microsoft-IIS/10.0" x-ms-request-id="dca8aa28-13bb-11f0-9159-56d77f9ecf73" Cache-Control="private" X-AspNet-Version="4.0.30319" /><!-- duration: 17ms -->
</step><!-- duration: 62576ms -->
