<step title="Incoming Request" date="2025-04-03T17:02:13.686" instance="e8ad92" url="/api/publish?type=zip" method="POST" type="request" pid="8156,2,32" Cache-Control="no-cache" Content-Length="29554617" Content-Type="application/octet-stream" Accept="*/*" Accept-Encoding="gzip, deflate" Authorization="Bas..." Host="itrackerapp.scm.azurewebsites.net" User-Agent="AZURECLI/2.70.0 (HOMEBREW)" x-ms-client-request-id="5f211a42-10ad-11f0-861b-56d77f9ecf73" X-ARR-LOG-ID="5f211a42-10ad-11f0-861b-56d77f9ecf73" CLIENT-IP="103.93.198.139:53508" X-SITE-DEPLOYMENT-ID="iTrackerApp" WAS-DEFAULT-HOSTNAME="itrackerapp.scm.azurewebsites.net" X-Forwarded-Proto="https" X-AppService-Proto="https" X-Forwarded-TlsVersion="1.3" X-WAWS-Unencoded-URL="/api/publish?type=zip" >
  <step title="Cleanup Xml Logs" date="2025-04-03T17:02:13.686" /><!-- duration: 0ms -->
  <step title="OneDeploy" date="2025-04-03T17:02:14.014" >
    <step title="Starting PushDeployAsync" date="2025-04-03T17:02:14.014" /><!-- duration: 0ms -->
    <step title="Updating shutdown sentinel last write time" date="2025-04-03T17:02:14.030" SemaphoreCount="7" /><!-- duration: 0ms -->
    <step title="LockFile &apos;C:\home\site\locks\deployments.lock&apos; acquired" date="2025-04-03T17:02:14.045" /><!-- duration: 0ms -->
    <step title="Saving request content to C:\local\Temp\zipdeploy\zdkqmszt.zip" date="2025-04-03T17:02:14.045" >
      <step title="Total 29,554,617 bytes written to C:\local\Temp\zipdeploy\zdkqmszt.zip" date="2025-04-03T17:02:18.368" /><!-- duration: 0ms -->
    </step><!-- duration: 4337ms -->
    <step title="LockFile &apos;C:\home\site\locks\deployments.lock&apos; released" date="2025-04-03T17:02:18.382" /><!-- duration: 16ms -->
    <step title="Deleting shutdown sentinel file" date="2025-04-03T17:02:18.398" SemaphoreCount="8" /><!-- duration: 0ms -->
    <step title="Starting FetchDeploy" date="2025-04-03T17:02:18.398" /><!-- duration: 0ms -->
    <step title="Attempting to fetch target branch HEAD" date="2025-04-03T17:02:18.414" /><!-- duration: 0ms -->
    <step title="Updating shutdown sentinel last write time" date="2025-04-03T17:02:18.414" SemaphoreCount="7" /><!-- duration: 0ms -->
    <step title="LockFile &apos;C:\home\site\locks\deployments.lock&apos; acquired" date="2025-04-03T17:02:18.445" /><!-- duration: 0ms -->
    <step title="Performing fetch based deployment" date="2025-04-03T17:02:18.445" >
      <step title="Creating temporary deployment" date="2025-04-03T17:02:18.461" /><!-- duration: 16ms -->
      <step title="Fetching changes." date="2025-04-03T17:02:18.532" /><!-- duration: 13ms -->
      <step title="Starting LocalZipHandler" date="2025-04-03T17:02:18.561" /><!-- duration: 0ms -->
      <step title="Starting LocalZipFetch" date="2025-04-03T17:02:18.561" /><!-- duration: 16ms -->
      <step title="Cleaning up temp folders from previous zip deployments and extracting pushed zip file C:\local\Temp\zipdeploy\zdkqmszt.zip (28.19 MB) to C:\local\Temp\zipdeploy\extracted" date="2025-04-03T17:02:18.576" /><!-- duration: 0ms -->
      <step title="Cleaning up temp folders from previous zip deployments and extracting pushed zip file C:\local\Temp\zipdeploy\zdkqmszt.zip (28.19 MB) to C:\local\Temp\zipdeploy\extracted" date="2025-04-03T17:02:18.592" >
        <step title="Renaming extractTargetDirectory(C:\local\Temp\zipdeploy\extracted) to tempDirectory(C:\local\Temp\zipdeploy\umirdjv3.xjm)" date="2025-04-03T17:02:18.592" /><!-- duration: 17ms -->
        <step title="Extracting 499 entries to C:\local\Temp\zipdeploy\extracted directory" date="2025-04-03T17:02:18.629" >
          <step title="Extracting to C:\local\Temp\zipdeploy\extracted\Infrastructure.dll ..." date="2025-04-03T17:02:18.846" /><!-- duration: 12ms -->
          <step title="Extracting to C:\local\Temp\zipdeploy\extracted\Azure.Storage.Common.dll ..." date="2025-04-03T17:02:18.858" /><!-- duration: 36ms -->
          <step title="Extracting to C:\local\Temp\zipdeploy\extracted\zh-Hans\Microsoft.CodeAnalysis.resources.dll ..." date="2025-04-03T17:02:18.905" /><!-- duration: 0ms -->
          <step title="Extracting to C:\local\Temp\zipdeploy\extracted\zh-Hans\Microsoft.CodeAnalysis.CSharp.Workspaces.resources.dll ..." date="2025-04-03T17:02:18.924" /><!-- duration: 0ms -->
          <step title="Extracting to C:\local\Temp\zipdeploy\extracted\zh-Hans\Microsoft.CodeAnalysis.CSharp.resources.dll ..." date="2025-04-03T17:02:18.936" /><!-- duration: 17ms -->
          <step title="Omitting extracting file traces ..." date="2025-04-03T17:02:18.953" /><!-- duration: 19ms -->
        </step><!-- duration: 5776ms -->
      </step><!-- duration: 5830ms -->
      <step title="None repository commit" date="2025-04-03T17:02:24.441" >
        <step title="Commit id: af02244bb28c4f42ad9fe217f76e85e2" date="2025-04-03T17:02:24.452" Message="OneDeploy" AuthorName="N/A" AuthorEmail="N/A" /><!-- duration: 0ms -->
      </step><!-- duration: 30ms -->
      <step title="Before sending BuildRequestReceived status to /api/updatedeploystatus" date="2025-04-03T17:02:24.471" /><!-- duration: 0ms -->
      <step title="DeploymentManager.Deploy(id:af02244bb28c4f42ad9fe217f76e85e2)" date="2025-04-03T17:02:24.483" >
        <step title="Collecting changeset information" date="2025-04-03T17:02:24.500" /><!-- duration: 78ms -->
        <step title="Updating submodules" date="2025-04-03T17:02:24.578" >
          <step title="Updating submodules." date="2025-04-03T17:02:24.655" /><!-- duration: 0ms -->
        </step><!-- duration: 94ms -->
        <step title="Preparing deployment for commit id &apos;af02244bb2&apos;." date="2025-04-03T17:02:24.720" /><!-- duration: 0ms -->
        <step title="Determining deployment builder" date="2025-04-03T17:02:24.797" >
          <step title="Builder is OneDeployBuilder" date="2025-04-03T17:02:24.797" /><!-- duration: 14ms -->
        </step><!-- duration: 14ms -->
        <step title="Copying SSH keys" date="2025-04-03T17:02:24.827" /><!-- duration: 19ms -->
        <step title="Building" date="2025-04-03T17:02:24.846" >
          <step title="Running build. Project type: OneDeploy" date="2025-04-03T17:02:24.875" /><!-- duration: 0ms -->
          <step title="Copying the manifest" date="2025-04-03T17:02:24.952" /><!-- duration: 0ms -->
          <step title="Clean deploying to C:\home\site\wwwroot" date="2025-04-03T17:02:25.014" /><!-- duration: 0ms -->
          <step title="Generating deployment script." date="2025-04-03T17:02:25.092" /><!-- duration: 0ms -->
          <step title="Generating deployment script" date="2025-04-03T17:02:25.108" >
            <step title="Using cached version of the deployment script for command: -y --no-dot-deployment -r &quot;C:\local\Temp\zipdeploy\extracted&quot; -o &quot;C:\home\site\deployments\tools&quot; --basic --sitePath &quot;C:\local\Temp\zipdeploy\extracted&quot;" date="2025-04-03T17:02:25.139" /><!-- duration: 17ms -->
            <step title="Using cached version of deployment script (command: &apos;azure -y --no-dot-deployment -r &quot;C:\local\Temp\zipdeploy\extracted&quot; -o &quot;C:\home\site\deployments\tools&quot; --basic --sitePath &quot;C:\local\Temp\zipdeploy\extracted&quot;&apos;)." date="2025-04-03T17:02:25.170" /><!-- duration: 0ms -->
          </step><!-- duration: 93ms -->
          <step title="Running deployment command..." date="2025-04-03T17:02:25.248" /><!-- duration: 0ms -->
          <step title="Command: &quot;C:\home\site\deployments\tools\deploy.cmd&quot;" date="2025-04-03T17:02:25.264" /><!-- duration: 0ms -->
          <step title="Executing external process" date="2025-04-03T17:02:25.283" type="process" path="starter.cmd" arguments="&quot;C:\home\site\deployments\tools\deploy.cmd&quot;" >
            <step title="Handling Basic Web Site deployment." date="2025-04-03T17:02:25.811" /><!-- duration: 0ms -->
            <step title="Creating app_offline.htm" date="2025-04-03T17:02:26.686" /><!-- duration: 18ms -->
            <step title="KuduSync.NET from: &apos;C:\local\Temp\zipdeploy\extracted&apos; to: &apos;C:\home\site\wwwroot&apos;" date="2025-04-03T17:02:26.717" /><!-- duration: 0ms -->
            <step title="Copying file: &apos;Application.dll&apos;" date="2025-04-03T17:02:26.733" /><!-- duration: 18ms -->
            <step title="Copying file: &apos;Application.pdb&apos;" date="2025-04-03T17:02:26.764" /><!-- duration: 0ms -->
            <step title="Copying file: &apos;Domain.dll&apos;" date="2025-04-03T17:02:26.780" /><!-- duration: 18ms -->
            <step title="Copying file: &apos;Domain.pdb&apos;" date="2025-04-03T17:02:26.811" /><!-- duration: 0ms -->
            <step title="Copying file: &apos;Infrastructure.dll&apos;" date="2025-04-03T17:02:26.827" /><!-- duration: 0ms -->
            <step title="Copying file: &apos;Infrastructure.pdb&apos;" date="2025-04-03T17:02:26.858" /><!-- duration: 0ms -->
            <step title="Copying file: &apos;WebApp&apos;" date="2025-04-03T17:02:26.874" /><!-- duration: 19ms -->
            <step title="Copying file: &apos;WebApp.dll&apos;" date="2025-04-03T17:02:26.905" /><!-- duration: 0ms -->
            <step title="Copying file: &apos;WebApp.pdb&apos;" date="2025-04-03T17:02:26.922" /><!-- duration: 19ms -->
            <step title="Copying file: &apos;publish\publish\publish\publish\publish\Application.deps.json&apos;" date="2025-04-03T17:02:26.952" /><!-- duration: 0ms -->
            <step title="Copying file: &apos;publish\publish\publish\publish\publish\Domain.deps.json&apos;" date="2025-04-03T17:02:26.970" /><!-- duration: 0ms -->
            <step title="Copying file: &apos;publish\publish\publish\publish\publish\Infrastructure.deps.json&apos;" date="2025-04-03T17:02:26.983" /><!-- duration: 16ms -->
            <step title="Copying file: &apos;publish\publish\publish\publish\publish\Infrastructure.runtimeconfig.json&apos;" date="2025-04-03T17:02:26.999" /><!-- duration: 15ms -->
            <step title="Copying file: &apos;publish\publish\publish\publish\publish\publish\publish\appsettings.json&apos;" date="2025-04-03T17:02:27.030" /><!-- duration: 0ms -->
            <step title="Copying file: &apos;publish\publish\publish\publish\publish\publish\publish\WebApp.runtimeconfig.json&apos;" date="2025-04-03T17:02:27.047" /><!-- duration: 14ms -->
            <step title="Copying file: &apos;publish\publish\publish\publish\publish\publish\publish\publish\WebApp.deps.json&apos;" date="2025-04-03T17:02:27.077" /><!-- duration: 0ms -->
            <step title="Copying file: &apos;publish\publish\publish\publish\publish\publish\publish\publish\publish\appsettings.Development.json&apos;" date="2025-04-03T17:02:27.265" /><!-- duration: 0ms -->
            <step title="Copying file: &apos;publish\publish\publish\publish\publish\publish\publish\publish\publish\appsettings.json&apos;" date="2025-04-03T17:02:27.284" /><!-- duration: 11ms -->
            <step title="Copying file: &apos;publish\publish\publish\publish\publish\publish\publish\publish\publish\WebApp.deps.json&apos;" date="2025-04-03T17:02:27.313" /><!-- duration: 0ms -->
            <step title="Copying file: &apos;publish\publish\publish\publish\publish\publish\publish\publish\publish\WebApp.runtimeconfig.json&apos;" date="2025-04-03T17:02:27.342" /><!-- duration: 0ms -->
            <step title="Copying file: &apos;publish\publish\publish\publish\publish\publish\publish\publish\publish\web.config&apos;" date="2025-04-03T17:02:27.361" /><!-- duration: 0ms -->
            <step title="Deleting app_offline.htm" date="2025-04-03T17:02:27.392" /><!-- duration: 0ms -->
            <step title="Finished successfully." date="2025-04-03T17:02:27.421" /><!-- duration: 0ms -->
          </step><!-- duration: 2153ms -->
          <step title="Build completed succesfully." date="2025-04-03T17:02:27.483" /><!-- duration: 0ms -->
          <step title="Running post deployment command(s)..." date="2025-04-03T17:02:27.608" /><!-- duration: 17ms -->
          <step title="Requesting site restart" date="2025-04-03T17:02:27.674" /><!-- duration: 0ms -->
          <step title="Requesting site restart" date="2025-04-03T17:02:27.686" /><!-- duration: 0ms -->
          <step title="Requesting site restart. Attempt #1" date="2025-04-03T17:02:27.748" /><!-- duration: 0ms -->
          <step title="Requesting site restart. Attempt #1" date="2025-04-03T17:02:27.766" /><!-- duration: 0ms -->
          <step title="Successfully requested a restart. Attempt #1" date="2025-04-03T17:02:27.940" /><!-- duration: 0ms -->
          <step title="Successfully requested a restart. Attempt #1" date="2025-04-03T17:02:27.952" /><!-- duration: 0ms -->
          <step title="Deployment successful. DEPLOYMENTINFO: deploymentPath = OneDeploy, deployer = OneDeploy, os = windows, sku = Basic, siteName = iTrackerApp, siteHostName = itrackerapp.azurewebsites.net, deploymentStatus = Success" date="2025-04-03T17:02:27.998" /><!-- duration: 0ms -->
          <step title="Purge deployment items" date="2025-04-03T17:02:28.155" >
            <step title="Remove da1fdb005, Success, received at 4/3/2025 9:07:29 AM" date="2025-04-03T17:02:28.233" /><!-- duration: 0ms -->
          </step><!-- duration: 94ms -->
        </step><!-- duration: 3434ms -->
      </step><!-- duration: 3797ms -->
      <step title="Cleaning up temp files" date="2025-04-03T17:02:28.295" /><!-- duration: 0ms -->
      <step title="Skip function trigger and logicapp sync because function is not enabled." date="2025-04-03T17:02:28.314" /><!-- duration: 0ms -->
    </step><!-- duration: 9897ms -->
    <step title="LockFile &apos;C:\home\site\locks\deployments.lock&apos; released" date="2025-04-03T17:02:28.358" /><!-- duration: 0ms -->
    <step title="Deleting shutdown sentinel file" date="2025-04-03T17:02:28.373" SemaphoreCount="8" /><!-- duration: 0ms -->
  </step><!-- duration: 14376ms -->
  <step title="Outgoing response" date="2025-04-03T17:02:28.409" type="response" statusCode="200" statusText="OK" Server="Microsoft-IIS/10.0" x-ms-request-id="5f211a42-10ad-11f0-861b-56d77f9ecf73" Cache-Control="private" X-AspNet-Version="4.0.30319" /><!-- duration: 11ms -->
</step><!-- duration: 14735ms -->
