<step title="BackgroundTrace" date="2025-04-07T11:02:57.349" instance="e8ad92" url="/api/zipdeploy" method="POST" >
  <step title="Updating shutdown sentinel last write time" date="2025-04-07T11:02:57.396" SemaphoreCount="7" /><!-- duration: 0ms -->
  <step title="LockFile &apos;C:\home\site\locks\deployments.lock&apos; acquired" date="2025-04-07T11:02:57.396" /><!-- duration: 0ms -->
  <step title="Creating temporary deployment" date="2025-04-07T11:02:57.412" /><!-- duration: 63ms -->
  <step title="Performing fetch based deployment" date="2025-04-07T11:02:57.490" >
    <step title="Fetching changes." date="2025-04-07T11:02:57.787" /><!-- duration: 15ms -->
    <step title="Starting LocalZipHandler" date="2025-04-07T11:02:57.818" /><!-- duration: 17ms -->
    <step title="Cleaning up temp folders from previous zip deployments and extracting pushed zip file C:\local\Temp\zipdeploy\1h0oawtr.zip (31.71 MB) to C:\local\Temp\zipdeploy\extracted" date="2025-04-07T11:02:57.882" /><!-- duration: 0ms -->
    <step title="Cleaning up temp folders from previous zip deployments and extracting pushed zip file C:\local\Temp\zipdeploy\1h0oawtr.zip (31.71 MB) to C:\local\Temp\zipdeploy\extracted" date="2025-04-07T11:02:57.882" >
      <step title="Renaming extractTargetDirectory(C:\local\Temp\zipdeploy\extracted) to tempDirectory(C:\local\Temp\zipdeploy\3kfxozxr.q00)" date="2025-04-07T11:02:57.882" /><!-- duration: 14ms -->
      <step title="Extracting 542 entries to C:\local\Temp\zipdeploy\extracted directory" date="2025-04-07T11:02:57.990" >
        <step title="Extracting to C:\local\Temp\zipdeploy\extracted\publish\Infrastructure.dll ..." date="2025-04-07T11:02:58.021" /><!-- duration: 141ms -->
        <step title="Extracting to C:\local\Temp\zipdeploy\extracted\publish\Azure.Storage.Common.dll ..." date="2025-04-07T11:02:58.162" /><!-- duration: 17ms -->
        <step title="Extracting to C:\local\Temp\zipdeploy\extracted\publish\zh-Hans\Microsoft.CodeAnalysis.resources.dll ..." date="2025-04-07T11:02:58.198" /><!-- duration: 11ms -->
        <step title="Extracting to C:\local\Temp\zipdeploy\extracted\publish\zh-Hans\Microsoft.CodeAnalysis.CSharp.Workspaces.resources.dll ..." date="2025-04-07T11:02:58.209" /><!-- duration: 18ms -->
        <step title="Extracting to C:\local\Temp\zipdeploy\extracted\publish\zh-Hans\Microsoft.CodeAnalysis.CSharp.resources.dll ..." date="2025-04-07T11:02:58.227" /><!-- duration: 29ms -->
        <step title="Omitting extracting file traces ..." date="2025-04-07T11:02:58.256" /><!-- duration: 19ms -->
      </step><!-- duration: 6750ms -->
    </step><!-- duration: 6894ms -->
    <step title="Before sending BuildRequestReceived status to /api/updatedeploystatus" date="2025-04-07T11:03:04.787" /><!-- duration: 18ms -->
    <step title="DeploymentManager.Deploy(id:091fad54d89b49368071baf0c8db71f2)" date="2025-04-07T11:03:04.865" >
      <step title="Collecting changeset information" date="2025-04-07T11:03:04.901" /><!-- duration: 125ms -->
      <step title="Updating submodules" date="2025-04-07T11:03:05.037" >
        <step title="Updating submodules." date="2025-04-07T11:03:05.151" /><!-- duration: 0ms -->
      </step><!-- duration: 125ms -->
      <step title="Preparing deployment for commit id &apos;091fad54d8&apos;." date="2025-04-07T11:03:05.256" /><!-- duration: 0ms -->
      <step title="Determining deployment builder" date="2025-04-07T11:03:05.696" >
        <step title="Builder is BasicBuilder" date="2025-04-07T11:03:05.725" /><!-- duration: 0ms -->
      </step><!-- duration: 46ms -->
      <step title="Copying SSH keys" date="2025-04-07T11:03:05.834" /><!-- duration: 16ms -->
      <step title="Building" date="2025-04-07T11:03:05.850" >
        <step title="Generating deployment script." date="2025-04-07T11:03:05.945" /><!-- duration: 0ms -->
        <step title="Generating deployment script" date="2025-04-07T11:03:05.964" >
          <step title="Using cached version of the deployment script for command: -y --no-dot-deployment -r &quot;C:\local\Temp\zipdeploy\extracted&quot; -o &quot;C:\home\site\deployments\tools&quot; --basic --sitePath &quot;C:\local\Temp\zipdeploy\extracted&quot;" date="2025-04-07T11:03:06.088" /><!-- duration: 0ms -->
          <step title="Using cached version of deployment script (command: &apos;azure -y --no-dot-deployment -r &quot;C:\local\Temp\zipdeploy\extracted&quot; -o &quot;C:\home\site\deployments\tools&quot; --basic --sitePath &quot;C:\local\Temp\zipdeploy\extracted&quot;&apos;)." date="2025-04-07T11:03:06.100" /><!-- duration: 17ms -->
        </step><!-- duration: 153ms -->
        <step title="Running deployment command..." date="2025-04-07T11:03:06.209" /><!-- duration: 37ms -->
        <step title="Command: &quot;C:\home\site\deployments\tools\deploy.cmd&quot;" date="2025-04-07T11:03:06.256" /><!-- duration: 20ms -->
        <step title="Executing external process" date="2025-04-07T11:03:06.324" type="process" path="starter.cmd" arguments="&quot;C:\home\site\deployments\tools\deploy.cmd&quot;" >
          <step title="Handling Basic Web Site deployment." date="2025-04-07T11:03:07.120" /><!-- duration: 11ms -->
          <step title="Creating app_offline.htm" date="2025-04-07T11:03:07.881" /><!-- duration: 0ms -->
          <step title="KuduSync.NET from: &apos;C:\local\Temp\zipdeploy\extracted&apos; to: &apos;C:\home\site\wwwroot&apos;" date="2025-04-07T11:03:07.912" /><!-- duration: 0ms -->
          <step title="Deleting file: &apos;App_Data\settings.json&apos;" date="2025-04-07T11:03:07.929" /><!-- duration: 0ms -->
          <step title="Deleting directory: &apos;App_Data&apos;" date="2025-04-07T11:03:07.948" /><!-- duration: 11ms -->
          <step title="Deleting file: &apos;cs\Microsoft.CodeAnalysis.CSharp.resources.dll&apos;" date="2025-04-07T11:03:07.976" /><!-- duration: 0ms -->
          <step title="Deleting file: &apos;cs\Microsoft.CodeAnalysis.CSharp.Workspaces.resources.dll&apos;" date="2025-04-07T11:03:07.990" /><!-- duration: 0ms -->
          <step title="Deleting file: &apos;cs\Microsoft.CodeAnalysis.resources.dll&apos;" date="2025-04-07T11:03:08.006" /><!-- duration: 19ms -->
          <step title="Deleting file: &apos;cs\Microsoft.CodeAnalysis.Workspaces.resources.dll&apos;" date="2025-04-07T11:03:08.025" /><!-- duration: 13ms -->
          <step title="Deleting directory: &apos;cs&apos;" date="2025-04-07T11:03:08.053" /><!-- duration: 19ms -->
          <step title="Deleting file: &apos;de\Microsoft.CodeAnalysis.CSharp.resources.dll&apos;" date="2025-04-07T11:03:08.084" /><!-- duration: 17ms -->
          <step title="Deleting file: &apos;de\Microsoft.CodeAnalysis.CSharp.Workspaces.resources.dll&apos;" date="2025-04-07T11:03:08.101" /><!-- duration: 19ms -->
          <step title="Deleting file: &apos;de\Microsoft.CodeAnalysis.resources.dll&apos;" date="2025-04-07T11:03:08.131" /><!-- duration: 0ms -->
          <step title="Deleting file: &apos;de\Microsoft.CodeAnalysis.Workspaces.resources.dll&apos;" date="2025-04-07T11:03:08.149" /><!-- duration: 0ms -->
          <step title="Deleting directory: &apos;de&apos;" date="2025-04-07T11:03:08.162" /><!-- duration: 16ms -->
          <step title="Deleting file: &apos;es\Microsoft.CodeAnalysis.CSharp.resources.dll&apos;" date="2025-04-07T11:03:08.178" /><!-- duration: 19ms -->
          <step title="Deleting file: &apos;es\Microsoft.CodeAnalysis.CSharp.Workspaces.resources.dll&apos;" date="2025-04-07T11:03:08.209" /><!-- duration: 0ms -->
          <step title="Deleting file: &apos;es\Microsoft.CodeAnalysis.resources.dll&apos;" date="2025-04-07T11:03:08.226" /><!-- duration: 0ms -->
          <step title="Deleting file: &apos;es\Microsoft.CodeAnalysis.Workspaces.resources.dll&apos;" date="2025-04-07T11:03:08.334" /><!-- duration: 16ms -->
          <step title="Deleting directory: &apos;es&apos;" date="2025-04-07T11:03:08.350" /><!-- duration: 0ms -->
          <step title="Deleting file: &apos;fr\Microsoft.CodeAnalysis.CSharp.resources.dll&apos;" date="2025-04-07T11:03:08.369" /><!-- duration: 11ms -->
          <step title="Deleting file: &apos;fr\Microsoft.CodeAnalysis.CSharp.Workspaces.resources.dll&apos;" date="2025-04-07T11:03:08.381" /><!-- duration: 17ms -->
          <step title="Deleting file: &apos;fr\Microsoft.CodeAnalysis.resources.dll&apos;" date="2025-04-07T11:03:08.428" /><!-- duration: 31ms -->
          <step title="Deleting file: &apos;fr\Microsoft.CodeAnalysis.Workspaces.resources.dll&apos;" date="2025-04-07T11:03:08.475" /><!-- duration: 0ms -->
          <step title="Deleting directory: &apos;fr&apos;" date="2025-04-07T11:03:08.506" /><!-- duration: 17ms -->
          <step title="Deleting file: &apos;it\Microsoft.CodeAnalysis.CSharp.resources.dll&apos;" date="2025-04-07T11:03:08.537" /><!-- duration: 34ms -->
          <step title="Deleting file: &apos;it\Microsoft.CodeAnalysis.CSharp.Workspaces.resources.dll&apos;" date="2025-04-07T11:03:08.584" /><!-- duration: 35ms -->
          <step title="Deleting file: &apos;it\Microsoft.CodeAnalysis.resources.dll&apos;" date="2025-04-07T11:03:08.632" /><!-- duration: 16ms -->
          <step title="Deleting file: &apos;it\Microsoft.CodeAnalysis.Workspaces.resources.dll&apos;" date="2025-04-07T11:03:08.667" /><!-- duration: 10ms -->
          <step title="Deleting directory: &apos;it&apos;" date="2025-04-07T11:03:08.697" /><!-- duration: 0ms -->
          <step title="Deleting file: &apos;ja\Microsoft.CodeAnalysis.CSharp.resources.dll&apos;" date="2025-04-07T11:03:08.709" /><!-- duration: 0ms -->
          <step title="Deleting file: &apos;ja\Microsoft.CodeAnalysis.CSharp.Workspaces.resources.dll&apos;" date="2025-04-07T11:03:08.727" /><!-- duration: 0ms -->
          <step title="Deleting file: &apos;ja\Microsoft.CodeAnalysis.resources.dll&apos;" date="2025-04-07T11:03:08.740" /><!-- duration: 17ms -->
          <step title="Deleting file: &apos;ja\Microsoft.CodeAnalysis.Workspaces.resources.dll&apos;" date="2025-04-07T11:03:08.772" /><!-- duration: 16ms -->
          <step title="Deleting directory: &apos;ja&apos;" date="2025-04-07T11:03:08.787" /><!-- duration: 20ms -->
          <step title="Deleting file: &apos;ko\Microsoft.CodeAnalysis.CSharp.resources.dll&apos;" date="2025-04-07T11:03:08.818" /><!-- duration: 19ms -->
          <step title="Deleting file: &apos;ko\Microsoft.CodeAnalysis.CSharp.Workspaces.resources.dll&apos;" date="2025-04-07T11:03:08.867" /><!-- duration: 0ms -->
          <step title="Deleting file: &apos;ko\Microsoft.CodeAnalysis.resources.dll&apos;" date="2025-04-07T11:03:08.881" /><!-- duration: 47ms -->
          <step title="Deleting file: &apos;ko\Microsoft.CodeAnalysis.Workspaces.resources.dll&apos;" date="2025-04-07T11:03:08.928" /><!-- duration: 20ms -->
          <step title="Deleting directory: &apos;ko&apos;" date="2025-04-07T11:03:08.948" /><!-- duration: 12ms -->
          <step title="Deleting file: &apos;pl\Microsoft.CodeAnalysis.CSharp.resources.dll&apos;" date="2025-04-07T11:03:08.978" /><!-- duration: 13ms -->
          <step title="Deleting file: &apos;pl\Microsoft.CodeAnalysis.CSharp.Workspaces.resources.dll&apos;" date="2025-04-07T11:03:09.006" /><!-- duration: 0ms -->
          <step title="Deleting file: &apos;pl\Microsoft.CodeAnalysis.resources.dll&apos;" date="2025-04-07T11:03:09.024" /><!-- duration: 0ms -->
          <step title="Deleting file: &apos;pl\Microsoft.CodeAnalysis.Workspaces.resources.dll&apos;" date="2025-04-07T11:03:09.037" /><!-- duration: 0ms -->
          <step title="Deleting directory: &apos;pl&apos;" date="2025-04-07T11:03:09.053" /><!-- duration: 18ms -->
          <step title="Deleting file: &apos;pt-BR\Microsoft.CodeAnalysis.CSharp.resources.dll&apos;" date="2025-04-07T11:03:09.071" /><!-- duration: 13ms -->
          <step title="Deleting file: &apos;pt-BR\Microsoft.CodeAnalysis.CSharp.Workspaces.resources.dll&apos;" date="2025-04-07T11:03:09.100" /><!-- duration: 0ms -->
          <step title="Deleting file: &apos;pt-BR\Microsoft.CodeAnalysis.resources.dll&apos;" date="2025-04-07T11:03:09.120" /><!-- duration: 0ms -->
          <step title="Deleting file: &apos;pt-BR\Microsoft.CodeAnalysis.Workspaces.resources.dll&apos;" date="2025-04-07T11:03:09.131" /><!-- duration: 0ms -->
          <step title="Deleting directory: &apos;pt-BR&apos;" date="2025-04-07T11:03:09.149" /><!-- duration: 0ms -->
          <step title="Deleting file: &apos;ru\Microsoft.CodeAnalysis.CSharp.resources.dll&apos;" date="2025-04-07T11:03:09.162" /><!-- duration: 16ms -->
          <step title="Omitting next output lines..." date="2025-04-07T11:03:09.178" /><!-- duration: 19ms -->
          <step title="Finished successfully." date="2025-04-07T11:03:24.948" /><!-- duration: 0ms -->
        </step><!-- duration: 18653ms -->
        <step title="Running post deployment command(s)..." date="2025-04-07T11:03:25.084" /><!-- duration: 18ms -->
        <step title="Triggering recycle (preview mode disabled)." date="2025-04-07T11:03:25.228" /><!-- duration: 0ms -->
        <step title="Ignoring FS watcher based recycle request as this is a classic Windows app." date="2025-04-07T11:03:25.228" /><!-- duration: 13ms -->
        <step title="Deployment successful. DEPLOYMENTINFO: deploymentPath = ZipDeploy. Extract zip. , deployer = ZipDeploy, os = windows, sku = Basic, siteName = iTrackerApp, siteHostName = itrackerapp.azurewebsites.net, deploymentStatus = Success" date="2025-04-07T11:03:25.334" /><!-- duration: 0ms -->
        <step title="Purge deployment items" date="2025-04-07T11:03:25.569" >
          <step title="Remove db21bf6f4, Success, received at 4/5/2025 6:59:31 AM" date="2025-04-07T11:03:25.725" /><!-- duration: 16ms -->
        </step><!-- duration: 191ms -->
      </step><!-- duration: 19939ms -->
    </step><!-- duration: 20924ms -->
    <step title="Cleaning up temp files" date="2025-04-07T11:03:25.808" /><!-- duration: 0ms -->
    <step title="Skip function trigger and logicapp sync because function is not enabled." date="2025-04-07T11:03:25.838" /><!-- duration: 12ms -->
  </step><!-- duration: 28396ms -->
  <step title="LockFile &apos;C:\home\site\locks\deployments.lock&apos; released" date="2025-04-07T11:03:25.897" /><!-- duration: 0ms -->
  <step title="Deleting shutdown sentinel file" date="2025-04-07T11:03:25.915" SemaphoreCount="8" /><!-- duration: 0ms -->
</step><!-- duration: 28584ms -->
