<step title="Incoming Request" date="2025-04-07T13:25:28.303" instance="e8ad92" url="/api/publish?type=zip" method="POST" type="request" pid="7264,2,8" Cache-Control="no-cache" Content-Length="32194517" Content-Type="application/octet-stream" Accept="*/*" Accept-Encoding="gzip, deflate" Authorization="Bas..." Host="itrackerapp.scm.azurewebsites.net" User-Agent="AZURECLI/2.70.0 (HOMEBREW)" x-ms-client-request-id="ba60ce76-13b3-11f0-b88c-56d77f9ecf73" X-ARR-LOG-ID="ba60ce76-13b3-11f0-b88c-56d77f9ecf73" CLIENT-IP="103.93.198.139:62659" X-SITE-DEPLOYMENT-ID="iTrackerApp" WAS-DEFAULT-HOSTNAME="itrackerapp.scm.azurewebsites.net" X-Forwarded-Proto="https" X-AppService-Proto="https" X-Forwarded-TlsVersion="1.3" X-WAWS-Unencoded-URL="/api/publish?type=zip" >
  <step title="OneDeploy" date="2025-04-07T13:25:29.319" >
    <step title="Starting PushDeployAsync" date="2025-04-07T13:25:29.428" /><!-- duration: 0ms -->
    <step title="Updating shutdown sentinel last write time" date="2025-04-07T13:25:29.633" SemaphoreCount="7" /><!-- duration: 0ms -->
    <step title="LockFile &apos;C:\home\site\locks\deployments.lock&apos; acquired" date="2025-04-07T13:25:29.646" /><!-- duration: 0ms -->
    <step title="Saving request content to C:\local\Temp\zipdeploy\1mx4wdrn.zip" date="2025-04-07T13:25:29.663" >
      <step title="Total 32,194,517 bytes written to C:\local\Temp\zipdeploy\1mx4wdrn.zip" date="2025-04-07T13:25:42.478" /><!-- duration: 0ms -->
    </step><!-- duration: 12830ms -->
    <step title="LockFile &apos;C:\home\site\locks\deployments.lock&apos; released" date="2025-04-07T13:25:42.493" /><!-- duration: 16ms -->
    <step title="Deleting shutdown sentinel file" date="2025-04-07T13:25:42.509" SemaphoreCount="8" /><!-- duration: 0ms -->
    <step title="Starting FetchDeploy" date="2025-04-07T13:25:42.527" /><!-- duration: 0ms -->
    <step title="Attempting to fetch target branch HEAD" date="2025-04-07T13:25:42.540" /><!-- duration: 0ms -->
    <step title="Updating shutdown sentinel last write time" date="2025-04-07T13:25:42.572" SemaphoreCount="7" /><!-- duration: 0ms -->
    <step title="LockFile &apos;C:\home\site\locks\deployments.lock&apos; acquired" date="2025-04-07T13:25:42.572" /><!-- duration: 0ms -->
    <step title="Performing fetch based deployment" date="2025-04-07T13:25:42.587" >
      <step title="Creating temporary deployment" date="2025-04-07T13:25:42.605" /><!-- duration: 47ms -->
      <step title="Fetching changes." date="2025-04-07T13:25:42.759" /><!-- duration: 16ms -->
      <step title="Starting LocalZipHandler" date="2025-04-07T13:25:42.790" /><!-- duration: 0ms -->
      <step title="Starting LocalZipFetch" date="2025-04-07T13:25:42.806" /><!-- duration: 0ms -->
      <step title="Cleaning up temp folders from previous zip deployments and extracting pushed zip file C:\local\Temp\zipdeploy\1mx4wdrn.zip (30.70 MB) to C:\local\Temp\zipdeploy\extracted" date="2025-04-07T13:25:42.806" /><!-- duration: 0ms -->
      <step title="Cleaning up temp folders from previous zip deployments and extracting pushed zip file C:\local\Temp\zipdeploy\1mx4wdrn.zip (30.70 MB) to C:\local\Temp\zipdeploy\extracted" date="2025-04-07T13:25:42.822" >
        <step title="Extracting 509 entries to C:\local\Temp\zipdeploy\extracted directory" date="2025-04-07T13:25:42.873" >
          <step title="Extracting to C:\local\Temp\zipdeploy\extracted\Infrastructure.dll ..." date="2025-04-07T13:25:42.873" /><!-- duration: 11ms -->
          <step title="Extracting to C:\local\Temp\zipdeploy\extracted\Azure.Storage.Common.dll ..." date="2025-04-07T13:25:42.884" /><!-- duration: 18ms -->
          <step title="Extracting to C:\local\Temp\zipdeploy\extracted\zh-Hans\Microsoft.CodeAnalysis.resources.dll ..." date="2025-04-07T13:25:42.902" /><!-- duration: 14ms -->
          <step title="Extracting to C:\local\Temp\zipdeploy\extracted\zh-Hans\Microsoft.CodeAnalysis.CSharp.Workspaces.resources.dll ..." date="2025-04-07T13:25:42.915" /><!-- duration: 0ms -->
          <step title="Extracting to C:\local\Temp\zipdeploy\extracted\zh-Hans\Microsoft.CodeAnalysis.CSharp.resources.dll ..." date="2025-04-07T13:25:42.915" /><!-- duration: 16ms -->
          <step title="Omitting extracting file traces ..." date="2025-04-07T13:25:42.950" /><!-- duration: 0ms -->
        </step><!-- duration: 5495ms -->
      </step><!-- duration: 5565ms -->
      <step title="None repository commit" date="2025-04-07T13:25:48.387" >
        <step title="Commit id: b9e86441ec664b30a2d0c9a1fac1dddd" date="2025-04-07T13:25:48.400" Message="OneDeploy" AuthorName="N/A" AuthorEmail="N/A" /><!-- duration: 16ms -->
      </step><!-- duration: 29ms -->
      <step title="Before sending BuildRequestReceived status to /api/updatedeploystatus" date="2025-04-07T13:25:48.435" /><!-- duration: 0ms -->
      <step title="DeploymentManager.Deploy(id:b9e86441ec664b30a2d0c9a1fac1dddd)" date="2025-04-07T13:25:48.464" >
        <step title="Collecting changeset information" date="2025-04-07T13:25:48.464" /><!-- duration: 48ms -->
        <step title="Updating submodules" date="2025-04-07T13:25:48.525" >
          <step title="Updating submodules." date="2025-04-07T13:25:48.556" /><!-- duration: 0ms -->
        </step><!-- duration: 31ms -->
        <step title="Preparing deployment for commit id &apos;b9e86441ec&apos;." date="2025-04-07T13:25:48.634" /><!-- duration: 0ms -->
        <step title="Determining deployment builder" date="2025-04-07T13:25:48.666" >
          <step title="Builder is OneDeployBuilder" date="2025-04-07T13:25:48.681" /><!-- duration: 16ms -->
        </step><!-- duration: 30ms -->
        <step title="Copying SSH keys" date="2025-04-07T13:25:48.713" /><!-- duration: 15ms -->
        <step title="Building" date="2025-04-07T13:25:48.728" >
          <step title="Running build. Project type: OneDeploy" date="2025-04-07T13:25:48.759" /><!-- duration: 0ms -->
          <step title="Copying the manifest" date="2025-04-07T13:25:48.790" /><!-- duration: 0ms -->
          <step title="Clean deploying to C:\home\site\wwwroot" date="2025-04-07T13:25:48.837" /><!-- duration: 0ms -->
          <step title="Generating deployment script." date="2025-04-07T13:25:48.915" /><!-- duration: 0ms -->
          <step title="Generating deployment script" date="2025-04-07T13:25:48.915" >
            <step title="Using cached version of the deployment script for command: -y --no-dot-deployment -r &quot;C:\local\Temp\zipdeploy\extracted&quot; -o &quot;C:\home\site\deployments\tools&quot; --basic --sitePath &quot;C:\local\Temp\zipdeploy\extracted&quot;" date="2025-04-07T13:25:48.994" /><!-- duration: 0ms -->
            <step title="Using cached version of deployment script (command: &apos;azure -y --no-dot-deployment -r &quot;C:\local\Temp\zipdeploy\extracted&quot; -o &quot;C:\home\site\deployments\tools&quot; --basic --sitePath &quot;C:\local\Temp\zipdeploy\extracted&quot;&apos;)." date="2025-04-07T13:25:49.009" /><!-- duration: 0ms -->
          </step><!-- duration: 109ms -->
          <step title="Running deployment command..." date="2025-04-07T13:25:49.072" /><!-- duration: 0ms -->
          <step title="Command: &quot;C:\home\site\deployments\tools\deploy.cmd&quot;" date="2025-04-07T13:25:49.087" /><!-- duration: 0ms -->
          <step title="Executing external process" date="2025-04-07T13:25:49.119" type="process" path="starter.cmd" arguments="&quot;C:\home\site\deployments\tools\deploy.cmd&quot;" >
            <step title="Handling Basic Web Site deployment." date="2025-04-07T13:25:49.775" /><!-- duration: 0ms -->
            <step title="Creating app_offline.htm" date="2025-04-07T13:25:50.557" /><!-- duration: 19ms -->
            <step title="KuduSync.NET from: &apos;C:\local\Temp\zipdeploy\extracted&apos; to: &apos;C:\home\site\wwwroot&apos;" date="2025-04-07T13:25:50.587" /><!-- duration: 18ms -->
            <step title="Deleting file: &apos;Logs\log20250407.txt&apos;" date="2025-04-07T13:25:50.624" /><!-- duration: 0ms -->
            <step title="Deleting directory: &apos;Logs&apos;" date="2025-04-07T13:25:50.652" /><!-- duration: 0ms -->
            <step title="Deleting file: &apos;app.db&apos;" date="2025-04-07T13:25:50.681" /><!-- duration: 0ms -->
            <step title="Copying file: &apos;Application.dll&apos;" date="2025-04-07T13:25:50.681" /><!-- duration: 16ms -->
            <step title="Copying file: &apos;Application.pdb&apos;" date="2025-04-07T13:25:50.697" /><!-- duration: 16ms -->
            <step title="Copying file: &apos;Domain.dll&apos;" date="2025-04-07T13:25:50.712" /><!-- duration: 0ms -->
            <step title="Copying file: &apos;Domain.pdb&apos;" date="2025-04-07T13:25:50.728" /><!-- duration: 6ms -->
            <step title="Copying file: &apos;Infrastructure.dll&apos;" date="2025-04-07T13:25:50.734" /><!-- duration: 0ms -->
            <step title="Copying file: &apos;Infrastructure.pdb&apos;" date="2025-04-07T13:25:50.750" /><!-- duration: 0ms -->
            <step title="Copying file: &apos;WebApp&apos;" date="2025-04-07T13:25:50.765" /><!-- duration: 0ms -->
            <step title="Copying file: &apos;WebApp.dll&apos;" date="2025-04-07T13:25:50.765" /><!-- duration: 16ms -->
            <step title="Copying file: &apos;WebApp.pdb&apos;" date="2025-04-07T13:25:50.781" /><!-- duration: 0ms -->
            <step title="Copying file: &apos;publish\web.config&apos;" date="2025-04-07T13:25:50.797" /><!-- duration: 0ms -->
            <step title="Deleting app_offline.htm" date="2025-04-07T13:25:50.813" /><!-- duration: 0ms -->
            <step title="Finished successfully." date="2025-04-07T13:25:50.813" /><!-- duration: 0ms -->
          </step><!-- duration: 1710ms -->
          <step title="Build completed succesfully." date="2025-04-07T13:25:50.860" /><!-- duration: 0ms -->
          <step title="Running post deployment command(s)..." date="2025-04-07T13:25:50.907" /><!-- duration: 0ms -->
          <step title="Requesting site restart" date="2025-04-07T13:25:50.970" /><!-- duration: 0ms -->
          <step title="Requesting site restart" date="2025-04-07T13:25:50.985" /><!-- duration: 0ms -->
          <step title="Requesting site restart. Attempt #1" date="2025-04-07T13:25:51.032" /><!-- duration: 16ms -->
          <step title="Requesting site restart. Attempt #1" date="2025-04-07T13:25:51.048" /><!-- duration: 0ms -->
          <step title="Successfully requested a restart. Attempt #1" date="2025-04-07T13:25:51.564" /><!-- duration: 0ms -->
          <step title="Successfully requested a restart. Attempt #1" date="2025-04-07T13:25:51.579" /><!-- duration: 0ms -->
          <step title="Deployment successful. DEPLOYMENTINFO: deploymentPath = OneDeploy, deployer = OneDeploy, os = windows, sku = Basic, siteName = iTrackerApp, siteHostName = itrackerapp.azurewebsites.net, deploymentStatus = Success" date="2025-04-07T13:25:51.610" /><!-- duration: 0ms -->
          <step title="Purge deployment items" date="2025-04-07T13:25:51.798" >
            <step title="Remove b5798ea9c, Success, received at 4/7/2025 7:03:54 AM" date="2025-04-07T13:25:51.860" /><!-- duration: 0ms -->
          </step><!-- duration: 63ms -->
        </step><!-- duration: 3148ms -->
      </step><!-- duration: 3412ms -->
      <step title="Cleaning up temp files" date="2025-04-07T13:25:51.907" /><!-- duration: 0ms -->
      <step title="Skip function trigger and logicapp sync because function is not enabled." date="2025-04-07T13:25:51.926" /><!-- duration: 0ms -->
    </step><!-- duration: 9367ms -->
    <step title="LockFile &apos;C:\home\site\locks\deployments.lock&apos; released" date="2025-04-07T13:25:51.954" /><!-- duration: 16ms -->
    <step title="Deleting shutdown sentinel file" date="2025-04-07T13:25:51.970" SemaphoreCount="8" /><!-- duration: 0ms -->
  </step><!-- duration: 22651ms -->
  <step title="Outgoing response" date="2025-04-07T13:25:52.082" type="response" statusCode="200" statusText="OK" Server="Microsoft-IIS/10.0" x-ms-request-id="ba60ce76-13b3-11f0-b88c-56d77f9ecf73" Cache-Control="private" X-AspNet-Version="4.0.30319" /><!-- duration: 19ms -->
</step><!-- duration: 23810ms -->
