<step title="Incoming Request" date="2025-04-03T16:44:15.470" instance="e8ad92" url="/api/publish?type=zip" method="POST" type="request" pid="8156,2,39" Cache-Control="no-cache" Content-Length="29463051" Content-Type="application/octet-stream" Accept="*/*" Accept-Encoding="gzip, deflate" Authorization="Bas..." Host="itrackerapp.scm.azurewebsites.net" User-Agent="AZURECLI/2.70.0 (HOMEBREW)" x-ms-client-request-id="dcf3111c-10aa-11f0-a1d8-56d77f9ecf73" X-ARR-LOG-ID="dcf3111c-10aa-11f0-a1d8-56d77f9ecf73" CLIENT-IP="103.93.198.139:53146" X-SITE-DEPLOYMENT-ID="iTrackerApp" WAS-DEFAULT-HOSTNAME="itrackerapp.scm.azurewebsites.net" X-Forwarded-Proto="https" X-AppService-Proto="https" X-Forwarded-TlsVersion="1.3" X-WAWS-Unencoded-URL="/api/publish?type=zip" >
  <step title="Cleanup Xml Logs" date="2025-04-03T16:44:15.470" /><!-- duration: 15ms -->
  <step title="OneDeploy" date="2025-04-03T16:44:15.831" >
    <step title="Starting PushDeployAsync" date="2025-04-03T16:44:15.831" /><!-- duration: 0ms -->
    <step title="Updating shutdown sentinel last write time" date="2025-04-03T16:44:15.845" SemaphoreCount="7" /><!-- duration: 0ms -->
    <step title="LockFile &apos;C:\home\site\locks\deployments.lock&apos; acquired" date="2025-04-03T16:44:15.861" /><!-- duration: 0ms -->
    <step title="Saving request content to C:\local\Temp\zipdeploy\mdg2vox1.zip" date="2025-04-03T16:44:15.861" >
      <step title="Total 29,463,051 bytes written to C:\local\Temp\zipdeploy\mdg2vox1.zip" date="2025-04-03T16:44:45.167" /><!-- duration: 0ms -->
    </step><!-- duration: 29307ms -->
    <step title="LockFile &apos;C:\home\site\locks\deployments.lock&apos; released" date="2025-04-03T16:44:45.183" /><!-- duration: 0ms -->
    <step title="Deleting shutdown sentinel file" date="2025-04-03T16:44:45.183" SemaphoreCount="8" /><!-- duration: 0ms -->
    <step title="Starting FetchDeploy" date="2025-04-03T16:44:45.183" /><!-- duration: 16ms -->
    <step title="Attempting to fetch target branch HEAD" date="2025-04-03T16:44:45.230" /><!-- duration: 0ms -->
    <step title="Updating shutdown sentinel last write time" date="2025-04-03T16:44:45.245" SemaphoreCount="7" /><!-- duration: 0ms -->
    <step title="LockFile &apos;C:\home\site\locks\deployments.lock&apos; acquired" date="2025-04-03T16:44:45.245" /><!-- duration: 0ms -->
    <step title="Performing fetch based deployment" date="2025-04-03T16:44:45.261" >
      <step title="Creating temporary deployment" date="2025-04-03T16:44:45.261" /><!-- duration: 31ms -->
      <step title="Fetching changes." date="2025-04-03T16:44:45.355" /><!-- duration: 0ms -->
      <step title="Starting LocalZipHandler" date="2025-04-03T16:44:45.372" /><!-- duration: 0ms -->
      <step title="Starting LocalZipFetch" date="2025-04-03T16:44:45.390" /><!-- duration: 0ms -->
      <step title="Cleaning up temp folders from previous zip deployments and extracting pushed zip file C:\local\Temp\zipdeploy\mdg2vox1.zip (28.10 MB) to C:\local\Temp\zipdeploy\extracted" date="2025-04-03T16:44:45.402" /><!-- duration: 0ms -->
      <step title="Cleaning up temp folders from previous zip deployments and extracting pushed zip file C:\local\Temp\zipdeploy\mdg2vox1.zip (28.10 MB) to C:\local\Temp\zipdeploy\extracted" date="2025-04-03T16:44:45.402" >
        <step title="Renaming extractTargetDirectory(C:\local\Temp\zipdeploy\extracted) to tempDirectory(C:\local\Temp\zipdeploy\1zptqc4n.tqf)" date="2025-04-03T16:44:45.417" /><!-- duration: 0ms -->
        <step title="Extracting 479 entries to C:\local\Temp\zipdeploy\extracted directory" date="2025-04-03T16:44:45.433" >
          <step title="Extracting to C:\local\Temp\zipdeploy\extracted\Infrastructure.dll ..." date="2025-04-03T16:44:45.652" /><!-- duration: 47ms -->
          <step title="Extracting to C:\local\Temp\zipdeploy\extracted\Azure.Storage.Common.dll ..." date="2025-04-03T16:44:45.699" /><!-- duration: 36ms -->
          <step title="Extracting to C:\local\Temp\zipdeploy\extracted\zh-Hans\Microsoft.CodeAnalysis.resources.dll ..." date="2025-04-03T16:44:45.735" /><!-- duration: 10ms -->
          <step title="Extracting to C:\local\Temp\zipdeploy\extracted\zh-Hans\Microsoft.CodeAnalysis.CSharp.Workspaces.resources.dll ..." date="2025-04-03T16:44:45.763" /><!-- duration: 0ms -->
          <step title="Extracting to C:\local\Temp\zipdeploy\extracted\zh-Hans\Microsoft.CodeAnalysis.CSharp.resources.dll ..." date="2025-04-03T16:44:45.763" /><!-- duration: 29ms -->
          <step title="Omitting extracting file traces ..." date="2025-04-03T16:44:45.792" /><!-- duration: 35ms -->
        </step><!-- duration: 5579ms -->
      </step><!-- duration: 5610ms -->
      <step title="None repository commit" date="2025-04-03T16:44:51.012" >
        <step title="Commit id: 84f6b6e93f904126b9274170ca3f8e9b" date="2025-04-03T16:44:51.030" Message="OneDeploy" AuthorName="N/A" AuthorEmail="N/A" /><!-- duration: 12ms -->
      </step><!-- duration: 31ms -->
      <step title="Before sending BuildRequestReceived status to /api/updatedeploystatus" date="2025-04-03T16:44:51.042" /><!-- duration: 0ms -->
      <step title="DeploymentManager.Deploy(id:84f6b6e93f904126b9274170ca3f8e9b)" date="2025-04-03T16:44:51.042" >
        <step title="Collecting changeset information" date="2025-04-03T16:44:51.058" /><!-- duration: 79ms -->
        <step title="Updating submodules" date="2025-04-03T16:44:51.137" >
          <step title="Updating submodules." date="2025-04-03T16:44:51.202" /><!-- duration: 0ms -->
        </step><!-- duration: 77ms -->
        <step title="Preparing deployment for commit id &apos;84f6b6e93f&apos;." date="2025-04-03T16:44:51.296" /><!-- duration: 13ms -->
        <step title="Determining deployment builder" date="2025-04-03T16:44:51.386" >
          <step title="Builder is OneDeployBuilder" date="2025-04-03T16:44:51.386" /><!-- duration: 18ms -->
        </step><!-- duration: 18ms -->
        <step title="Copying SSH keys" date="2025-04-03T16:44:51.433" /><!-- duration: 0ms -->
        <step title="Building" date="2025-04-03T16:44:51.433" >
          <step title="Running build. Project type: OneDeploy" date="2025-04-03T16:44:51.481" /><!-- duration: 0ms -->
          <step title="Copying the manifest" date="2025-04-03T16:44:51.527" /><!-- duration: 17ms -->
          <step title="Clean deploying to C:\home\site\wwwroot" date="2025-04-03T16:44:51.621" /><!-- duration: 0ms -->
          <step title="Generating deployment script." date="2025-04-03T16:44:51.667" /><!-- duration: 0ms -->
          <step title="Generating deployment script" date="2025-04-03T16:44:51.683" >
            <step title="Using cached version of the deployment script for command: -y --no-dot-deployment -r &quot;C:\local\Temp\zipdeploy\extracted&quot; -o &quot;C:\home\site\deployments\tools&quot; --basic --sitePath &quot;C:\local\Temp\zipdeploy\extracted&quot;" date="2025-04-03T16:44:51.730" /><!-- duration: 0ms -->
            <step title="Using cached version of deployment script (command: &apos;azure -y --no-dot-deployment -r &quot;C:\local\Temp\zipdeploy\extracted&quot; -o &quot;C:\home\site\deployments\tools&quot; --basic --sitePath &quot;C:\local\Temp\zipdeploy\extracted&quot;&apos;)." date="2025-04-03T16:44:51.746" /><!-- duration: 0ms -->
          </step><!-- duration: 78ms -->
          <step title="Running deployment command..." date="2025-04-03T16:44:51.810" /><!-- duration: 0ms -->
          <step title="Command: &quot;C:\home\site\deployments\tools\deploy.cmd&quot;" date="2025-04-03T16:44:51.824" /><!-- duration: 0ms -->
          <step title="Executing external process" date="2025-04-03T16:44:51.839" type="process" path="starter.cmd" arguments="&quot;C:\home\site\deployments\tools\deploy.cmd&quot;" >
            <step title="Handling Basic Web Site deployment." date="2025-04-03T16:44:52.391" /><!-- duration: 11ms -->
            <step title="Creating app_offline.htm" date="2025-04-03T16:44:55.435" /><!-- duration: 0ms -->
            <step title="KuduSync.NET from: &apos;C:\local\Temp\zipdeploy\extracted&apos; to: &apos;C:\home\site\wwwroot&apos;" date="2025-04-03T16:44:55.464" /><!-- duration: 0ms -->
            <step title="Deleting file: &apos;Logs\log20250403.txt&apos;" date="2025-04-03T16:44:55.483" /><!-- duration: 12ms -->
            <step title="Deleting directory: &apos;Logs&apos;" date="2025-04-03T16:44:55.512" /><!-- duration: 0ms -->
            <step title="Deleting file: &apos;app.db&apos;" date="2025-04-03T16:44:55.531" /><!-- duration: 11ms -->
            <step title="Deleting file: &apos;app.db-shm&apos;" date="2025-04-03T16:44:55.560" /><!-- duration: 14ms -->
            <step title="Deleting file: &apos;app.db-wal&apos;" date="2025-04-03T16:44:55.589" /><!-- duration: 0ms -->
            <step title="Copying file: &apos;Application.Abstractions.dll&apos;" date="2025-04-03T16:44:55.621" /><!-- duration: 16ms -->
            <step title="Copying file: &apos;Application.Abstractions.pdb&apos;" date="2025-04-03T16:44:55.656" /><!-- duration: 0ms -->
            <step title="Copying file: &apos;Application.Common.dll&apos;" date="2025-04-03T16:44:55.686" /><!-- duration: 0ms -->
            <step title="Copying file: &apos;Application.Common.pdb&apos;" date="2025-04-03T16:44:55.715" /><!-- duration: 0ms -->
            <step title="Copying file: &apos;Application.dll&apos;" date="2025-04-03T16:44:55.746" /><!-- duration: 0ms -->
            <step title="Copying file: &apos;Application.pdb&apos;" date="2025-04-03T16:44:55.763" /><!-- duration: 14ms -->
            <step title="Copying file: &apos;Domain.dll&apos;" date="2025-04-03T16:44:55.793" /><!-- duration: 19ms -->
            <step title="Copying file: &apos;Domain.pdb&apos;" date="2025-04-03T16:44:55.824" /><!-- duration: 17ms -->
            <step title="Copying file: &apos;Infrastructure.dll&apos;" date="2025-04-03T16:44:55.859" /><!-- duration: 12ms -->
            <step title="Copying file: &apos;Infrastructure.pdb&apos;" date="2025-04-03T16:44:55.887" /><!-- duration: 0ms -->
            <step title="Copying file: &apos;WebApp&apos;" date="2025-04-03T16:44:55.906" /><!-- duration: 11ms -->
            <step title="Copying file: &apos;WebApp.dll&apos;" date="2025-04-03T16:44:55.935" /><!-- duration: 0ms -->
            <step title="Copying file: &apos;WebApp.pdb&apos;" date="2025-04-03T16:44:55.964" /><!-- duration: 0ms -->
            <step title="Copying file: &apos;publish\publish\publish\Application.deps.json&apos;" date="2025-04-03T16:44:55.983" /><!-- duration: 0ms -->
            <step title="Copying file: &apos;publish\publish\publish\Domain.deps.json&apos;" date="2025-04-03T16:44:56.012" /><!-- duration: 0ms -->
            <step title="Copying file: &apos;publish\publish\publish\Infrastructure.deps.json&apos;" date="2025-04-03T16:44:56.032" /><!-- duration: 0ms -->
            <step title="Copying file: &apos;publish\publish\publish\Infrastructure.runtimeconfig.json&apos;" date="2025-04-03T16:44:56.043" /><!-- duration: 0ms -->
            <step title="Copying file: &apos;publish\publish\publish\publish\publish\appsettings.json&apos;" date="2025-04-03T16:44:59.966" /><!-- duration: 18ms -->
            <step title="Copying file: &apos;publish\publish\publish\publish\publish\WebApp.runtimeconfig.json&apos;" date="2025-04-03T16:45:00.013" /><!-- duration: 0ms -->
            <step title="Copying file: &apos;publish\publish\publish\publish\publish\publish\WebApp.deps.json&apos;" date="2025-04-03T16:45:00.044" /><!-- duration: 0ms -->
            <step title="Copying file: &apos;publish\publish\publish\publish\publish\publish\publish\appsettings.Development.json&apos;" date="2025-04-03T16:45:00.080" /><!-- duration: 0ms -->
            <step title="Copying file: &apos;publish\publish\publish\publish\publish\publish\publish\appsettings.json&apos;" date="2025-04-03T16:45:00.122" /><!-- duration: 0ms -->
            <step title="Copying file: &apos;publish\publish\publish\publish\publish\publish\publish\WebApp.deps.json&apos;" date="2025-04-03T16:45:00.154" /><!-- duration: 0ms -->
            <step title="Copying file: &apos;publish\publish\publish\publish\publish\publish\publish\WebApp.runtimeconfig.json&apos;" date="2025-04-03T16:45:00.263" /><!-- duration: 17ms -->
            <step title="Copying file: &apos;publish\publish\publish\publish\publish\publish\publish\web.config&apos;" date="2025-04-03T16:45:00.341" /><!-- duration: 19ms -->
            <step title="Deleting app_offline.htm" date="2025-04-03T16:45:00.451" /><!-- duration: 78ms -->
            <step title="Finished successfully." date="2025-04-03T16:45:00.576" /><!-- duration: 31ms -->
          </step><!-- duration: 8814ms -->
          <step title="Build completed succesfully." date="2025-04-03T16:45:00.841" /><!-- duration: 17ms -->
          <step title="Running post deployment command(s)..." date="2025-04-03T16:45:01.002" /><!-- duration: 0ms -->
          <step title="Requesting site restart" date="2025-04-03T16:45:01.138" /><!-- duration: 0ms -->
          <step title="Requesting site restart" date="2025-04-03T16:45:01.169" /><!-- duration: 0ms -->
          <step title="Requesting site restart. Attempt #1" date="2025-04-03T16:45:01.311" /><!-- duration: 0ms -->
          <step title="Requesting site restart. Attempt #1" date="2025-04-03T16:45:01.330" /><!-- duration: 29ms -->
          <step title="Successfully requested a restart. Attempt #1" date="2025-04-03T16:45:02.032" /><!-- duration: 0ms -->
          <step title="Successfully requested a restart. Attempt #1" date="2025-04-03T16:45:02.044" /><!-- duration: 17ms -->
          <step title="Deployment successful. DEPLOYMENTINFO: deploymentPath = OneDeploy, deployer = OneDeploy, os = windows, sku = Basic, siteName = iTrackerApp, siteHostName = itrackerapp.azurewebsites.net, deploymentStatus = Success" date="2025-04-03T16:45:02.342" /><!-- duration: 0ms -->
          <step title="Purge deployment items" date="2025-04-03T16:45:02.592" >
            <step title="Remove 388d6e169, Success, received at 4/3/2025 8:55:10 AM" date="2025-04-03T16:45:02.794" /><!-- duration: 0ms -->
          </step><!-- duration: 221ms -->
        </step><!-- duration: 11553ms -->
      </step><!-- duration: 11973ms -->
      <step title="Cleaning up temp files" date="2025-04-03T16:45:03.029" /><!-- duration: 35ms -->
      <step title="Skip function trigger and logicapp sync because function is not enabled." date="2025-04-03T16:45:03.092" /><!-- duration: 0ms -->
    </step><!-- duration: 17928ms -->
    <step title="LockFile &apos;C:\home\site\locks\deployments.lock&apos; released" date="2025-04-03T16:45:03.201" /><!-- duration: 0ms -->
    <step title="Deleting shutdown sentinel file" date="2025-04-03T16:45:03.218" SemaphoreCount="8" /><!-- duration: 0ms -->
  </step><!-- duration: 47464ms -->
  <step title="Outgoing response" date="2025-04-03T16:45:03.314" type="response" statusCode="200" statusText="OK" Server="Microsoft-IIS/10.0" x-ms-request-id="dcf3111c-10aa-11f0-a1d8-56d77f9ecf73" Cache-Control="private" X-AspNet-Version="4.0.30319" /><!-- duration: 12ms -->
</step><!-- duration: 47855ms -->
