<step title="Incoming Request" date="2025-04-03T09:01:49.799" instance="e8ad92" url="/api/publish?type=zip" method="POST" type="request" pid="7324,2,8" Cache-Control="no-cache" Connection="Keep-Alive" Content-Length="29305129" Content-Type="application/octet-stream" Accept="*/*" Accept-Encoding="gzip, deflate" Authorization="Bas..." Host="itrackerapp.scm.azurewebsites.net" User-Agent="AZURECLI/2.70.0 (HOMEBREW)" x-ms-client-request-id="3fed0296-106a-11f0-b848-56d77f9ecf73" X-ARR-LOG-ID="3fed0296-106a-11f0-b848-56d77f9ecf73" CLIENT-IP="58.84.60.25:4667" X-SITE-DEPLOYMENT-ID="iTrackerApp" WAS-DEFAULT-HOSTNAME="itrackerapp.scm.azurewebsites.net" X-Forwarded-Proto="https" X-AppService-Proto="https" X-Forwarded-TlsVersion="1.3" X-WAWS-Unencoded-URL="/api/publish?type=zip" X-MS-COLDSTART="1" >
  <step title="OneDeploy" date="2025-04-03T09:01:50.630" >
    <step title="Starting PushDeployAsync" date="2025-04-03T09:01:50.727" /><!-- duration: 10ms -->
    <step title="Updating shutdown sentinel last write time" date="2025-04-03T09:01:50.893" SemaphoreCount="7" /><!-- duration: 0ms -->
    <step title="LockFile &apos;C:\home\site\locks\deployments.lock&apos; acquired" date="2025-04-03T09:01:50.910" /><!-- duration: 0ms -->
    <step title="Saving request content to C:\local\Temp\zipdeploy\vb1qldog.zip" date="2025-04-03T09:01:50.929" >
      <step title="Total 29,305,129 bytes written to C:\local\Temp\zipdeploy\vb1qldog.zip" date="2025-04-03T09:01:54.637" /><!-- duration: 0ms -->
    </step><!-- duration: 3724ms -->
    <step title="LockFile &apos;C:\home\site\locks\deployments.lock&apos; released" date="2025-04-03T09:01:54.653" /><!-- duration: 0ms -->
    <step title="Deleting shutdown sentinel file" date="2025-04-03T09:01:54.669" SemaphoreCount="8" /><!-- duration: 0ms -->
    <step title="Starting FetchDeploy" date="2025-04-03T09:01:54.686" /><!-- duration: 0ms -->
    <step title="Attempting to fetch target branch HEAD" date="2025-04-03T09:01:54.686" /><!-- duration: 0ms -->
    <step title="Updating shutdown sentinel last write time" date="2025-04-03T09:01:54.700" SemaphoreCount="7" /><!-- duration: 16ms -->
    <step title="LockFile &apos;C:\home\site\locks\deployments.lock&apos; acquired" date="2025-04-03T09:01:54.716" /><!-- duration: 20ms -->
    <step title="Performing fetch based deployment" date="2025-04-03T09:01:54.747" >
      <step title="Creating temporary deployment" date="2025-04-03T09:01:54.747" /><!-- duration: 63ms -->
      <step title="Fetching changes." date="2025-04-03T09:01:54.934" /><!-- duration: 17ms -->
      <step title="Starting LocalZipHandler" date="2025-04-03T09:01:54.966" /><!-- duration: 16ms -->
      <step title="Starting LocalZipFetch" date="2025-04-03T09:01:54.981" /><!-- duration: 31ms -->
      <step title="Cleaning up temp folders from previous zip deployments and extracting pushed zip file C:\local\Temp\zipdeploy\vb1qldog.zip (27.95 MB) to C:\local\Temp\zipdeploy\extracted" date="2025-04-03T09:01:55.013" /><!-- duration: 0ms -->
      <step title="Cleaning up temp folders from previous zip deployments and extracting pushed zip file C:\local\Temp\zipdeploy\vb1qldog.zip (27.95 MB) to C:\local\Temp\zipdeploy\extracted" date="2025-04-03T09:01:55.028" >
        <step title="Extracting 422 entries to C:\local\Temp\zipdeploy\extracted directory" date="2025-04-03T09:01:55.059" >
          <step title="Extracting to C:\local\Temp\zipdeploy\extracted\publish\Application.Abstractions.dll ..." date="2025-04-03T09:01:55.107" /><!-- duration: 16ms -->
          <step title="Extracting to C:\local\Temp\zipdeploy\extracted\publish\Application.Abstractions.pdb ..." date="2025-04-03T09:01:55.123" /><!-- duration: 0ms -->
          <step title="Extracting to C:\local\Temp\zipdeploy\extracted\publish\Application.Common.dll ..." date="2025-04-03T09:01:55.123" /><!-- duration: 14ms -->
          <step title="Extracting to C:\local\Temp\zipdeploy\extracted\publish\Application.Common.pdb ..." date="2025-04-03T09:01:55.138" /><!-- duration: 0ms -->
          <step title="Extracting to C:\local\Temp\zipdeploy\extracted\publish\Application.dll ..." date="2025-04-03T09:01:55.138" /><!-- duration: 32ms -->
          <step title="Omitting extracting file traces ..." date="2025-04-03T09:01:55.169" /><!-- duration: 0ms -->
        </step><!-- duration: 5017ms -->
      </step><!-- duration: 5064ms -->
      <step title="None repository commit" date="2025-04-03T09:02:00.092" >
        <step title="Commit id: 56e43e1acc7c4fa9b6dc73e1a2769707" date="2025-04-03T09:02:00.111" Message="OneDeploy" AuthorName="N/A" AuthorEmail="N/A" /><!-- duration: 12ms -->
      </step><!-- duration: 47ms -->
      <step title="Before sending BuildRequestReceived status to /api/updatedeploystatus" date="2025-04-03T09:02:00.140" /><!-- duration: 19ms -->
      <step title="DeploymentManager.Deploy(id:56e43e1acc7c4fa9b6dc73e1a2769707)" date="2025-04-03T09:02:00.188" >
        <step title="Collecting changeset information" date="2025-04-03T09:02:00.217" /><!-- duration: 282ms -->
        <step title="Updating submodules" date="2025-04-03T09:02:00.577" >
          <step title="Updating submodules." date="2025-04-03T09:02:00.656" /><!-- duration: 20ms -->
        </step><!-- duration: 109ms -->
        <step title="Preparing deployment for commit id &apos;56e43e1acc&apos;." date="2025-04-03T09:02:00.796" /><!-- duration: 0ms -->
        <step title="Determining deployment builder" date="2025-04-03T09:02:00.910" >
          <step title="Builder is OneDeployBuilder" date="2025-04-03T09:02:00.952" /><!-- duration: 17ms -->
        </step><!-- duration: 120ms -->
        <step title="Copying SSH keys" date="2025-04-03T09:02:01.186" /><!-- duration: 18ms -->
        <step title="Building" date="2025-04-03T09:02:01.233" >
          <step title="Running build. Project type: OneDeploy" date="2025-04-03T09:02:01.360" /><!-- duration: 0ms -->
          <step title="Copying the manifest" date="2025-04-03T09:02:01.473" /><!-- duration: 0ms -->
          <step title="Clean deploying to C:\home\site\wwwroot" date="2025-04-03T09:02:01.565" /><!-- duration: 12ms -->
          <step title="Generating deployment script." date="2025-04-03T09:02:01.780" /><!-- duration: 16ms -->
          <step title="Generating deployment script" date="2025-04-03T09:02:01.815" >
            <step title="Using cached version of the deployment script for command: -y --no-dot-deployment -r &quot;C:\local\Temp\zipdeploy\extracted&quot; -o &quot;C:\home\site\deployments\tools&quot; --basic --sitePath &quot;C:\local\Temp\zipdeploy\extracted&quot;" date="2025-04-03T09:02:01.905" /><!-- duration: 0ms -->
            <step title="Using cached version of deployment script (command: &apos;azure -y --no-dot-deployment -r &quot;C:\local\Temp\zipdeploy\extracted&quot; -o &quot;C:\home\site\deployments\tools&quot; --basic --sitePath &quot;C:\local\Temp\zipdeploy\extracted&quot;&apos;)." date="2025-04-03T09:02:01.937" /><!-- duration: 16ms -->
          </step><!-- duration: 155ms -->
          <step title="Running deployment command..." date="2025-04-03T09:02:02.048" /><!-- duration: 0ms -->
          <step title="Command: &quot;C:\home\site\deployments\tools\deploy.cmd&quot;" date="2025-04-03T09:02:02.077" /><!-- duration: 0ms -->
          <step title="Executing external process" date="2025-04-03T09:02:02.187" type="process" path="starter.cmd" arguments="&quot;C:\home\site\deployments\tools\deploy.cmd&quot;" >
            <step title="Handling Basic Web Site deployment." date="2025-04-03T09:02:02.986" /><!-- duration: 0ms -->
            <step title="Creating app_offline.htm" date="2025-04-03T09:02:04.031" /><!-- duration: 16ms -->
            <step title="KuduSync.NET from: &apos;C:\local\Temp\zipdeploy\extracted&apos; to: &apos;C:\home\site\wwwroot&apos;" date="2025-04-03T09:02:04.065" /><!-- duration: 0ms -->
            <step title="Copying file: &apos;publish\web.config&apos;" date="2025-04-03T09:02:04.094" /><!-- duration: 0ms -->
            <step title="Deleting app_offline.htm" date="2025-04-03T09:02:04.114" /><!-- duration: 11ms -->
            <step title="Finished successfully." date="2025-04-03T09:02:04.156" /><!-- duration: 0ms -->
          </step><!-- duration: 1987ms -->
          <step title="Build completed succesfully." date="2025-04-03T09:02:04.281" /><!-- duration: 19ms -->
          <step title="Running post deployment command(s)..." date="2025-04-03T09:02:04.484" /><!-- duration: 33ms -->
          <step title="Requesting site restart" date="2025-04-03T09:02:04.593" /><!-- duration: 0ms -->
          <step title="Requesting site restart" date="2025-04-03T09:02:04.609" /><!-- duration: 0ms -->
          <step title="Requesting site restart. Attempt #1" date="2025-04-03T09:02:04.672" /><!-- duration: 0ms -->
          <step title="Requesting site restart. Attempt #1" date="2025-04-03T09:02:04.687" /><!-- duration: 0ms -->
          <step title="Successfully requested a restart. Attempt #1" date="2025-04-03T09:02:05.125" /><!-- duration: 0ms -->
          <step title="Successfully requested a restart. Attempt #1" date="2025-04-03T09:02:05.144" /><!-- duration: 12ms -->
          <step title="Deployment successful. DEPLOYMENTINFO: deploymentPath = OneDeploy, deployer = OneDeploy, os = windows, sku = Basic, siteName = iTrackerApp, siteHostName = itrackerapp.azurewebsites.net, deploymentStatus = Success" date="2025-04-03T09:02:05.221" /><!-- duration: 0ms -->
          <step title="Purge deployment items" date="2025-04-03T09:02:05.484" >
            <step title="Remove 7e0944d4a, Success, received at 4/3/2025 6:54:16 AM" date="2025-04-03T09:02:05.531" /><!-- duration: 0ms -->
          </step><!-- duration: 63ms -->
        </step><!-- duration: 4346ms -->
      </step><!-- duration: 5391ms -->
      <step title="Cleaning up temp files" date="2025-04-03T09:02:05.594" /><!-- duration: 0ms -->
      <step title="Skip function trigger and logicapp sync because function is not enabled." date="2025-04-03T09:02:05.609" /><!-- duration: 0ms -->
    </step><!-- duration: 10909ms -->
    <step title="LockFile &apos;C:\home\site\locks\deployments.lock&apos; released" date="2025-04-03T09:02:05.672" /><!-- duration: 0ms -->
    <step title="Deleting shutdown sentinel file" date="2025-04-03T09:02:05.687" SemaphoreCount="8" /><!-- duration: 0ms -->
  </step><!-- duration: 15077ms -->
  <step title="Outgoing response" date="2025-04-03T09:02:05.831" type="response" statusCode="200" statusText="OK" Server="Microsoft-IIS/10.0" x-ms-request-id="3fed0296-106a-11f0-b848-56d77f9ecf73" Cache-Control="private" X-AspNet-Version="4.0.30319" /><!-- duration: 13ms -->
</step><!-- duration: 16044ms -->
