<step title="Incoming Request" date="2025-04-07T08:31:44.144" instance="e8ad92" url="/api/publish?type=zip" method="POST" type="request" pid="3748,2,8" Cache-Control="no-cache" Content-Length="29752995" Content-Type="application/octet-stream" Accept="*/*" Accept-Encoding="gzip, deflate" Authorization="Bas..." Host="itrackerapp.scm.azurewebsites.net" User-Agent="AZURECLI/2.70.0 (HOMEBREW)" x-ms-client-request-id="b4771f84-138a-11f0-a167-56d77f9ecf73" X-ARR-LOG-ID="b4771f84-138a-11f0-a167-56d77f9ecf73" CLIENT-IP="58.84.61.149:31189" X-SITE-DEPLOYMENT-ID="iTrackerApp" WAS-DEFAULT-HOSTNAME="itrackerapp.scm.azurewebsites.net" X-Forwarded-Proto="https" X-AppService-Proto="https" X-Forwarded-TlsVersion="1.3" X-WAWS-Unencoded-URL="/api/publish?type=zip" >
  <step title="OneDeploy" date="2025-04-07T08:31:44.941" >
    <step title="Starting PushDeployAsync" date="2025-04-07T08:31:45.053" /><!-- duration: 13ms -->
    <step title="Updating shutdown sentinel last write time" date="2025-04-07T08:31:45.302" SemaphoreCount="7" /><!-- duration: 0ms -->
    <step title="LockFile &apos;C:\home\site\locks\deployments.lock&apos; acquired" date="2025-04-07T08:31:45.316" /><!-- duration: 16ms -->
    <step title="Saving request content to C:\local\Temp\zipdeploy\anb5qlbx.zip" date="2025-04-07T08:31:45.350" >
      <step title="Total 29,752,995 bytes written to C:\local\Temp\zipdeploy\anb5qlbx.zip" date="2025-04-07T08:31:53.076" /><!-- duration: 17ms -->
    </step><!-- duration: 7742ms -->
    <step title="LockFile &apos;C:\home\site\locks\deployments.lock&apos; released" date="2025-04-07T08:31:53.093" /><!-- duration: 15ms -->
    <step title="Deleting shutdown sentinel file" date="2025-04-07T08:31:53.108" SemaphoreCount="8" /><!-- duration: 0ms -->
    <step title="Starting FetchDeploy" date="2025-04-07T08:31:53.123" /><!-- duration: 18ms -->
    <step title="Attempting to fetch target branch HEAD" date="2025-04-07T08:31:53.154" /><!-- duration: 0ms -->
    <step title="Updating shutdown sentinel last write time" date="2025-04-07T08:31:53.170" SemaphoreCount="7" /><!-- duration: 0ms -->
    <step title="LockFile &apos;C:\home\site\locks\deployments.lock&apos; acquired" date="2025-04-07T08:31:53.186" /><!-- duration: 0ms -->
    <step title="Performing fetch based deployment" date="2025-04-07T08:31:53.218" >
      <step title="Creating temporary deployment" date="2025-04-07T08:31:53.218" /><!-- duration: 61ms -->
      <step title="Fetching changes." date="2025-04-07T08:31:53.486" /><!-- duration: 0ms -->
      <step title="Starting LocalZipHandler" date="2025-04-07T08:31:53.514" /><!-- duration: 0ms -->
      <step title="Starting LocalZipFetch" date="2025-04-07T08:31:53.533" /><!-- duration: 0ms -->
      <step title="Cleaning up temp folders from previous zip deployments and extracting pushed zip file C:\local\Temp\zipdeploy\anb5qlbx.zip (28.37 MB) to C:\local\Temp\zipdeploy\extracted" date="2025-04-07T08:31:53.545" /><!-- duration: 0ms -->
      <step title="Cleaning up temp folders from previous zip deployments and extracting pushed zip file C:\local\Temp\zipdeploy\anb5qlbx.zip (28.37 MB) to C:\local\Temp\zipdeploy\extracted" date="2025-04-07T08:31:53.545" >
        <step title="Renaming extractTargetDirectory(C:\local\Temp\zipdeploy\extracted) to tempDirectory(C:\local\Temp\zipdeploy\ql4xv0fa.4rf)" date="2025-04-07T08:31:53.561" /><!-- duration: 0ms -->
        <step title="Extracting 512 entries to C:\local\Temp\zipdeploy\extracted directory" date="2025-04-07T08:31:53.812" >
          <step title="Extracting to C:\local\Temp\zipdeploy\extracted\Infrastructure.dll ..." date="2025-04-07T08:31:53.812" /><!-- duration: 30ms -->
          <step title="Extracting to C:\local\Temp\zipdeploy\extracted\Azure.Storage.Common.dll ..." date="2025-04-07T08:31:53.842" /><!-- duration: 68ms -->
          <step title="Extracting to C:\local\Temp\zipdeploy\extracted\zh-Hans\Microsoft.CodeAnalysis.resources.dll ..." date="2025-04-07T08:31:53.909" /><!-- duration: 11ms -->
          <step title="Extracting to C:\local\Temp\zipdeploy\extracted\zh-Hans\Microsoft.CodeAnalysis.CSharp.Workspaces.resources.dll ..." date="2025-04-07T08:31:54.331" /><!-- duration: 30ms -->
          <step title="Extracting to C:\local\Temp\zipdeploy\extracted\zh-Hans\Microsoft.CodeAnalysis.CSharp.resources.dll ..." date="2025-04-07T08:31:54.373" /><!-- duration: 18ms -->
          <step title="Omitting extracting file traces ..." date="2025-04-07T08:31:54.391" /><!-- duration: 13ms -->
        </step><!-- duration: 6424ms -->
      </step><!-- duration: 6703ms -->
      <step title="None repository commit" date="2025-04-07T08:32:00.248" >
        <step title="Commit id: 69a0e0e4e5f7412f85d834c3bf0d4a60" date="2025-04-07T08:32:00.264" Message="OneDeploy" AuthorName="N/A" AuthorEmail="N/A" /><!-- duration: 0ms -->
      </step><!-- duration: 16ms -->
      <step title="Before sending BuildRequestReceived status to /api/updatedeploystatus" date="2025-04-07T08:32:00.264" /><!-- duration: 0ms -->
      <step title="DeploymentManager.Deploy(id:69a0e0e4e5f7412f85d834c3bf0d4a60)" date="2025-04-07T08:32:00.279" >
        <step title="Collecting changeset information" date="2025-04-07T08:32:00.295" /><!-- duration: 47ms -->
        <step title="Updating submodules" date="2025-04-07T08:32:00.358" >
          <step title="Updating submodules." date="2025-04-07T08:32:00.438" /><!-- duration: 0ms -->
        </step><!-- duration: 94ms -->
        <step title="Preparing deployment for commit id &apos;69a0e0e4e5&apos;." date="2025-04-07T08:32:00.515" /><!-- duration: 14ms -->
        <step title="Determining deployment builder" date="2025-04-07T08:32:00.576" >
          <step title="Builder is OneDeployBuilder" date="2025-04-07T08:32:00.592" /><!-- duration: 19ms -->
        </step><!-- duration: 47ms -->
        <step title="Copying SSH keys" date="2025-04-07T08:32:00.654" /><!-- duration: 0ms -->
        <step title="Building" date="2025-04-07T08:32:00.654" >
          <step title="Running build. Project type: OneDeploy" date="2025-04-07T08:32:00.701" /><!-- duration: 0ms -->
          <step title="Copying the manifest" date="2025-04-07T08:32:00.764" /><!-- duration: 15ms -->
          <step title="Clean deploying to C:\home\site\wwwroot" date="2025-04-07T08:32:00.842" /><!-- duration: 16ms -->
          <step title="Generating deployment script." date="2025-04-07T08:32:00.936" /><!-- duration: 0ms -->
          <step title="Generating deployment script" date="2025-04-07T08:32:00.954" >
            <step title="Using cached version of the deployment script for command: -y --no-dot-deployment -r &quot;C:\local\Temp\zipdeploy\extracted&quot; -o &quot;C:\home\site\deployments\tools&quot; --basic --sitePath &quot;C:\local\Temp\zipdeploy\extracted&quot;" date="2025-04-07T08:32:01.061" /><!-- duration: 0ms -->
            <step title="Using cached version of deployment script (command: &apos;azure -y --no-dot-deployment -r &quot;C:\local\Temp\zipdeploy\extracted&quot; -o &quot;C:\home\site\deployments\tools&quot; --basic --sitePath &quot;C:\local\Temp\zipdeploy\extracted&quot;&apos;)." date="2025-04-07T08:32:01.076" /><!-- duration: 0ms -->
          </step><!-- duration: 138ms -->
          <step title="Running deployment command..." date="2025-04-07T08:32:01.217" /><!-- duration: 0ms -->
          <step title="Command: &quot;C:\home\site\deployments\tools\deploy.cmd&quot;" date="2025-04-07T08:32:01.282" /><!-- duration: 0ms -->
          <step title="Executing external process" date="2025-04-07T08:32:01.360" type="process" path="starter.cmd" arguments="&quot;C:\home\site\deployments\tools\deploy.cmd&quot;" >
            <step title="Handling Basic Web Site deployment." date="2025-04-07T08:32:02.001" /><!-- duration: 0ms -->
            <step title="Creating app_offline.htm" date="2025-04-07T08:32:03.234" /><!-- duration: 14ms -->
            <step title="KuduSync.NET from: &apos;C:\local\Temp\zipdeploy\extracted&apos; to: &apos;C:\home\site\wwwroot&apos;" date="2025-04-07T08:32:03.264" /><!-- duration: 0ms -->
            <step title="Copying file: &apos;app.db&apos;" date="2025-04-07T08:32:03.296" /><!-- duration: 15ms -->
            <step title="Copying file: &apos;Application.Abstractions.dll&apos;" date="2025-04-07T08:32:03.330" /><!-- duration: 0ms -->
            <step title="Copying file: &apos;Application.Abstractions.pdb&apos;" date="2025-04-07T08:32:03.359" /><!-- duration: 0ms -->
            <step title="Copying file: &apos;Application.Common.dll&apos;" date="2025-04-07T08:32:03.378" /><!-- duration: 11ms -->
            <step title="Copying file: &apos;Application.Common.pdb&apos;" date="2025-04-07T08:32:03.406" /><!-- duration: 0ms -->
            <step title="Copying file: &apos;Application.dll&apos;" date="2025-04-07T08:32:03.436" /><!-- duration: 0ms -->
            <step title="Copying file: &apos;Application.pdb&apos;" date="2025-04-07T08:32:03.454" /><!-- duration: 13ms -->
            <step title="Copying file: &apos;Domain.dll&apos;" date="2025-04-07T08:32:03.467" /><!-- duration: 16ms -->
            <step title="Copying file: &apos;Domain.pdb&apos;" date="2025-04-07T08:32:03.483" /><!-- duration: 0ms -->
            <step title="Copying file: &apos;Infrastructure.dll&apos;" date="2025-04-07T08:32:03.498" /><!-- duration: 0ms -->
            <step title="Copying file: &apos;Infrastructure.pdb&apos;" date="2025-04-07T08:32:03.516" /><!-- duration: 0ms -->
            <step title="Copying file: &apos;WebApp&apos;" date="2025-04-07T08:32:03.530" /><!-- duration: 0ms -->
            <step title="Copying file: &apos;WebApp.dll&apos;" date="2025-04-07T08:32:03.530" /><!-- duration: 16ms -->
            <step title="Copying file: &apos;WebApp.pdb&apos;" date="2025-04-07T08:32:03.545" /><!-- duration: 0ms -->
            <step title="Copying file: &apos;App_Data\settings.json&apos;" date="2025-04-07T08:32:03.561" /><!-- duration: 0ms -->
            <step title="Deleting app_offline.htm" date="2025-04-07T08:32:03.576" /><!-- duration: 0ms -->
            <step title="Finished successfully." date="2025-04-07T08:32:03.592" /><!-- duration: 0ms -->
          </step><!-- duration: 2232ms -->
          <step title="Build completed succesfully." date="2025-04-07T08:32:03.639" /><!-- duration: 0ms -->
          <step title="Running post deployment command(s)..." date="2025-04-07T08:32:03.717" /><!-- duration: 0ms -->
          <step title="Requesting site restart" date="2025-04-07T08:32:03.826" /><!-- duration: 0ms -->
          <step title="Requesting site restart" date="2025-04-07T08:32:03.842" /><!-- duration: 0ms -->
          <step title="Requesting site restart. Attempt #1" date="2025-04-07T08:32:03.921" /><!-- duration: 0ms -->
          <step title="Requesting site restart. Attempt #1" date="2025-04-07T08:32:03.936" /><!-- duration: 0ms -->
          <step title="Successfully requested a restart. Attempt #1" date="2025-04-07T08:32:04.514" /><!-- duration: 0ms -->
          <step title="Successfully requested a restart. Attempt #1" date="2025-04-07T08:32:04.531" /><!-- duration: 0ms -->
          <step title="Deployment successful. DEPLOYMENTINFO: deploymentPath = OneDeploy, deployer = OneDeploy, os = windows, sku = Basic, siteName = iTrackerApp, siteHostName = itrackerapp.azurewebsites.net, deploymentStatus = Success" date="2025-04-07T08:32:04.576" /><!-- duration: 0ms -->
          <step title="Purge deployment items" date="2025-04-07T08:32:04.858" >
            <step title="Remove 3cc5bb120, Success, received at 4/3/2025 4:25:37 PM" date="2025-04-07T08:32:05.108" /><!-- duration: 0ms -->
          </step><!-- duration: 250ms -->
        </step><!-- duration: 4469ms -->
      </step><!-- duration: 4859ms -->
      <step title="Cleaning up temp files" date="2025-04-07T08:32:05.139" /><!-- duration: 16ms -->
      <step title="Skip function trigger and logicapp sync because function is not enabled." date="2025-04-07T08:32:05.173" /><!-- duration: 12ms -->
    </step><!-- duration: 12015ms -->
    <step title="LockFile &apos;C:\home\site\locks\deployments.lock&apos; released" date="2025-04-07T08:32:05.249" /><!-- duration: 0ms -->
    <step title="Deleting shutdown sentinel file" date="2025-04-07T08:32:05.269" SemaphoreCount="8" /><!-- duration: 11ms -->
  </step><!-- duration: 20339ms -->
  <step title="Outgoing response" date="2025-04-07T08:32:05.405" type="response" statusCode="200" statusText="OK" Server="Microsoft-IIS/10.0" x-ms-request-id="b4771f84-138a-11f0-a167-56d77f9ecf73" Cache-Control="private" X-AspNet-Version="4.0.30319" /><!-- duration: 0ms -->
</step><!-- duration: 21261ms -->
