﻿<?xml version="1.0" encoding="utf-8"?>
<deployment>
  <id>015a1783dbec48ec9816c72872b782fc</id>
  <author>N/A</author>
  <deployer>OneDeploy</deployer>
  <authorEmail>N/A</authorEmail>
  <message>OneDeploy</message>
  <progress></progress>
  <status>Success</status>
  <statusText></statusText>
  <lastSuccessEndTime>2025-04-07T14:24:33.4776169Z</lastSuccessEndTime>
  <receivedTime>2025-04-07T14:24:26.8322286Z</receivedTime>
  <startTime>2025-04-07T14:24:27.0666134Z</startTime>
  <endTime>2025-04-07T14:24:33.4776169Z</endTime>
  <complete>True</complete>
  <is_temp>False</is_temp>
  <is_readonly>True</is_readonly>
  <project_type>OneDeploy</project_type>
  <vsproject_id></vsproject_id>
</deployment>