﻿<?xml version="1.0" encoding="utf-8"?>
<deployment>
  <id>43b73a8629eb46c68506a6281f2a1e4a</id>
  <author>N/A</author>
  <deployer>OneDeploy</deployer>
  <authorEmail>N/A</authorEmail>
  <message>OneDeploy</message>
  <progress></progress>
  <status>Success</status>
  <statusText></statusText>
  <lastSuccessEndTime>2025-04-07T14:16:45.1915119Z</lastSuccessEndTime>
  <receivedTime>2025-04-07T14:16:38.0799901Z</receivedTime>
  <startTime>2025-04-07T14:16:38.3483895Z</startTime>
  <endTime>2025-04-07T14:16:45.1915119Z</endTime>
  <complete>True</complete>
  <is_temp>False</is_temp>
  <is_readonly>True</is_readonly>
  <project_type>OneDeploy</project_type>
  <vsproject_id></vsproject_id>
</deployment>