{"TimeStamp":"2025-04-08T04:47:28Z","SiteName":"iTrackerApp","RequestId":"7643d16c-1434-11f0-80f5-56d77f9ecf73","Kind":"OneDeploy","Status":"Success","Details":"{\"Id\":\"1541190cbf644a9eaf122c2e99b53ed2\",\"Status\":4,\"StatusText\":\"\",\"AuthorEmail\":\"N/A\",\"Author\":\"N/A\",\"Message\":\"OneDeploy\",\"Progress\":\"\",\"Deployer\":\"OneDeploy\",\"ReceivedTime\":\"2025-04-08T04:47:23.7870292Z\",\"StartTime\":\"2025-04-08T04:47:24.0854943Z\",\"EndTime\":\"2025-04-08T04:47:28.4433913Z\",\"LastSuccessEndTime\":\"2025-04-08T04:47:28.4433913Z\",\"Complete\":true,\"IsTemporary\":false,\"IsReadOnly\":true,\"SiteName\":\"iTrackerApp\",\"HostName\":\"itrackerapp.scm.azurewebsites.net\",\"ProjectType\":\"OneDeploy\",\"VsProjectId\":null}"}