﻿<?xml version="1.0" encoding="utf-8"?>
<deployment>
  <id>e2d495ae1e5542a69b545cba209fc30e</id>
  <author>N/A</author>
  <deployer>OneDeploy</deployer>
  <authorEmail>N/A</authorEmail>
  <message>OneDeploy</message>
  <progress></progress>
  <status>Success</status>
  <statusText></statusText>
  <lastSuccessEndTime>2025-04-07T14:08:02.3981384Z</lastSuccessEndTime>
  <receivedTime>2025-04-07T14:07:53.6583799Z</receivedTime>
  <startTime>2025-04-07T14:07:54.1782625Z</startTime>
  <endTime>2025-04-07T14:08:02.3981384Z</endTime>
  <complete>True</complete>
  <is_temp>False</is_temp>
  <is_readonly>True</is_readonly>
  <project_type>OneDeploy</project_type>
  <vsproject_id></vsproject_id>
</deployment>