﻿<?xml version="1.0" encoding="utf-8"?>
<deployment>
  <id>8591edfa375446b681966f97139146b7</id>
  <author>N/A</author>
  <deployer>OneDeploy</deployer>
  <authorEmail>N/A</authorEmail>
  <message>OneDeploy</message>
  <progress></progress>
  <status>Success</status>
  <statusText></statusText>
  <lastSuccessEndTime>2025-04-07T14:00:03.6005886Z</lastSuccessEndTime>
  <receivedTime>2025-04-07T13:59:57.5463935Z</receivedTime>
  <startTime>2025-04-07T13:59:57.7834231Z</startTime>
  <endTime>2025-04-07T14:00:03.6005886Z</endTime>
  <complete>True</complete>
  <is_temp>False</is_temp>
  <is_readonly>True</is_readonly>
  <project_type>OneDeploy</project_type>
  <vsproject_id></vsproject_id>
</deployment>