﻿<?xml version="1.0" encoding="utf-8"?>
<deployment>
  <id>0626dbf528e84a69a4142f58a5fc1a2e</id>
  <author>N/A</author>
  <deployer>OneDeploy</deployer>
  <authorEmail>N/A</authorEmail>
  <message>OneDeploy</message>
  <progress></progress>
  <status>Success</status>
  <statusText></statusText>
  <lastSuccessEndTime>2025-04-07T14:52:50.3936389Z</lastSuccessEndTime>
  <receivedTime>2025-04-07T14:52:27.8816474Z</receivedTime>
  <startTime>2025-04-07T14:52:28.13269Z</startTime>
  <endTime>2025-04-07T14:52:50.3936389Z</endTime>
  <complete>True</complete>
  <is_temp>False</is_temp>
  <is_readonly>True</is_readonly>
  <project_type>OneDeploy</project_type>
  <vsproject_id></vsproject_id>
</deployment>