﻿<?xml version="1.0" encoding="utf-8"?>
<deployment>
  <id>e9c43be68f774346b8ad7113b0c18be3</id>
  <author>N/A</author>
  <deployer>OneDeploy</deployer>
  <authorEmail>N/A</authorEmail>
  <message>OneDeploy</message>
  <progress></progress>
  <status>Success</status>
  <statusText></statusText>
  <lastSuccessEndTime>2025-04-07T14:20:14.4567499Z</lastSuccessEndTime>
  <receivedTime>2025-04-07T14:20:07.0974511Z</receivedTime>
  <startTime>2025-04-07T14:20:07.347317Z</startTime>
  <endTime>2025-04-07T14:20:14.4567499Z</endTime>
  <complete>True</complete>
  <is_temp>False</is_temp>
  <is_readonly>True</is_readonly>
  <project_type>OneDeploy</project_type>
  <vsproject_id></vsproject_id>
</deployment>