﻿<?xml version="1.0" encoding="utf-8"?>
<deployment>
  <id>2bf215d972d04ede9495898427a8906c</id>
  <author>N/A</author>
  <deployer>OneDeploy</deployer>
  <authorEmail>N/A</authorEmail>
  <message>OneDeploy</message>
  <progress></progress>
  <status>Success</status>
  <statusText></statusText>
  <lastSuccessEndTime>2025-04-07T14:39:53.4243366Z</lastSuccessEndTime>
  <receivedTime>2025-04-07T14:39:40.1585546Z</receivedTime>
  <startTime>2025-04-07T14:39:41.1272051Z</startTime>
  <endTime>2025-04-07T14:39:53.4243366Z</endTime>
  <complete>True</complete>
  <is_temp>False</is_temp>
  <is_readonly>True</is_readonly>
  <project_type>OneDeploy</project_type>
  <vsproject_id></vsproject_id>
</deployment>