﻿<?xml version="1.0" encoding="utf-8"?>
<deployment>
  <id>ba471e65c3e7481d8b2311571757b598</id>
  <author>N/A</author>
  <deployer>OneDeploy</deployer>
  <authorEmail>N/A</authorEmail>
  <message>OneDeploy</message>
  <progress></progress>
  <status>Success</status>
  <statusText></statusText>
  <lastSuccessEndTime>2025-04-07T14:30:22.5778632Z</lastSuccessEndTime>
  <receivedTime>2025-04-07T14:30:15.3514185Z</receivedTime>
  <startTime>2025-04-07T14:30:15.7420511Z</startTime>
  <endTime>2025-04-07T14:30:22.5778632Z</endTime>
  <complete>True</complete>
  <is_temp>False</is_temp>
  <is_readonly>True</is_readonly>
  <project_type>OneDeploy</project_type>
  <vsproject_id></vsproject_id>
</deployment>