﻿<?xml version="1.0" encoding="utf-8"?>
<deployment>
  <id>1541190cbf644a9eaf122c2e99b53ed2</id>
  <author>N/A</author>
  <deployer>OneDeploy</deployer>
  <authorEmail>N/A</authorEmail>
  <message>OneDeploy</message>
  <progress></progress>
  <status>Success</status>
  <statusText></statusText>
  <lastSuccessEndTime>2025-04-08T04:47:28.4433913Z</lastSuccessEndTime>
  <receivedTime>2025-04-08T04:47:23.7870292Z</receivedTime>
  <startTime>2025-04-08T04:47:24.0854943Z</startTime>
  <endTime>2025-04-08T04:47:28.4433913Z</endTime>
  <complete>True</complete>
  <is_temp>False</is_temp>
  <is_readonly>True</is_readonly>
  <project_type>OneDeploy</project_type>
  <vsproject_id></vsproject_id>
</deployment>