﻿<?xml version="1.0" encoding="utf-8"?>
<deployment>
  <id>f7712f9ffe68466190bf538497408031</id>
  <author>N/A</author>
  <deployer>OneDeploy</deployer>
  <authorEmail>N/A</authorEmail>
  <message>OneDeploy</message>
  <progress></progress>
  <status>Success</status>
  <statusText></statusText>
  <lastSuccessEndTime>2025-04-08T04:38:00.4280872Z</lastSuccessEndTime>
  <receivedTime>2025-04-08T04:37:48.8444175Z</receivedTime>
  <startTime>2025-04-08T04:37:49.1256777Z</startTime>
  <endTime>2025-04-08T04:38:00.4280872Z</endTime>
  <complete>True</complete>
  <is_temp>False</is_temp>
  <is_readonly>True</is_readonly>
  <project_type>OneDeploy</project_type>
  <vsproject_id></vsproject_id>
</deployment>